timestamp,commit,suite,rom,status,ciclos
2026-07-25T19:26:37Z,cf7a80a,"blargg/cpu_instrs","blargg/cpu_instrs/cpu_instrs.gb",skip,0
2026-07-25T19:26:37Z,cf7a80a,"blargg/cpu_instrs","blargg/cpu_instrs/individual/01-special.gb",skip,0
2026-07-25T19:26:37Z,cf7a80a,"blargg/cpu_instrs","blargg/cpu_instrs/individual/02-interrupts.gb",skip,0
2026-07-25T19:26:37Z,cf7a80a,"blargg/cpu_instrs","blargg/cpu_instrs/individual/03-op sp,hl.gb",skip,0
2026-07-25T19:26:37Z,cf7a80a,"blargg/cpu_instrs","blargg/cpu_instrs/individual/04-op r,imm.gb",skip,0
2026-07-25T19:26:37Z,cf7a80a,"blargg/cpu_instrs","blargg/cpu_instrs/individual/05-op rp.gb",skip,0
2026-07-25T19:26:37Z,cf7a80a,"blargg/cpu_instrs","blargg/cpu_instrs/individual/06-ld r,r.gb",skip,0
2026-07-25T19:26:37Z,cf7a80a,"blargg/cpu_instrs","blargg/cpu_instrs/individual/07-jr,jp,call,ret,rst.gb",skip,0
2026-07-25T19:26:37Z,cf7a80a,"blargg/cpu_instrs","blargg/cpu_instrs/individual/08-misc instrs.gb",skip,0
2026-07-25T19:26:37Z,cf7a80a,"blargg/cpu_instrs","blargg/cpu_instrs/individual/09-op r,r.gb",skip,0
2026-07-25T19:26:37Z,cf7a80a,"blargg/cpu_instrs","blargg/cpu_instrs/individual/10-bit ops.gb",skip,0
2026-07-25T19:26:37Z,cf7a80a,"blargg/cpu_instrs","blargg/cpu_instrs/individual/11-op a,(hl).gb",skip,0
2026-07-25T19:26:37Z,cf7a80a,"blargg/dmg_sound","blargg/dmg_sound/dmg_sound.gb",skip,0
2026-07-25T19:26:37Z,cf7a80a,"blargg/dmg_sound","blargg/dmg_sound/rom_singles/01-registers.gb",skip,0
2026-07-25T19:26:37Z,cf7a80a,"blargg/dmg_sound","blargg/dmg_sound/rom_singles/02-len ctr.gb",skip,0
2026-07-25T19:26:37Z,cf7a80a,"blargg/dmg_sound","blargg/dmg_sound/rom_singles/03-trigger.gb",skip,0
2026-07-25T19:26:37Z,cf7a80a,"blargg/dmg_sound","blargg/dmg_sound/rom_singles/04-sweep.gb",skip,0
2026-07-25T19:26:37Z,cf7a80a,"blargg/dmg_sound","blargg/dmg_sound/rom_singles/05-sweep details.gb",skip,0
2026-07-25T19:26:37Z,cf7a80a,"blargg/dmg_sound","blargg/dmg_sound/rom_singles/06-overflow on trigger.gb",skip,0
2026-07-25T19:26:37Z,cf7a80a,"blargg/dmg_sound","blargg/dmg_sound/rom_singles/07-len sweep period sync.gb",skip,0
2026-07-25T19:26:37Z,cf7a80a,"blargg/dmg_sound","blargg/dmg_sound/rom_singles/08-len ctr during power.gb",skip,0
2026-07-25T19:26:37Z,cf7a80a,"blargg/dmg_sound","blargg/dmg_sound/rom_singles/09-wave read while on.gb",skip,0
2026-07-25T19:26:37Z,cf7a80a,"blargg/dmg_sound","blargg/dmg_sound/rom_singles/10-wave trigger while on.gb",skip,0
2026-07-25T19:26:37Z,cf7a80a,"blargg/dmg_sound","blargg/dmg_sound/rom_singles/11-regs after power.gb",skip,0
2026-07-25T19:26:37Z,cf7a80a,"blargg/dmg_sound","blargg/dmg_sound/rom_singles/12-wave write while on.gb",skip,0
2026-07-25T19:26:37Z,cf7a80a,"blargg/halt_bug","blargg/halt_bug.gb",skip,0
2026-07-25T19:26:37Z,cf7a80a,"blargg/instr_timing","blargg/instr_timing/instr_timing.gb",skip,0
2026-07-25T19:26:37Z,cf7a80a,"blargg/interrupt_time","blargg/interrupt_time/interrupt_time.gb",skip,0
2026-07-25T19:26:37Z,cf7a80a,"blargg/mem_timing-2","blargg/mem_timing-2/mem_timing.gb",skip,0
2026-07-25T19:26:37Z,cf7a80a,"blargg/mem_timing-2","blargg/mem_timing-2/rom_singles/01-read_timing.gb",skip,0
2026-07-25T19:26:37Z,cf7a80a,"blargg/mem_timing-2","blargg/mem_timing-2/rom_singles/02-write_timing.gb",skip,0
2026-07-25T19:26:37Z,cf7a80a,"blargg/mem_timing-2","blargg/mem_timing-2/rom_singles/03-modify_timing.gb",skip,0
2026-07-25T19:26:37Z,cf7a80a,"blargg/mem_timing","blargg/mem_timing/individual/01-read_timing.gb",skip,0
2026-07-25T19:26:37Z,cf7a80a,"blargg/mem_timing","blargg/mem_timing/individual/02-write_timing.gb",skip,0
2026-07-25T19:26:37Z,cf7a80a,"blargg/mem_timing","blargg/mem_timing/individual/03-modify_timing.gb",skip,0
2026-07-25T19:26:37Z,cf7a80a,"blargg/mem_timing","blargg/mem_timing/mem_timing.gb",skip,0
2026-07-25T19:26:37Z,cf7a80a,"blargg/oam_bug","blargg/oam_bug/oam_bug.gb",skip,0
2026-07-25T19:26:37Z,cf7a80a,"blargg/oam_bug","blargg/oam_bug/rom_singles/1-lcd_sync.gb",skip,0
2026-07-25T19:26:37Z,cf7a80a,"blargg/oam_bug","blargg/oam_bug/rom_singles/2-causes.gb",skip,0
2026-07-25T19:26:37Z,cf7a80a,"blargg/oam_bug","blargg/oam_bug/rom_singles/3-non_causes.gb",skip,0
2026-07-25T19:26:37Z,cf7a80a,"blargg/oam_bug","blargg/oam_bug/rom_singles/4-scanline_timing.gb",skip,0
2026-07-25T19:26:37Z,cf7a80a,"blargg/oam_bug","blargg/oam_bug/rom_singles/5-timing_bug.gb",skip,0
2026-07-25T19:26:37Z,cf7a80a,"blargg/oam_bug","blargg/oam_bug/rom_singles/6-timing_no_bug.gb",skip,0
2026-07-25T19:26:37Z,cf7a80a,"blargg/oam_bug","blargg/oam_bug/rom_singles/7-timing_effect.gb",skip,0
2026-07-25T19:26:37Z,cf7a80a,"blargg/oam_bug","blargg/oam_bug/rom_singles/8-instr_effect.gb",skip,0
2026-07-25T19:26:37Z,cf7a80a,"dmg-acid2","dmg-acid2/dmg-acid2.gb",skip,0
2026-07-25T19:26:37Z,cf7a80a,"mooneye/acceptance","mooneye/acceptance/add_sp_e_timing.gb",skip,0
2026-07-25T19:26:37Z,cf7a80a,"mooneye/acceptance","mooneye/acceptance/bits/mem_oam.gb",skip,0
2026-07-25T19:26:37Z,cf7a80a,"mooneye/acceptance","mooneye/acceptance/bits/reg_f.gb",skip,0
2026-07-25T19:26:37Z,cf7a80a,"mooneye/acceptance","mooneye/acceptance/bits/unused_hwio-GS.gb",skip,0
2026-07-25T19:26:37Z,cf7a80a,"mooneye/acceptance-nondmg","mooneye/acceptance/boot_div2-S.gb",skip,0
2026-07-25T19:26:37Z,cf7a80a,"mooneye/acceptance-nondmg","mooneye/acceptance/boot_div-dmg0.gb",skip,0
2026-07-25T19:26:37Z,cf7a80a,"mooneye/acceptance","mooneye/acceptance/boot_div-dmgABCmgb.gb",skip,0
2026-07-25T19:26:37Z,cf7a80a,"mooneye/acceptance-nondmg","mooneye/acceptance/boot_div-S.gb",skip,0
2026-07-25T19:26:37Z,cf7a80a,"mooneye/acceptance-nondmg","mooneye/acceptance/boot_hwio-dmg0.gb",skip,0
2026-07-25T19:26:37Z,cf7a80a,"mooneye/acceptance","mooneye/acceptance/boot_hwio-dmgABCmgb.gb",skip,0
2026-07-25T19:26:37Z,cf7a80a,"mooneye/acceptance-nondmg","mooneye/acceptance/boot_hwio-S.gb",skip,0
2026-07-25T19:26:37Z,cf7a80a,"mooneye/acceptance-nondmg","mooneye/acceptance/boot_regs-dmg0.gb",skip,0
2026-07-25T19:26:37Z,cf7a80a,"mooneye/acceptance","mooneye/acceptance/boot_regs-dmgABC.gb",skip,0
2026-07-25T19:26:37Z,cf7a80a,"mooneye/acceptance-nondmg","mooneye/acceptance/boot_regs-mgb.gb",skip,0
2026-07-25T19:26:37Z,cf7a80a,"mooneye/acceptance-nondmg","mooneye/acceptance/boot_regs-sgb2.gb",skip,0
2026-07-25T19:26:37Z,cf7a80a,"mooneye/acceptance-nondmg","mooneye/acceptance/boot_regs-sgb.gb",skip,0
2026-07-25T19:26:37Z,cf7a80a,"mooneye/acceptance","mooneye/acceptance/call_cc_timing2.gb",skip,0
2026-07-25T19:26:37Z,cf7a80a,"mooneye/acceptance","mooneye/acceptance/call_cc_timing.gb",skip,0
2026-07-25T19:26:37Z,cf7a80a,"mooneye/acceptance","mooneye/acceptance/call_timing2.gb",skip,0
2026-07-25T19:26:37Z,cf7a80a,"mooneye/acceptance","mooneye/acceptance/call_timing.gb",skip,0
2026-07-25T19:26:37Z,cf7a80a,"mooneye/acceptance","mooneye/acceptance/di_timing-GS.gb",skip,0
2026-07-25T19:26:37Z,cf7a80a,"mooneye/acceptance","mooneye/acceptance/div_timing.gb",skip,0
2026-07-25T19:26:37Z,cf7a80a,"mooneye/acceptance","mooneye/acceptance/ei_sequence.gb",skip,0
2026-07-25T19:26:37Z,cf7a80a,"mooneye/acceptance","mooneye/acceptance/ei_timing.gb",skip,0
2026-07-25T19:26:37Z,cf7a80a,"mooneye/acceptance","mooneye/acceptance/halt_ime0_ei.gb",skip,0
2026-07-25T19:26:37Z,cf7a80a,"mooneye/acceptance","mooneye/acceptance/halt_ime0_nointr_timing.gb",skip,0
2026-07-25T19:26:37Z,cf7a80a,"mooneye/acceptance","mooneye/acceptance/halt_ime1_timing2-GS.gb",skip,0
2026-07-25T19:26:37Z,cf7a80a,"mooneye/acceptance","mooneye/acceptance/halt_ime1_timing.gb",skip,0
2026-07-25T19:26:37Z,cf7a80a,"mooneye/acceptance","mooneye/acceptance/if_ie_registers.gb",skip,0
2026-07-25T19:26:37Z,cf7a80a,"mooneye/acceptance","mooneye/acceptance/instr/daa.gb",skip,0
2026-07-25T19:26:37Z,cf7a80a,"mooneye/acceptance","mooneye/acceptance/interrupts/ie_push.gb",skip,0
2026-07-25T19:26:37Z,cf7a80a,"mooneye/acceptance","mooneye/acceptance/intr_timing.gb",skip,0
2026-07-25T19:26:37Z,cf7a80a,"mooneye/acceptance","mooneye/acceptance/jp_cc_timing.gb",skip,0
2026-07-25T19:26:37Z,cf7a80a,"mooneye/acceptance","mooneye/acceptance/jp_timing.gb",skip,0
2026-07-25T19:26:37Z,cf7a80a,"mooneye/acceptance","mooneye/acceptance/ld_hl_sp_e_timing.gb",skip,0
2026-07-25T19:26:37Z,cf7a80a,"mooneye/acceptance","mooneye/acceptance/oam_dma/basic.gb",skip,0
2026-07-25T19:26:37Z,cf7a80a,"mooneye/acceptance","mooneye/acceptance/oam_dma/reg_read.gb",skip,0
2026-07-25T19:26:37Z,cf7a80a,"mooneye/acceptance","mooneye/acceptance/oam_dma_restart.gb",skip,0
2026-07-25T19:26:37Z,cf7a80a,"mooneye/acceptance","mooneye/acceptance/oam_dma/sources-GS.gb",skip,0
2026-07-25T19:26:37Z,cf7a80a,"mooneye/acceptance","mooneye/acceptance/oam_dma_start.gb",skip,0
2026-07-25T19:26:37Z,cf7a80a,"mooneye/acceptance","mooneye/acceptance/oam_dma_timing.gb",skip,0
2026-07-25T19:26:37Z,cf7a80a,"mooneye/acceptance","mooneye/acceptance/pop_timing.gb",skip,0
2026-07-25T19:26:37Z,cf7a80a,"mooneye/acceptance","mooneye/acceptance/ppu/hblank_ly_scx_timing-GS.gb",skip,0
2026-07-25T19:26:37Z,cf7a80a,"mooneye/acceptance","mooneye/acceptance/ppu/intr_1_2_timing-GS.gb",skip,0
2026-07-25T19:26:37Z,cf7a80a,"mooneye/acceptance","mooneye/acceptance/ppu/intr_2_0_timing.gb",skip,0
2026-07-25T19:26:37Z,cf7a80a,"mooneye/acceptance","mooneye/acceptance/ppu/intr_2_mode0_timing.gb",skip,0
2026-07-25T19:26:37Z,cf7a80a,"mooneye/acceptance","mooneye/acceptance/ppu/intr_2_mode0_timing_sprites.gb",skip,0
2026-07-25T19:26:37Z,cf7a80a,"mooneye/acceptance","mooneye/acceptance/ppu/intr_2_mode3_timing.gb",skip,0
2026-07-25T19:26:37Z,cf7a80a,"mooneye/acceptance","mooneye/acceptance/ppu/intr_2_oam_ok_timing.gb",skip,0
2026-07-25T19:26:37Z,cf7a80a,"mooneye/acceptance","mooneye/acceptance/ppu/lcdon_timing-GS.gb",skip,0
2026-07-25T19:26:37Z,cf7a80a,"mooneye/acceptance","mooneye/acceptance/ppu/lcdon_write_timing-GS.gb",skip,0
2026-07-25T19:26:37Z,cf7a80a,"mooneye/acceptance","mooneye/acceptance/ppu/stat_irq_blocking.gb",skip,0
2026-07-25T19:26:37Z,cf7a80a,"mooneye/acceptance","mooneye/acceptance/ppu/stat_lyc_onoff.gb",skip,0
2026-07-25T19:26:37Z,cf7a80a,"mooneye/acceptance","mooneye/acceptance/ppu/vblank_stat_intr-GS.gb",skip,0
2026-07-25T19:26:37Z,cf7a80a,"mooneye/acceptance","mooneye/acceptance/push_timing.gb",skip,0
2026-07-25T19:26:37Z,cf7a80a,"mooneye/acceptance","mooneye/acceptance/rapid_di_ei.gb",skip,0
2026-07-25T19:26:37Z,cf7a80a,"mooneye/acceptance","mooneye/acceptance/ret_cc_timing.gb",skip,0
2026-07-25T19:26:37Z,cf7a80a,"mooneye/acceptance","mooneye/acceptance/reti_intr_timing.gb",skip,0
2026-07-25T19:26:37Z,cf7a80a,"mooneye/acceptance","mooneye/acceptance/reti_timing.gb",skip,0
2026-07-25T19:26:37Z,cf7a80a,"mooneye/acceptance","mooneye/acceptance/ret_timing.gb",skip,0
2026-07-25T19:26:37Z,cf7a80a,"mooneye/acceptance","mooneye/acceptance/rst_timing.gb",skip,0
2026-07-25T19:26:37Z,cf7a80a,"mooneye/acceptance","mooneye/acceptance/serial/boot_sclk_align-dmgABCmgb.gb",skip,0
2026-07-25T19:26:37Z,cf7a80a,"mooneye/acceptance","mooneye/acceptance/timer/div_write.gb",skip,0
2026-07-25T19:26:37Z,cf7a80a,"mooneye/acceptance","mooneye/acceptance/timer/rapid_toggle.gb",skip,0
2026-07-25T19:26:37Z,cf7a80a,"mooneye/acceptance","mooneye/acceptance/timer/tim00_div_trigger.gb",skip,0
2026-07-25T19:26:37Z,cf7a80a,"mooneye/acceptance","mooneye/acceptance/timer/tim00.gb",skip,0
2026-07-25T19:26:37Z,cf7a80a,"mooneye/acceptance","mooneye/acceptance/timer/tim01_div_trigger.gb",skip,0
2026-07-25T19:26:37Z,cf7a80a,"mooneye/acceptance","mooneye/acceptance/timer/tim01.gb",skip,0
2026-07-25T19:26:37Z,cf7a80a,"mooneye/acceptance","mooneye/acceptance/timer/tim10_div_trigger.gb",skip,0
2026-07-25T19:26:37Z,cf7a80a,"mooneye/acceptance","mooneye/acceptance/timer/tim10.gb",skip,0
2026-07-25T19:26:37Z,cf7a80a,"mooneye/acceptance","mooneye/acceptance/timer/tim11_div_trigger.gb",skip,0
2026-07-25T19:26:37Z,cf7a80a,"mooneye/acceptance","mooneye/acceptance/timer/tim11.gb",skip,0
2026-07-25T19:26:37Z,cf7a80a,"mooneye/acceptance","mooneye/acceptance/timer/tima_reload.gb",skip,0
2026-07-25T19:26:37Z,cf7a80a,"mooneye/acceptance","mooneye/acceptance/timer/tima_write_reloading.gb",skip,0
2026-07-25T19:26:37Z,cf7a80a,"mooneye/acceptance","mooneye/acceptance/timer/tma_write_reloading.gb",skip,0
2026-07-25T19:49:39Z,791333e,"blargg/cpu_instrs","blargg/cpu_instrs/cpu_instrs.gb",crash,0
2026-07-25T19:49:39Z,791333e,"blargg/cpu_instrs","blargg/cpu_instrs/individual/01-special.gb",crash,0
2026-07-25T19:49:39Z,791333e,"blargg/cpu_instrs","blargg/cpu_instrs/individual/02-interrupts.gb",crash,0
2026-07-25T19:49:39Z,791333e,"blargg/cpu_instrs","blargg/cpu_instrs/individual/03-op sp,hl.gb",crash,0
2026-07-25T19:49:39Z,791333e,"blargg/cpu_instrs","blargg/cpu_instrs/individual/04-op r,imm.gb",crash,0
2026-07-25T19:49:39Z,791333e,"blargg/cpu_instrs","blargg/cpu_instrs/individual/05-op rp.gb",crash,0
2026-07-25T19:49:39Z,791333e,"blargg/cpu_instrs","blargg/cpu_instrs/individual/06-ld r,r.gb",crash,0
2026-07-25T19:49:39Z,791333e,"blargg/cpu_instrs","blargg/cpu_instrs/individual/07-jr,jp,call,ret,rst.gb",crash,0
2026-07-25T19:49:39Z,791333e,"blargg/cpu_instrs","blargg/cpu_instrs/individual/08-misc instrs.gb",crash,0
2026-07-25T19:49:39Z,791333e,"blargg/cpu_instrs","blargg/cpu_instrs/individual/09-op r,r.gb",crash,0
2026-07-25T19:49:39Z,791333e,"blargg/cpu_instrs","blargg/cpu_instrs/individual/10-bit ops.gb",crash,0
2026-07-25T19:49:39Z,791333e,"blargg/cpu_instrs","blargg/cpu_instrs/individual/11-op a,(hl).gb",crash,0
2026-07-25T19:49:39Z,791333e,"blargg/dmg_sound","blargg/dmg_sound/dmg_sound.gb",crash,0
2026-07-25T19:49:39Z,791333e,"blargg/dmg_sound","blargg/dmg_sound/rom_singles/01-registers.gb",crash,0
2026-07-25T19:49:39Z,791333e,"blargg/dmg_sound","blargg/dmg_sound/rom_singles/02-len ctr.gb",crash,0
2026-07-25T19:49:39Z,791333e,"blargg/dmg_sound","blargg/dmg_sound/rom_singles/03-trigger.gb",crash,0
2026-07-25T19:49:39Z,791333e,"blargg/dmg_sound","blargg/dmg_sound/rom_singles/04-sweep.gb",crash,0
2026-07-25T19:49:39Z,791333e,"blargg/dmg_sound","blargg/dmg_sound/rom_singles/05-sweep details.gb",crash,0
2026-07-25T19:49:39Z,791333e,"blargg/dmg_sound","blargg/dmg_sound/rom_singles/06-overflow on trigger.gb",crash,0
2026-07-25T19:49:39Z,791333e,"blargg/dmg_sound","blargg/dmg_sound/rom_singles/07-len sweep period sync.gb",crash,0
2026-07-25T19:49:39Z,791333e,"blargg/dmg_sound","blargg/dmg_sound/rom_singles/08-len ctr during power.gb",crash,0
2026-07-25T19:49:39Z,791333e,"blargg/dmg_sound","blargg/dmg_sound/rom_singles/09-wave read while on.gb",crash,0
2026-07-25T19:49:39Z,791333e,"blargg/dmg_sound","blargg/dmg_sound/rom_singles/10-wave trigger while on.gb",crash,0
2026-07-25T19:49:39Z,791333e,"blargg/dmg_sound","blargg/dmg_sound/rom_singles/11-regs after power.gb",crash,0
2026-07-25T19:49:39Z,791333e,"blargg/dmg_sound","blargg/dmg_sound/rom_singles/12-wave write while on.gb",crash,0
2026-07-25T19:49:39Z,791333e,"blargg/halt_bug","blargg/halt_bug.gb",crash,0
2026-07-25T19:49:39Z,791333e,"blargg/instr_timing","blargg/instr_timing/instr_timing.gb",crash,0
2026-07-25T19:49:39Z,791333e,"blargg/interrupt_time","blargg/interrupt_time/interrupt_time.gb",crash,0
2026-07-25T19:49:39Z,791333e,"blargg/mem_timing-2","blargg/mem_timing-2/mem_timing.gb",crash,0
2026-07-25T19:49:39Z,791333e,"blargg/mem_timing-2","blargg/mem_timing-2/rom_singles/01-read_timing.gb",crash,0
2026-07-25T19:49:39Z,791333e,"blargg/mem_timing-2","blargg/mem_timing-2/rom_singles/02-write_timing.gb",crash,0
2026-07-25T19:49:39Z,791333e,"blargg/mem_timing-2","blargg/mem_timing-2/rom_singles/03-modify_timing.gb",crash,0
2026-07-25T19:49:39Z,791333e,"blargg/mem_timing","blargg/mem_timing/individual/01-read_timing.gb",crash,0
2026-07-25T19:49:39Z,791333e,"blargg/mem_timing","blargg/mem_timing/individual/02-write_timing.gb",crash,0
2026-07-25T19:49:39Z,791333e,"blargg/mem_timing","blargg/mem_timing/individual/03-modify_timing.gb",crash,0
2026-07-25T19:49:39Z,791333e,"blargg/mem_timing","blargg/mem_timing/mem_timing.gb",crash,0
2026-07-25T19:49:39Z,791333e,"blargg/oam_bug","blargg/oam_bug/oam_bug.gb",crash,0
2026-07-25T19:49:39Z,791333e,"blargg/oam_bug","blargg/oam_bug/rom_singles/1-lcd_sync.gb",crash,0
2026-07-25T19:49:39Z,791333e,"blargg/oam_bug","blargg/oam_bug/rom_singles/2-causes.gb",crash,0
2026-07-25T19:49:39Z,791333e,"blargg/oam_bug","blargg/oam_bug/rom_singles/3-non_causes.gb",crash,0
2026-07-25T19:49:39Z,791333e,"blargg/oam_bug","blargg/oam_bug/rom_singles/4-scanline_timing.gb",crash,0
2026-07-25T19:49:39Z,791333e,"blargg/oam_bug","blargg/oam_bug/rom_singles/5-timing_bug.gb",crash,0
2026-07-25T19:49:39Z,791333e,"blargg/oam_bug","blargg/oam_bug/rom_singles/6-timing_no_bug.gb",crash,0
2026-07-25T19:49:39Z,791333e,"blargg/oam_bug","blargg/oam_bug/rom_singles/7-timing_effect.gb",crash,0
2026-07-25T19:49:39Z,791333e,"blargg/oam_bug","blargg/oam_bug/rom_singles/8-instr_effect.gb",crash,0
2026-07-25T19:49:39Z,791333e,"dmg-acid2","dmg-acid2/dmg-acid2.gb",crash,0
2026-07-25T19:49:39Z,791333e,"mooneye/acceptance","mooneye/acceptance/add_sp_e_timing.gb",crash,0
2026-07-25T19:49:39Z,791333e,"mooneye/acceptance","mooneye/acceptance/bits/mem_oam.gb",crash,0
2026-07-25T19:49:39Z,791333e,"mooneye/acceptance","mooneye/acceptance/bits/reg_f.gb",crash,0
2026-07-25T19:49:39Z,791333e,"mooneye/acceptance","mooneye/acceptance/bits/unused_hwio-GS.gb",crash,0
2026-07-25T19:49:39Z,791333e,"mooneye/acceptance-nondmg","mooneye/acceptance/boot_div2-S.gb",crash,0
2026-07-25T19:49:39Z,791333e,"mooneye/acceptance-nondmg","mooneye/acceptance/boot_div-dmg0.gb",crash,0
2026-07-25T19:49:39Z,791333e,"mooneye/acceptance","mooneye/acceptance/boot_div-dmgABCmgb.gb",crash,0
2026-07-25T19:49:39Z,791333e,"mooneye/acceptance-nondmg","mooneye/acceptance/boot_div-S.gb",crash,0
2026-07-25T19:49:39Z,791333e,"mooneye/acceptance-nondmg","mooneye/acceptance/boot_hwio-dmg0.gb",crash,0
2026-07-25T19:49:39Z,791333e,"mooneye/acceptance","mooneye/acceptance/boot_hwio-dmgABCmgb.gb",crash,0
2026-07-25T19:49:39Z,791333e,"mooneye/acceptance-nondmg","mooneye/acceptance/boot_hwio-S.gb",crash,0
2026-07-25T19:49:39Z,791333e,"mooneye/acceptance-nondmg","mooneye/acceptance/boot_regs-dmg0.gb",crash,0
2026-07-25T19:49:39Z,791333e,"mooneye/acceptance","mooneye/acceptance/boot_regs-dmgABC.gb",crash,0
2026-07-25T19:49:39Z,791333e,"mooneye/acceptance-nondmg","mooneye/acceptance/boot_regs-mgb.gb",crash,0
2026-07-25T19:49:39Z,791333e,"mooneye/acceptance-nondmg","mooneye/acceptance/boot_regs-sgb2.gb",crash,0
2026-07-25T19:49:39Z,791333e,"mooneye/acceptance-nondmg","mooneye/acceptance/boot_regs-sgb.gb",crash,0
2026-07-25T19:49:39Z,791333e,"mooneye/acceptance","mooneye/acceptance/call_cc_timing2.gb",crash,0
2026-07-25T19:49:39Z,791333e,"mooneye/acceptance","mooneye/acceptance/call_cc_timing.gb",crash,0
2026-07-25T19:49:39Z,791333e,"mooneye/acceptance","mooneye/acceptance/call_timing2.gb",crash,0
2026-07-25T19:49:39Z,791333e,"mooneye/acceptance","mooneye/acceptance/call_timing.gb",crash,0
2026-07-25T19:49:39Z,791333e,"mooneye/acceptance","mooneye/acceptance/di_timing-GS.gb",crash,0
2026-07-25T19:49:39Z,791333e,"mooneye/acceptance","mooneye/acceptance/div_timing.gb",crash,0
2026-07-25T19:49:39Z,791333e,"mooneye/acceptance","mooneye/acceptance/ei_sequence.gb",crash,0
2026-07-25T19:49:39Z,791333e,"mooneye/acceptance","mooneye/acceptance/ei_timing.gb",crash,0
2026-07-25T19:49:39Z,791333e,"mooneye/acceptance","mooneye/acceptance/halt_ime0_ei.gb",crash,0
2026-07-25T19:49:39Z,791333e,"mooneye/acceptance","mooneye/acceptance/halt_ime0_nointr_timing.gb",crash,0
2026-07-25T19:49:39Z,791333e,"mooneye/acceptance","mooneye/acceptance/halt_ime1_timing2-GS.gb",crash,0
2026-07-25T19:49:39Z,791333e,"mooneye/acceptance","mooneye/acceptance/halt_ime1_timing.gb",crash,0
2026-07-25T19:49:39Z,791333e,"mooneye/acceptance","mooneye/acceptance/if_ie_registers.gb",crash,0
2026-07-25T19:49:39Z,791333e,"mooneye/acceptance","mooneye/acceptance/instr/daa.gb",crash,0
2026-07-25T19:49:39Z,791333e,"mooneye/acceptance","mooneye/acceptance/interrupts/ie_push.gb",crash,0
2026-07-25T19:49:39Z,791333e,"mooneye/acceptance","mooneye/acceptance/intr_timing.gb",crash,0
2026-07-25T19:49:39Z,791333e,"mooneye/acceptance","mooneye/acceptance/jp_cc_timing.gb",crash,0
2026-07-25T19:49:39Z,791333e,"mooneye/acceptance","mooneye/acceptance/jp_timing.gb",crash,0
2026-07-25T19:49:39Z,791333e,"mooneye/acceptance","mooneye/acceptance/ld_hl_sp_e_timing.gb",crash,0
2026-07-25T19:49:39Z,791333e,"mooneye/acceptance","mooneye/acceptance/oam_dma/basic.gb",crash,0
2026-07-25T19:49:39Z,791333e,"mooneye/acceptance","mooneye/acceptance/oam_dma/reg_read.gb",crash,0
2026-07-25T19:49:39Z,791333e,"mooneye/acceptance","mooneye/acceptance/oam_dma_restart.gb",crash,0
2026-07-25T19:49:39Z,791333e,"mooneye/acceptance","mooneye/acceptance/oam_dma/sources-GS.gb",crash,0
2026-07-25T19:49:39Z,791333e,"mooneye/acceptance","mooneye/acceptance/oam_dma_start.gb",crash,0
2026-07-25T19:49:39Z,791333e,"mooneye/acceptance","mooneye/acceptance/oam_dma_timing.gb",crash,0
2026-07-25T19:49:39Z,791333e,"mooneye/acceptance","mooneye/acceptance/pop_timing.gb",crash,0
2026-07-25T19:49:39Z,791333e,"mooneye/acceptance","mooneye/acceptance/ppu/hblank_ly_scx_timing-GS.gb",crash,0
2026-07-25T19:49:39Z,791333e,"mooneye/acceptance","mooneye/acceptance/ppu/intr_1_2_timing-GS.gb",crash,0
2026-07-25T19:49:39Z,791333e,"mooneye/acceptance","mooneye/acceptance/ppu/intr_2_0_timing.gb",crash,0
2026-07-25T19:49:39Z,791333e,"mooneye/acceptance","mooneye/acceptance/ppu/intr_2_mode0_timing.gb",crash,0
2026-07-25T19:49:39Z,791333e,"mooneye/acceptance","mooneye/acceptance/ppu/intr_2_mode0_timing_sprites.gb",crash,0
2026-07-25T19:49:39Z,791333e,"mooneye/acceptance","mooneye/acceptance/ppu/intr_2_mode3_timing.gb",crash,0
2026-07-25T19:49:39Z,791333e,"mooneye/acceptance","mooneye/acceptance/ppu/intr_2_oam_ok_timing.gb",crash,0
2026-07-25T19:49:39Z,791333e,"mooneye/acceptance","mooneye/acceptance/ppu/lcdon_timing-GS.gb",crash,0
2026-07-25T19:49:39Z,791333e,"mooneye/acceptance","mooneye/acceptance/ppu/lcdon_write_timing-GS.gb",crash,0
2026-07-25T19:49:39Z,791333e,"mooneye/acceptance","mooneye/acceptance/ppu/stat_irq_blocking.gb",crash,0
2026-07-25T19:49:39Z,791333e,"mooneye/acceptance","mooneye/acceptance/ppu/stat_lyc_onoff.gb",crash,0
2026-07-25T19:49:39Z,791333e,"mooneye/acceptance","mooneye/acceptance/ppu/vblank_stat_intr-GS.gb",crash,0
2026-07-25T19:49:39Z,791333e,"mooneye/acceptance","mooneye/acceptance/push_timing.gb",crash,0
2026-07-25T19:49:39Z,791333e,"mooneye/acceptance","mooneye/acceptance/rapid_di_ei.gb",crash,0
2026-07-25T19:49:39Z,791333e,"mooneye/acceptance","mooneye/acceptance/ret_cc_timing.gb",crash,0
2026-07-25T19:49:39Z,791333e,"mooneye/acceptance","mooneye/acceptance/reti_intr_timing.gb",crash,0
2026-07-25T19:49:39Z,791333e,"mooneye/acceptance","mooneye/acceptance/reti_timing.gb",crash,0
2026-07-25T19:49:39Z,791333e,"mooneye/acceptance","mooneye/acceptance/ret_timing.gb",crash,0
2026-07-25T19:49:39Z,791333e,"mooneye/acceptance","mooneye/acceptance/rst_timing.gb",crash,0
2026-07-25T19:49:39Z,791333e,"mooneye/acceptance","mooneye/acceptance/serial/boot_sclk_align-dmgABCmgb.gb",crash,0
2026-07-25T19:49:39Z,791333e,"mooneye/acceptance","mooneye/acceptance/timer/div_write.gb",crash,0
2026-07-25T19:49:39Z,791333e,"mooneye/acceptance","mooneye/acceptance/timer/rapid_toggle.gb",crash,0
2026-07-25T19:49:39Z,791333e,"mooneye/acceptance","mooneye/acceptance/timer/tim00_div_trigger.gb",crash,0
2026-07-25T19:49:39Z,791333e,"mooneye/acceptance","mooneye/acceptance/timer/tim00.gb",crash,0
2026-07-25T19:49:39Z,791333e,"mooneye/acceptance","mooneye/acceptance/timer/tim01_div_trigger.gb",crash,0
2026-07-25T19:49:39Z,791333e,"mooneye/acceptance","mooneye/acceptance/timer/tim01.gb",crash,0
2026-07-25T19:49:39Z,791333e,"mooneye/acceptance","mooneye/acceptance/timer/tim10_div_trigger.gb",crash,0
2026-07-25T19:49:39Z,791333e,"mooneye/acceptance","mooneye/acceptance/timer/tim10.gb",crash,0
2026-07-25T19:49:39Z,791333e,"mooneye/acceptance","mooneye/acceptance/timer/tim11_div_trigger.gb",crash,0
2026-07-25T19:49:39Z,791333e,"mooneye/acceptance","mooneye/acceptance/timer/tim11.gb",crash,0
2026-07-25T19:49:39Z,791333e,"mooneye/acceptance","mooneye/acceptance/timer/tima_reload.gb",crash,0
2026-07-25T19:49:39Z,791333e,"mooneye/acceptance","mooneye/acceptance/timer/tima_write_reloading.gb",crash,0
2026-07-25T19:49:39Z,791333e,"mooneye/acceptance","mooneye/acceptance/timer/tma_write_reloading.gb",crash,0
2026-07-25T20:00:14Z,69dd930,"blargg/cpu_instrs","blargg/cpu_instrs/cpu_instrs.gb",crash,0
2026-07-25T20:00:14Z,69dd930,"blargg/cpu_instrs","blargg/cpu_instrs/individual/01-special.gb",crash,0
2026-07-25T20:00:14Z,69dd930,"blargg/cpu_instrs","blargg/cpu_instrs/individual/02-interrupts.gb",crash,0
2026-07-25T20:00:14Z,69dd930,"blargg/cpu_instrs","blargg/cpu_instrs/individual/03-op sp,hl.gb",crash,0
2026-07-25T20:00:14Z,69dd930,"blargg/cpu_instrs","blargg/cpu_instrs/individual/04-op r,imm.gb",crash,0
2026-07-25T20:00:14Z,69dd930,"blargg/cpu_instrs","blargg/cpu_instrs/individual/05-op rp.gb",crash,0
2026-07-25T20:00:14Z,69dd930,"blargg/cpu_instrs","blargg/cpu_instrs/individual/06-ld r,r.gb",crash,0
2026-07-25T20:00:14Z,69dd930,"blargg/cpu_instrs","blargg/cpu_instrs/individual/07-jr,jp,call,ret,rst.gb",crash,0
2026-07-25T20:00:14Z,69dd930,"blargg/cpu_instrs","blargg/cpu_instrs/individual/08-misc instrs.gb",crash,0
2026-07-25T20:00:14Z,69dd930,"blargg/cpu_instrs","blargg/cpu_instrs/individual/09-op r,r.gb",crash,0
2026-07-25T20:00:14Z,69dd930,"blargg/cpu_instrs","blargg/cpu_instrs/individual/10-bit ops.gb",crash,0
2026-07-25T20:00:14Z,69dd930,"blargg/cpu_instrs","blargg/cpu_instrs/individual/11-op a,(hl).gb",crash,0
2026-07-25T20:00:14Z,69dd930,"blargg/dmg_sound","blargg/dmg_sound/dmg_sound.gb",crash,0
2026-07-25T20:00:14Z,69dd930,"blargg/dmg_sound","blargg/dmg_sound/rom_singles/01-registers.gb",crash,0
2026-07-25T20:00:14Z,69dd930,"blargg/dmg_sound","blargg/dmg_sound/rom_singles/02-len ctr.gb",crash,0
2026-07-25T20:00:14Z,69dd930,"blargg/dmg_sound","blargg/dmg_sound/rom_singles/03-trigger.gb",crash,0
2026-07-25T20:00:14Z,69dd930,"blargg/dmg_sound","blargg/dmg_sound/rom_singles/04-sweep.gb",crash,0
2026-07-25T20:00:14Z,69dd930,"blargg/dmg_sound","blargg/dmg_sound/rom_singles/05-sweep details.gb",crash,0
2026-07-25T20:00:14Z,69dd930,"blargg/dmg_sound","blargg/dmg_sound/rom_singles/06-overflow on trigger.gb",crash,0
2026-07-25T20:00:14Z,69dd930,"blargg/dmg_sound","blargg/dmg_sound/rom_singles/07-len sweep period sync.gb",crash,0
2026-07-25T20:00:14Z,69dd930,"blargg/dmg_sound","blargg/dmg_sound/rom_singles/08-len ctr during power.gb",crash,0
2026-07-25T20:00:14Z,69dd930,"blargg/dmg_sound","blargg/dmg_sound/rom_singles/09-wave read while on.gb",crash,0
2026-07-25T20:00:14Z,69dd930,"blargg/dmg_sound","blargg/dmg_sound/rom_singles/10-wave trigger while on.gb",crash,0
2026-07-25T20:00:14Z,69dd930,"blargg/dmg_sound","blargg/dmg_sound/rom_singles/11-regs after power.gb",crash,0
2026-07-25T20:00:14Z,69dd930,"blargg/dmg_sound","blargg/dmg_sound/rom_singles/12-wave write while on.gb",crash,0
2026-07-25T20:00:14Z,69dd930,"blargg/halt_bug","blargg/halt_bug.gb",crash,0
2026-07-25T20:00:14Z,69dd930,"blargg/instr_timing","blargg/instr_timing/instr_timing.gb",crash,0
2026-07-25T20:00:14Z,69dd930,"blargg/interrupt_time","blargg/interrupt_time/interrupt_time.gb",crash,0
2026-07-25T20:00:14Z,69dd930,"blargg/mem_timing-2","blargg/mem_timing-2/mem_timing.gb",crash,0
2026-07-25T20:00:14Z,69dd930,"blargg/mem_timing-2","blargg/mem_timing-2/rom_singles/01-read_timing.gb",crash,0
2026-07-25T20:00:14Z,69dd930,"blargg/mem_timing-2","blargg/mem_timing-2/rom_singles/02-write_timing.gb",crash,0
2026-07-25T20:00:14Z,69dd930,"blargg/mem_timing-2","blargg/mem_timing-2/rom_singles/03-modify_timing.gb",crash,0
2026-07-25T20:00:14Z,69dd930,"blargg/mem_timing","blargg/mem_timing/individual/01-read_timing.gb",crash,0
2026-07-25T20:00:14Z,69dd930,"blargg/mem_timing","blargg/mem_timing/individual/02-write_timing.gb",crash,0
2026-07-25T20:00:14Z,69dd930,"blargg/mem_timing","blargg/mem_timing/individual/03-modify_timing.gb",crash,0
2026-07-25T20:00:14Z,69dd930,"blargg/mem_timing","blargg/mem_timing/mem_timing.gb",crash,0
2026-07-25T20:00:14Z,69dd930,"blargg/oam_bug","blargg/oam_bug/oam_bug.gb",crash,0
2026-07-25T20:00:14Z,69dd930,"blargg/oam_bug","blargg/oam_bug/rom_singles/1-lcd_sync.gb",crash,0
2026-07-25T20:00:14Z,69dd930,"blargg/oam_bug","blargg/oam_bug/rom_singles/2-causes.gb",crash,0
2026-07-25T20:00:14Z,69dd930,"blargg/oam_bug","blargg/oam_bug/rom_singles/3-non_causes.gb",crash,0
2026-07-25T20:00:14Z,69dd930,"blargg/oam_bug","blargg/oam_bug/rom_singles/4-scanline_timing.gb",crash,0
2026-07-25T20:00:14Z,69dd930,"blargg/oam_bug","blargg/oam_bug/rom_singles/5-timing_bug.gb",crash,0
2026-07-25T20:00:14Z,69dd930,"blargg/oam_bug","blargg/oam_bug/rom_singles/6-timing_no_bug.gb",crash,0
2026-07-25T20:00:14Z,69dd930,"blargg/oam_bug","blargg/oam_bug/rom_singles/7-timing_effect.gb",crash,0
2026-07-25T20:00:14Z,69dd930,"blargg/oam_bug","blargg/oam_bug/rom_singles/8-instr_effect.gb",crash,0
2026-07-25T20:00:14Z,69dd930,"dmg-acid2","dmg-acid2/dmg-acid2.gb",crash,0
2026-07-25T20:00:14Z,69dd930,"mooneye/acceptance","mooneye/acceptance/add_sp_e_timing.gb",crash,0
2026-07-25T20:00:14Z,69dd930,"mooneye/acceptance","mooneye/acceptance/bits/mem_oam.gb",crash,0
2026-07-25T20:00:14Z,69dd930,"mooneye/acceptance","mooneye/acceptance/bits/reg_f.gb",crash,0
2026-07-25T20:00:14Z,69dd930,"mooneye/acceptance","mooneye/acceptance/bits/unused_hwio-GS.gb",crash,0
2026-07-25T20:00:14Z,69dd930,"mooneye/acceptance-nondmg","mooneye/acceptance/boot_div2-S.gb",crash,0
2026-07-25T20:00:14Z,69dd930,"mooneye/acceptance-nondmg","mooneye/acceptance/boot_div-dmg0.gb",crash,0
2026-07-25T20:00:14Z,69dd930,"mooneye/acceptance","mooneye/acceptance/boot_div-dmgABCmgb.gb",crash,0
2026-07-25T20:00:14Z,69dd930,"mooneye/acceptance-nondmg","mooneye/acceptance/boot_div-S.gb",crash,0
2026-07-25T20:00:14Z,69dd930,"mooneye/acceptance-nondmg","mooneye/acceptance/boot_hwio-dmg0.gb",crash,0
2026-07-25T20:00:14Z,69dd930,"mooneye/acceptance","mooneye/acceptance/boot_hwio-dmgABCmgb.gb",crash,0
2026-07-25T20:00:14Z,69dd930,"mooneye/acceptance-nondmg","mooneye/acceptance/boot_hwio-S.gb",crash,0
2026-07-25T20:00:14Z,69dd930,"mooneye/acceptance-nondmg","mooneye/acceptance/boot_regs-dmg0.gb",crash,0
2026-07-25T20:00:14Z,69dd930,"mooneye/acceptance","mooneye/acceptance/boot_regs-dmgABC.gb",crash,0
2026-07-25T20:00:14Z,69dd930,"mooneye/acceptance-nondmg","mooneye/acceptance/boot_regs-mgb.gb",crash,0
2026-07-25T20:00:14Z,69dd930,"mooneye/acceptance-nondmg","mooneye/acceptance/boot_regs-sgb2.gb",crash,0
2026-07-25T20:00:14Z,69dd930,"mooneye/acceptance-nondmg","mooneye/acceptance/boot_regs-sgb.gb",crash,0
2026-07-25T20:00:14Z,69dd930,"mooneye/acceptance","mooneye/acceptance/call_cc_timing2.gb",crash,0
2026-07-25T20:00:14Z,69dd930,"mooneye/acceptance","mooneye/acceptance/call_cc_timing.gb",crash,0
2026-07-25T20:00:14Z,69dd930,"mooneye/acceptance","mooneye/acceptance/call_timing2.gb",crash,0
2026-07-25T20:00:14Z,69dd930,"mooneye/acceptance","mooneye/acceptance/call_timing.gb",crash,0
2026-07-25T20:00:14Z,69dd930,"mooneye/acceptance","mooneye/acceptance/di_timing-GS.gb",crash,0
2026-07-25T20:00:14Z,69dd930,"mooneye/acceptance","mooneye/acceptance/div_timing.gb",crash,0
2026-07-25T20:00:14Z,69dd930,"mooneye/acceptance","mooneye/acceptance/ei_sequence.gb",crash,0
2026-07-25T20:00:14Z,69dd930,"mooneye/acceptance","mooneye/acceptance/ei_timing.gb",crash,0
2026-07-25T20:00:14Z,69dd930,"mooneye/acceptance","mooneye/acceptance/halt_ime0_ei.gb",crash,0
2026-07-25T20:00:14Z,69dd930,"mooneye/acceptance","mooneye/acceptance/halt_ime0_nointr_timing.gb",crash,0
2026-07-25T20:00:14Z,69dd930,"mooneye/acceptance","mooneye/acceptance/halt_ime1_timing2-GS.gb",crash,0
2026-07-25T20:00:14Z,69dd930,"mooneye/acceptance","mooneye/acceptance/halt_ime1_timing.gb",crash,0
2026-07-25T20:00:14Z,69dd930,"mooneye/acceptance","mooneye/acceptance/if_ie_registers.gb",crash,0
2026-07-25T20:00:14Z,69dd930,"mooneye/acceptance","mooneye/acceptance/instr/daa.gb",crash,0
2026-07-25T20:00:14Z,69dd930,"mooneye/acceptance","mooneye/acceptance/interrupts/ie_push.gb",crash,0
2026-07-25T20:00:14Z,69dd930,"mooneye/acceptance","mooneye/acceptance/intr_timing.gb",crash,0
2026-07-25T20:00:14Z,69dd930,"mooneye/acceptance","mooneye/acceptance/jp_cc_timing.gb",crash,0
2026-07-25T20:00:14Z,69dd930,"mooneye/acceptance","mooneye/acceptance/jp_timing.gb",crash,0
2026-07-25T20:00:14Z,69dd930,"mooneye/acceptance","mooneye/acceptance/ld_hl_sp_e_timing.gb",crash,0
2026-07-25T20:00:14Z,69dd930,"mooneye/acceptance","mooneye/acceptance/oam_dma/basic.gb",crash,0
2026-07-25T20:00:14Z,69dd930,"mooneye/acceptance","mooneye/acceptance/oam_dma/reg_read.gb",crash,0
2026-07-25T20:00:14Z,69dd930,"mooneye/acceptance","mooneye/acceptance/oam_dma_restart.gb",crash,0
2026-07-25T20:00:14Z,69dd930,"mooneye/acceptance","mooneye/acceptance/oam_dma/sources-GS.gb",crash,0
2026-07-25T20:00:14Z,69dd930,"mooneye/acceptance","mooneye/acceptance/oam_dma_start.gb",crash,0
2026-07-25T20:00:14Z,69dd930,"mooneye/acceptance","mooneye/acceptance/oam_dma_timing.gb",crash,0
2026-07-25T20:00:14Z,69dd930,"mooneye/acceptance","mooneye/acceptance/pop_timing.gb",crash,0
2026-07-25T20:00:14Z,69dd930,"mooneye/acceptance","mooneye/acceptance/ppu/hblank_ly_scx_timing-GS.gb",crash,0
2026-07-25T20:00:14Z,69dd930,"mooneye/acceptance","mooneye/acceptance/ppu/intr_1_2_timing-GS.gb",crash,0
2026-07-25T20:00:14Z,69dd930,"mooneye/acceptance","mooneye/acceptance/ppu/intr_2_0_timing.gb",crash,0
2026-07-25T20:00:14Z,69dd930,"mooneye/acceptance","mooneye/acceptance/ppu/intr_2_mode0_timing.gb",crash,0
2026-07-25T20:00:14Z,69dd930,"mooneye/acceptance","mooneye/acceptance/ppu/intr_2_mode0_timing_sprites.gb",crash,0
2026-07-25T20:00:14Z,69dd930,"mooneye/acceptance","mooneye/acceptance/ppu/intr_2_mode3_timing.gb",crash,0
2026-07-25T20:00:14Z,69dd930,"mooneye/acceptance","mooneye/acceptance/ppu/intr_2_oam_ok_timing.gb",crash,0
2026-07-25T20:00:14Z,69dd930,"mooneye/acceptance","mooneye/acceptance/ppu/lcdon_timing-GS.gb",crash,0
2026-07-25T20:00:14Z,69dd930,"mooneye/acceptance","mooneye/acceptance/ppu/lcdon_write_timing-GS.gb",crash,0
2026-07-25T20:00:14Z,69dd930,"mooneye/acceptance","mooneye/acceptance/ppu/stat_irq_blocking.gb",crash,0
2026-07-25T20:00:14Z,69dd930,"mooneye/acceptance","mooneye/acceptance/ppu/stat_lyc_onoff.gb",crash,0
2026-07-25T20:00:14Z,69dd930,"mooneye/acceptance","mooneye/acceptance/ppu/vblank_stat_intr-GS.gb",crash,0
2026-07-25T20:00:14Z,69dd930,"mooneye/acceptance","mooneye/acceptance/push_timing.gb",crash,0
2026-07-25T20:00:14Z,69dd930,"mooneye/acceptance","mooneye/acceptance/rapid_di_ei.gb",crash,0
2026-07-25T20:00:14Z,69dd930,"mooneye/acceptance","mooneye/acceptance/ret_cc_timing.gb",crash,0
2026-07-25T20:00:14Z,69dd930,"mooneye/acceptance","mooneye/acceptance/reti_intr_timing.gb",crash,0
2026-07-25T20:00:14Z,69dd930,"mooneye/acceptance","mooneye/acceptance/reti_timing.gb",crash,0
2026-07-25T20:00:14Z,69dd930,"mooneye/acceptance","mooneye/acceptance/ret_timing.gb",crash,0
2026-07-25T20:00:14Z,69dd930,"mooneye/acceptance","mooneye/acceptance/rst_timing.gb",crash,0
2026-07-25T20:00:14Z,69dd930,"mooneye/acceptance","mooneye/acceptance/serial/boot_sclk_align-dmgABCmgb.gb",crash,0
2026-07-25T20:00:14Z,69dd930,"mooneye/acceptance","mooneye/acceptance/timer/div_write.gb",crash,0
2026-07-25T20:00:14Z,69dd930,"mooneye/acceptance","mooneye/acceptance/timer/rapid_toggle.gb",crash,0
2026-07-25T20:00:14Z,69dd930,"mooneye/acceptance","mooneye/acceptance/timer/tim00_div_trigger.gb",crash,0
2026-07-25T20:00:14Z,69dd930,"mooneye/acceptance","mooneye/acceptance/timer/tim00.gb",crash,0
2026-07-25T20:00:14Z,69dd930,"mooneye/acceptance","mooneye/acceptance/timer/tim01_div_trigger.gb",crash,0
2026-07-25T20:00:14Z,69dd930,"mooneye/acceptance","mooneye/acceptance/timer/tim01.gb",crash,0
2026-07-25T20:00:14Z,69dd930,"mooneye/acceptance","mooneye/acceptance/timer/tim10_div_trigger.gb",crash,0
2026-07-25T20:00:14Z,69dd930,"mooneye/acceptance","mooneye/acceptance/timer/tim10.gb",crash,0
2026-07-25T20:00:14Z,69dd930,"mooneye/acceptance","mooneye/acceptance/timer/tim11_div_trigger.gb",crash,0
2026-07-25T20:00:14Z,69dd930,"mooneye/acceptance","mooneye/acceptance/timer/tim11.gb",crash,0
2026-07-25T20:00:14Z,69dd930,"mooneye/acceptance","mooneye/acceptance/timer/tima_reload.gb",crash,0
2026-07-25T20:00:14Z,69dd930,"mooneye/acceptance","mooneye/acceptance/timer/tima_write_reloading.gb",crash,0
2026-07-25T20:00:14Z,69dd930,"mooneye/acceptance","mooneye/acceptance/timer/tma_write_reloading.gb",crash,0
2026-07-25T20:20:04Z,116ae89,"blargg/cpu_instrs","blargg/cpu_instrs/cpu_instrs.gb",crash,0
2026-07-25T20:20:04Z,116ae89,"blargg/cpu_instrs","blargg/cpu_instrs/individual/01-special.gb",crash,0
2026-07-25T20:20:04Z,116ae89,"blargg/cpu_instrs","blargg/cpu_instrs/individual/02-interrupts.gb",crash,0
2026-07-25T20:20:04Z,116ae89,"blargg/cpu_instrs","blargg/cpu_instrs/individual/03-op sp,hl.gb",crash,0
2026-07-25T20:20:04Z,116ae89,"blargg/cpu_instrs","blargg/cpu_instrs/individual/04-op r,imm.gb",crash,0
2026-07-25T20:20:04Z,116ae89,"blargg/cpu_instrs","blargg/cpu_instrs/individual/05-op rp.gb",crash,0
2026-07-25T20:20:04Z,116ae89,"blargg/cpu_instrs","blargg/cpu_instrs/individual/06-ld r,r.gb",crash,0
2026-07-25T20:20:04Z,116ae89,"blargg/cpu_instrs","blargg/cpu_instrs/individual/07-jr,jp,call,ret,rst.gb",crash,0
2026-07-25T20:20:04Z,116ae89,"blargg/cpu_instrs","blargg/cpu_instrs/individual/08-misc instrs.gb",crash,0
2026-07-25T20:20:04Z,116ae89,"blargg/cpu_instrs","blargg/cpu_instrs/individual/09-op r,r.gb",crash,0
2026-07-25T20:20:04Z,116ae89,"blargg/cpu_instrs","blargg/cpu_instrs/individual/10-bit ops.gb",crash,0
2026-07-25T20:20:04Z,116ae89,"blargg/cpu_instrs","blargg/cpu_instrs/individual/11-op a,(hl).gb",crash,0
2026-07-25T20:20:04Z,116ae89,"blargg/dmg_sound","blargg/dmg_sound/dmg_sound.gb",crash,0
2026-07-25T20:20:04Z,116ae89,"blargg/dmg_sound","blargg/dmg_sound/rom_singles/01-registers.gb",crash,0
2026-07-25T20:20:04Z,116ae89,"blargg/dmg_sound","blargg/dmg_sound/rom_singles/02-len ctr.gb",crash,0
2026-07-25T20:20:04Z,116ae89,"blargg/dmg_sound","blargg/dmg_sound/rom_singles/03-trigger.gb",crash,0
2026-07-25T20:20:04Z,116ae89,"blargg/dmg_sound","blargg/dmg_sound/rom_singles/04-sweep.gb",crash,0
2026-07-25T20:20:04Z,116ae89,"blargg/dmg_sound","blargg/dmg_sound/rom_singles/05-sweep details.gb",crash,0
2026-07-25T20:20:04Z,116ae89,"blargg/dmg_sound","blargg/dmg_sound/rom_singles/06-overflow on trigger.gb",crash,0
2026-07-25T20:20:04Z,116ae89,"blargg/dmg_sound","blargg/dmg_sound/rom_singles/07-len sweep period sync.gb",crash,0
2026-07-25T20:20:04Z,116ae89,"blargg/dmg_sound","blargg/dmg_sound/rom_singles/08-len ctr during power.gb",crash,0
2026-07-25T20:20:04Z,116ae89,"blargg/dmg_sound","blargg/dmg_sound/rom_singles/09-wave read while on.gb",crash,0
2026-07-25T20:20:04Z,116ae89,"blargg/dmg_sound","blargg/dmg_sound/rom_singles/10-wave trigger while on.gb",crash,0
2026-07-25T20:20:04Z,116ae89,"blargg/dmg_sound","blargg/dmg_sound/rom_singles/11-regs after power.gb",crash,0
2026-07-25T20:20:04Z,116ae89,"blargg/dmg_sound","blargg/dmg_sound/rom_singles/12-wave write while on.gb",crash,0
2026-07-25T20:20:04Z,116ae89,"blargg/halt_bug","blargg/halt_bug.gb",crash,0
2026-07-25T20:20:04Z,116ae89,"blargg/instr_timing","blargg/instr_timing/instr_timing.gb",crash,0
2026-07-25T20:20:04Z,116ae89,"blargg/interrupt_time","blargg/interrupt_time/interrupt_time.gb",crash,0
2026-07-25T20:20:04Z,116ae89,"blargg/mem_timing-2","blargg/mem_timing-2/mem_timing.gb",crash,0
2026-07-25T20:20:04Z,116ae89,"blargg/mem_timing-2","blargg/mem_timing-2/rom_singles/01-read_timing.gb",crash,0
2026-07-25T20:20:04Z,116ae89,"blargg/mem_timing-2","blargg/mem_timing-2/rom_singles/02-write_timing.gb",crash,0
2026-07-25T20:20:04Z,116ae89,"blargg/mem_timing-2","blargg/mem_timing-2/rom_singles/03-modify_timing.gb",crash,0
2026-07-25T20:20:04Z,116ae89,"blargg/mem_timing","blargg/mem_timing/individual/01-read_timing.gb",crash,0
2026-07-25T20:20:04Z,116ae89,"blargg/mem_timing","blargg/mem_timing/individual/02-write_timing.gb",crash,0
2026-07-25T20:20:04Z,116ae89,"blargg/mem_timing","blargg/mem_timing/individual/03-modify_timing.gb",crash,0
2026-07-25T20:20:04Z,116ae89,"blargg/mem_timing","blargg/mem_timing/mem_timing.gb",crash,0
2026-07-25T20:20:04Z,116ae89,"blargg/oam_bug","blargg/oam_bug/oam_bug.gb",crash,0
2026-07-25T20:20:04Z,116ae89,"blargg/oam_bug","blargg/oam_bug/rom_singles/1-lcd_sync.gb",crash,0
2026-07-25T20:20:04Z,116ae89,"blargg/oam_bug","blargg/oam_bug/rom_singles/2-causes.gb",crash,0
2026-07-25T20:20:04Z,116ae89,"blargg/oam_bug","blargg/oam_bug/rom_singles/3-non_causes.gb",crash,0
2026-07-25T20:20:04Z,116ae89,"blargg/oam_bug","blargg/oam_bug/rom_singles/4-scanline_timing.gb",crash,0
2026-07-25T20:20:04Z,116ae89,"blargg/oam_bug","blargg/oam_bug/rom_singles/5-timing_bug.gb",crash,0
2026-07-25T20:20:04Z,116ae89,"blargg/oam_bug","blargg/oam_bug/rom_singles/6-timing_no_bug.gb",crash,0
2026-07-25T20:20:04Z,116ae89,"blargg/oam_bug","blargg/oam_bug/rom_singles/7-timing_effect.gb",crash,0
2026-07-25T20:20:04Z,116ae89,"blargg/oam_bug","blargg/oam_bug/rom_singles/8-instr_effect.gb",crash,0
2026-07-25T20:20:04Z,116ae89,"dmg-acid2","dmg-acid2/dmg-acid2.gb",crash,0
2026-07-25T20:20:04Z,116ae89,"mooneye/acceptance","mooneye/acceptance/add_sp_e_timing.gb",crash,0
2026-07-25T20:20:04Z,116ae89,"mooneye/acceptance","mooneye/acceptance/bits/mem_oam.gb",crash,0
2026-07-25T20:20:04Z,116ae89,"mooneye/acceptance","mooneye/acceptance/bits/reg_f.gb",crash,0
2026-07-25T20:20:04Z,116ae89,"mooneye/acceptance","mooneye/acceptance/bits/unused_hwio-GS.gb",crash,0
2026-07-25T20:20:04Z,116ae89,"mooneye/acceptance-nondmg","mooneye/acceptance/boot_div2-S.gb",crash,0
2026-07-25T20:20:04Z,116ae89,"mooneye/acceptance-nondmg","mooneye/acceptance/boot_div-dmg0.gb",crash,0
2026-07-25T20:20:04Z,116ae89,"mooneye/acceptance","mooneye/acceptance/boot_div-dmgABCmgb.gb",crash,0
2026-07-25T20:20:04Z,116ae89,"mooneye/acceptance-nondmg","mooneye/acceptance/boot_div-S.gb",crash,0
2026-07-25T20:20:04Z,116ae89,"mooneye/acceptance-nondmg","mooneye/acceptance/boot_hwio-dmg0.gb",crash,0
2026-07-25T20:20:04Z,116ae89,"mooneye/acceptance","mooneye/acceptance/boot_hwio-dmgABCmgb.gb",crash,0
2026-07-25T20:20:04Z,116ae89,"mooneye/acceptance-nondmg","mooneye/acceptance/boot_hwio-S.gb",crash,0
2026-07-25T20:20:04Z,116ae89,"mooneye/acceptance-nondmg","mooneye/acceptance/boot_regs-dmg0.gb",crash,0
2026-07-25T20:20:04Z,116ae89,"mooneye/acceptance","mooneye/acceptance/boot_regs-dmgABC.gb",crash,0
2026-07-25T20:20:04Z,116ae89,"mooneye/acceptance-nondmg","mooneye/acceptance/boot_regs-mgb.gb",crash,0
2026-07-25T20:20:04Z,116ae89,"mooneye/acceptance-nondmg","mooneye/acceptance/boot_regs-sgb2.gb",crash,0
2026-07-25T20:20:04Z,116ae89,"mooneye/acceptance-nondmg","mooneye/acceptance/boot_regs-sgb.gb",crash,0
2026-07-25T20:20:04Z,116ae89,"mooneye/acceptance","mooneye/acceptance/call_cc_timing2.gb",crash,0
2026-07-25T20:20:04Z,116ae89,"mooneye/acceptance","mooneye/acceptance/call_cc_timing.gb",crash,0
2026-07-25T20:20:04Z,116ae89,"mooneye/acceptance","mooneye/acceptance/call_timing2.gb",crash,0
2026-07-25T20:20:04Z,116ae89,"mooneye/acceptance","mooneye/acceptance/call_timing.gb",crash,0
2026-07-25T20:20:04Z,116ae89,"mooneye/acceptance","mooneye/acceptance/di_timing-GS.gb",crash,0
2026-07-25T20:20:04Z,116ae89,"mooneye/acceptance","mooneye/acceptance/div_timing.gb",crash,0
2026-07-25T20:20:04Z,116ae89,"mooneye/acceptance","mooneye/acceptance/ei_sequence.gb",crash,0
2026-07-25T20:20:04Z,116ae89,"mooneye/acceptance","mooneye/acceptance/ei_timing.gb",crash,0
2026-07-25T20:20:04Z,116ae89,"mooneye/acceptance","mooneye/acceptance/halt_ime0_ei.gb",crash,0
2026-07-25T20:20:04Z,116ae89,"mooneye/acceptance","mooneye/acceptance/halt_ime0_nointr_timing.gb",crash,0
2026-07-25T20:20:04Z,116ae89,"mooneye/acceptance","mooneye/acceptance/halt_ime1_timing2-GS.gb",crash,0
2026-07-25T20:20:04Z,116ae89,"mooneye/acceptance","mooneye/acceptance/halt_ime1_timing.gb",crash,0
2026-07-25T20:20:04Z,116ae89,"mooneye/acceptance","mooneye/acceptance/if_ie_registers.gb",crash,0
2026-07-25T20:20:04Z,116ae89,"mooneye/acceptance","mooneye/acceptance/instr/daa.gb",crash,0
2026-07-25T20:20:04Z,116ae89,"mooneye/acceptance","mooneye/acceptance/interrupts/ie_push.gb",crash,0
2026-07-25T20:20:04Z,116ae89,"mooneye/acceptance","mooneye/acceptance/intr_timing.gb",crash,0
2026-07-25T20:20:04Z,116ae89,"mooneye/acceptance","mooneye/acceptance/jp_cc_timing.gb",crash,0
2026-07-25T20:20:04Z,116ae89,"mooneye/acceptance","mooneye/acceptance/jp_timing.gb",crash,0
2026-07-25T20:20:04Z,116ae89,"mooneye/acceptance","mooneye/acceptance/ld_hl_sp_e_timing.gb",crash,0
2026-07-25T20:20:04Z,116ae89,"mooneye/acceptance","mooneye/acceptance/oam_dma/basic.gb",crash,0
2026-07-25T20:20:04Z,116ae89,"mooneye/acceptance","mooneye/acceptance/oam_dma/reg_read.gb",crash,0
2026-07-25T20:20:04Z,116ae89,"mooneye/acceptance","mooneye/acceptance/oam_dma_restart.gb",crash,0
2026-07-25T20:20:04Z,116ae89,"mooneye/acceptance","mooneye/acceptance/oam_dma/sources-GS.gb",crash,0
2026-07-25T20:20:04Z,116ae89,"mooneye/acceptance","mooneye/acceptance/oam_dma_start.gb",crash,0
2026-07-25T20:20:04Z,116ae89,"mooneye/acceptance","mooneye/acceptance/oam_dma_timing.gb",crash,0
2026-07-25T20:20:04Z,116ae89,"mooneye/acceptance","mooneye/acceptance/pop_timing.gb",crash,0
2026-07-25T20:20:04Z,116ae89,"mooneye/acceptance","mooneye/acceptance/ppu/hblank_ly_scx_timing-GS.gb",crash,0
2026-07-25T20:20:04Z,116ae89,"mooneye/acceptance","mooneye/acceptance/ppu/intr_1_2_timing-GS.gb",crash,0
2026-07-25T20:20:04Z,116ae89,"mooneye/acceptance","mooneye/acceptance/ppu/intr_2_0_timing.gb",crash,0
2026-07-25T20:20:04Z,116ae89,"mooneye/acceptance","mooneye/acceptance/ppu/intr_2_mode0_timing.gb",crash,0
2026-07-25T20:20:04Z,116ae89,"mooneye/acceptance","mooneye/acceptance/ppu/intr_2_mode0_timing_sprites.gb",crash,0
2026-07-25T20:20:04Z,116ae89,"mooneye/acceptance","mooneye/acceptance/ppu/intr_2_mode3_timing.gb",crash,0
2026-07-25T20:20:04Z,116ae89,"mooneye/acceptance","mooneye/acceptance/ppu/intr_2_oam_ok_timing.gb",crash,0
2026-07-25T20:20:04Z,116ae89,"mooneye/acceptance","mooneye/acceptance/ppu/lcdon_timing-GS.gb",crash,0
2026-07-25T20:20:04Z,116ae89,"mooneye/acceptance","mooneye/acceptance/ppu/lcdon_write_timing-GS.gb",crash,0
2026-07-25T20:20:04Z,116ae89,"mooneye/acceptance","mooneye/acceptance/ppu/stat_irq_blocking.gb",crash,0
2026-07-25T20:20:04Z,116ae89,"mooneye/acceptance","mooneye/acceptance/ppu/stat_lyc_onoff.gb",crash,0
2026-07-25T20:20:04Z,116ae89,"mooneye/acceptance","mooneye/acceptance/ppu/vblank_stat_intr-GS.gb",crash,0
2026-07-25T20:20:04Z,116ae89,"mooneye/acceptance","mooneye/acceptance/push_timing.gb",crash,0
2026-07-25T20:20:04Z,116ae89,"mooneye/acceptance","mooneye/acceptance/rapid_di_ei.gb",crash,0
2026-07-25T20:20:04Z,116ae89,"mooneye/acceptance","mooneye/acceptance/ret_cc_timing.gb",crash,0
2026-07-25T20:20:04Z,116ae89,"mooneye/acceptance","mooneye/acceptance/reti_intr_timing.gb",crash,0
2026-07-25T20:20:04Z,116ae89,"mooneye/acceptance","mooneye/acceptance/reti_timing.gb",crash,0
2026-07-25T20:20:04Z,116ae89,"mooneye/acceptance","mooneye/acceptance/ret_timing.gb",crash,0
2026-07-25T20:20:04Z,116ae89,"mooneye/acceptance","mooneye/acceptance/rst_timing.gb",crash,0
2026-07-25T20:20:04Z,116ae89,"mooneye/acceptance","mooneye/acceptance/serial/boot_sclk_align-dmgABCmgb.gb",crash,0
2026-07-25T20:20:04Z,116ae89,"mooneye/acceptance","mooneye/acceptance/timer/div_write.gb",crash,0
2026-07-25T20:20:04Z,116ae89,"mooneye/acceptance","mooneye/acceptance/timer/rapid_toggle.gb",crash,0
2026-07-25T20:20:04Z,116ae89,"mooneye/acceptance","mooneye/acceptance/timer/tim00_div_trigger.gb",crash,0
2026-07-25T20:20:04Z,116ae89,"mooneye/acceptance","mooneye/acceptance/timer/tim00.gb",crash,0
2026-07-25T20:20:04Z,116ae89,"mooneye/acceptance","mooneye/acceptance/timer/tim01_div_trigger.gb",crash,0
2026-07-25T20:20:04Z,116ae89,"mooneye/acceptance","mooneye/acceptance/timer/tim01.gb",crash,0
2026-07-25T20:20:04Z,116ae89,"mooneye/acceptance","mooneye/acceptance/timer/tim10_div_trigger.gb",crash,0
2026-07-25T20:20:04Z,116ae89,"mooneye/acceptance","mooneye/acceptance/timer/tim10.gb",crash,0
2026-07-25T20:20:04Z,116ae89,"mooneye/acceptance","mooneye/acceptance/timer/tim11_div_trigger.gb",crash,0
2026-07-25T20:20:04Z,116ae89,"mooneye/acceptance","mooneye/acceptance/timer/tim11.gb",crash,0
2026-07-25T20:20:04Z,116ae89,"mooneye/acceptance","mooneye/acceptance/timer/tima_reload.gb",crash,0
2026-07-25T20:20:04Z,116ae89,"mooneye/acceptance","mooneye/acceptance/timer/tima_write_reloading.gb",crash,0
2026-07-25T20:20:04Z,116ae89,"mooneye/acceptance","mooneye/acceptance/timer/tma_write_reloading.gb",crash,0
2026-07-25T20:36:40Z,0d32eca,"blargg/cpu_instrs","blargg/cpu_instrs/cpu_instrs.gb",crash,0
2026-07-25T20:36:40Z,0d32eca,"blargg/cpu_instrs","blargg/cpu_instrs/individual/01-special.gb",crash,0
2026-07-25T20:36:40Z,0d32eca,"blargg/cpu_instrs","blargg/cpu_instrs/individual/02-interrupts.gb",crash,0
2026-07-25T20:36:40Z,0d32eca,"blargg/cpu_instrs","blargg/cpu_instrs/individual/03-op sp,hl.gb",crash,0
2026-07-25T20:36:40Z,0d32eca,"blargg/cpu_instrs","blargg/cpu_instrs/individual/04-op r,imm.gb",crash,0
2026-07-25T20:36:40Z,0d32eca,"blargg/cpu_instrs","blargg/cpu_instrs/individual/05-op rp.gb",crash,0
2026-07-25T20:36:40Z,0d32eca,"blargg/cpu_instrs","blargg/cpu_instrs/individual/06-ld r,r.gb",crash,0
2026-07-25T20:36:40Z,0d32eca,"blargg/cpu_instrs","blargg/cpu_instrs/individual/07-jr,jp,call,ret,rst.gb",crash,0
2026-07-25T20:36:40Z,0d32eca,"blargg/cpu_instrs","blargg/cpu_instrs/individual/08-misc instrs.gb",crash,0
2026-07-25T20:36:40Z,0d32eca,"blargg/cpu_instrs","blargg/cpu_instrs/individual/09-op r,r.gb",crash,0
2026-07-25T20:36:40Z,0d32eca,"blargg/cpu_instrs","blargg/cpu_instrs/individual/10-bit ops.gb",crash,0
2026-07-25T20:36:40Z,0d32eca,"blargg/cpu_instrs","blargg/cpu_instrs/individual/11-op a,(hl).gb",crash,0
2026-07-25T20:36:40Z,0d32eca,"blargg/dmg_sound","blargg/dmg_sound/dmg_sound.gb",crash,0
2026-07-25T20:36:40Z,0d32eca,"blargg/dmg_sound","blargg/dmg_sound/rom_singles/01-registers.gb",crash,0
2026-07-25T20:36:40Z,0d32eca,"blargg/dmg_sound","blargg/dmg_sound/rom_singles/02-len ctr.gb",crash,0
2026-07-25T20:36:40Z,0d32eca,"blargg/dmg_sound","blargg/dmg_sound/rom_singles/03-trigger.gb",crash,0
2026-07-25T20:36:40Z,0d32eca,"blargg/dmg_sound","blargg/dmg_sound/rom_singles/04-sweep.gb",crash,0
2026-07-25T20:36:40Z,0d32eca,"blargg/dmg_sound","blargg/dmg_sound/rom_singles/05-sweep details.gb",crash,0
2026-07-25T20:36:40Z,0d32eca,"blargg/dmg_sound","blargg/dmg_sound/rom_singles/06-overflow on trigger.gb",crash,0
2026-07-25T20:36:40Z,0d32eca,"blargg/dmg_sound","blargg/dmg_sound/rom_singles/07-len sweep period sync.gb",crash,0
2026-07-25T20:36:40Z,0d32eca,"blargg/dmg_sound","blargg/dmg_sound/rom_singles/08-len ctr during power.gb",crash,0
2026-07-25T20:36:40Z,0d32eca,"blargg/dmg_sound","blargg/dmg_sound/rom_singles/09-wave read while on.gb",crash,0
2026-07-25T20:36:40Z,0d32eca,"blargg/dmg_sound","blargg/dmg_sound/rom_singles/10-wave trigger while on.gb",crash,0
2026-07-25T20:36:40Z,0d32eca,"blargg/dmg_sound","blargg/dmg_sound/rom_singles/11-regs after power.gb",crash,0
2026-07-25T20:36:40Z,0d32eca,"blargg/dmg_sound","blargg/dmg_sound/rom_singles/12-wave write while on.gb",crash,0
2026-07-25T20:36:40Z,0d32eca,"blargg/halt_bug","blargg/halt_bug.gb",crash,0
2026-07-25T20:36:40Z,0d32eca,"blargg/instr_timing","blargg/instr_timing/instr_timing.gb",crash,0
2026-07-25T20:36:40Z,0d32eca,"blargg/interrupt_time","blargg/interrupt_time/interrupt_time.gb",crash,0
2026-07-25T20:36:40Z,0d32eca,"blargg/mem_timing-2","blargg/mem_timing-2/mem_timing.gb",crash,0
2026-07-25T20:36:40Z,0d32eca,"blargg/mem_timing-2","blargg/mem_timing-2/rom_singles/01-read_timing.gb",crash,0
2026-07-25T20:36:40Z,0d32eca,"blargg/mem_timing-2","blargg/mem_timing-2/rom_singles/02-write_timing.gb",crash,0
2026-07-25T20:36:40Z,0d32eca,"blargg/mem_timing-2","blargg/mem_timing-2/rom_singles/03-modify_timing.gb",crash,0
2026-07-25T20:36:40Z,0d32eca,"blargg/mem_timing","blargg/mem_timing/individual/01-read_timing.gb",crash,0
2026-07-25T20:36:40Z,0d32eca,"blargg/mem_timing","blargg/mem_timing/individual/02-write_timing.gb",crash,0
2026-07-25T20:36:40Z,0d32eca,"blargg/mem_timing","blargg/mem_timing/individual/03-modify_timing.gb",crash,0
2026-07-25T20:36:40Z,0d32eca,"blargg/mem_timing","blargg/mem_timing/mem_timing.gb",crash,0
2026-07-25T20:36:40Z,0d32eca,"blargg/oam_bug","blargg/oam_bug/oam_bug.gb",crash,0
2026-07-25T20:36:40Z,0d32eca,"blargg/oam_bug","blargg/oam_bug/rom_singles/1-lcd_sync.gb",crash,0
2026-07-25T20:36:40Z,0d32eca,"blargg/oam_bug","blargg/oam_bug/rom_singles/2-causes.gb",crash,0
2026-07-25T20:36:40Z,0d32eca,"blargg/oam_bug","blargg/oam_bug/rom_singles/3-non_causes.gb",crash,0
2026-07-25T20:36:40Z,0d32eca,"blargg/oam_bug","blargg/oam_bug/rom_singles/4-scanline_timing.gb",crash,0
2026-07-25T20:36:40Z,0d32eca,"blargg/oam_bug","blargg/oam_bug/rom_singles/5-timing_bug.gb",crash,0
2026-07-25T20:36:40Z,0d32eca,"blargg/oam_bug","blargg/oam_bug/rom_singles/6-timing_no_bug.gb",crash,0
2026-07-25T20:36:40Z,0d32eca,"blargg/oam_bug","blargg/oam_bug/rom_singles/7-timing_effect.gb",crash,0
2026-07-25T20:36:40Z,0d32eca,"blargg/oam_bug","blargg/oam_bug/rom_singles/8-instr_effect.gb",crash,0
2026-07-25T20:36:40Z,0d32eca,"dmg-acid2","dmg-acid2/dmg-acid2.gb",crash,0
2026-07-25T20:36:40Z,0d32eca,"mooneye/acceptance","mooneye/acceptance/add_sp_e_timing.gb",crash,0
2026-07-25T20:36:40Z,0d32eca,"mooneye/acceptance","mooneye/acceptance/bits/mem_oam.gb",crash,0
2026-07-25T20:36:40Z,0d32eca,"mooneye/acceptance","mooneye/acceptance/bits/reg_f.gb",crash,0
2026-07-25T20:36:40Z,0d32eca,"mooneye/acceptance","mooneye/acceptance/bits/unused_hwio-GS.gb",crash,0
2026-07-25T20:36:40Z,0d32eca,"mooneye/acceptance-nondmg","mooneye/acceptance/boot_div2-S.gb",crash,0
2026-07-25T20:36:40Z,0d32eca,"mooneye/acceptance-nondmg","mooneye/acceptance/boot_div-dmg0.gb",crash,0
2026-07-25T20:36:40Z,0d32eca,"mooneye/acceptance","mooneye/acceptance/boot_div-dmgABCmgb.gb",crash,0
2026-07-25T20:36:40Z,0d32eca,"mooneye/acceptance-nondmg","mooneye/acceptance/boot_div-S.gb",crash,0
2026-07-25T20:36:40Z,0d32eca,"mooneye/acceptance-nondmg","mooneye/acceptance/boot_hwio-dmg0.gb",crash,0
2026-07-25T20:36:40Z,0d32eca,"mooneye/acceptance","mooneye/acceptance/boot_hwio-dmgABCmgb.gb",crash,0
2026-07-25T20:36:40Z,0d32eca,"mooneye/acceptance-nondmg","mooneye/acceptance/boot_hwio-S.gb",crash,0
2026-07-25T20:36:40Z,0d32eca,"mooneye/acceptance-nondmg","mooneye/acceptance/boot_regs-dmg0.gb",crash,0
2026-07-25T20:36:40Z,0d32eca,"mooneye/acceptance","mooneye/acceptance/boot_regs-dmgABC.gb",crash,0
2026-07-25T20:36:40Z,0d32eca,"mooneye/acceptance-nondmg","mooneye/acceptance/boot_regs-mgb.gb",crash,0
2026-07-25T20:36:40Z,0d32eca,"mooneye/acceptance-nondmg","mooneye/acceptance/boot_regs-sgb2.gb",crash,0
2026-07-25T20:36:40Z,0d32eca,"mooneye/acceptance-nondmg","mooneye/acceptance/boot_regs-sgb.gb",crash,0
2026-07-25T20:36:40Z,0d32eca,"mooneye/acceptance","mooneye/acceptance/call_cc_timing2.gb",crash,0
2026-07-25T20:36:40Z,0d32eca,"mooneye/acceptance","mooneye/acceptance/call_cc_timing.gb",crash,0
2026-07-25T20:36:40Z,0d32eca,"mooneye/acceptance","mooneye/acceptance/call_timing2.gb",crash,0
2026-07-25T20:36:40Z,0d32eca,"mooneye/acceptance","mooneye/acceptance/call_timing.gb",crash,0
2026-07-25T20:36:40Z,0d32eca,"mooneye/acceptance","mooneye/acceptance/di_timing-GS.gb",crash,0
2026-07-25T20:36:40Z,0d32eca,"mooneye/acceptance","mooneye/acceptance/div_timing.gb",crash,0
2026-07-25T20:36:40Z,0d32eca,"mooneye/acceptance","mooneye/acceptance/ei_sequence.gb",crash,0
2026-07-25T20:36:40Z,0d32eca,"mooneye/acceptance","mooneye/acceptance/ei_timing.gb",crash,0
2026-07-25T20:36:40Z,0d32eca,"mooneye/acceptance","mooneye/acceptance/halt_ime0_ei.gb",crash,0
2026-07-25T20:36:40Z,0d32eca,"mooneye/acceptance","mooneye/acceptance/halt_ime0_nointr_timing.gb",crash,0
2026-07-25T20:36:40Z,0d32eca,"mooneye/acceptance","mooneye/acceptance/halt_ime1_timing2-GS.gb",crash,0
2026-07-25T20:36:40Z,0d32eca,"mooneye/acceptance","mooneye/acceptance/halt_ime1_timing.gb",crash,0
2026-07-25T20:36:40Z,0d32eca,"mooneye/acceptance","mooneye/acceptance/if_ie_registers.gb",crash,0
2026-07-25T20:36:40Z,0d32eca,"mooneye/acceptance","mooneye/acceptance/instr/daa.gb",crash,0
2026-07-25T20:36:40Z,0d32eca,"mooneye/acceptance","mooneye/acceptance/interrupts/ie_push.gb",crash,0
2026-07-25T20:36:40Z,0d32eca,"mooneye/acceptance","mooneye/acceptance/intr_timing.gb",crash,0
2026-07-25T20:36:40Z,0d32eca,"mooneye/acceptance","mooneye/acceptance/jp_cc_timing.gb",crash,0
2026-07-25T20:36:40Z,0d32eca,"mooneye/acceptance","mooneye/acceptance/jp_timing.gb",crash,0
2026-07-25T20:36:40Z,0d32eca,"mooneye/acceptance","mooneye/acceptance/ld_hl_sp_e_timing.gb",crash,0
2026-07-25T20:36:40Z,0d32eca,"mooneye/acceptance","mooneye/acceptance/oam_dma/basic.gb",crash,0
2026-07-25T20:36:40Z,0d32eca,"mooneye/acceptance","mooneye/acceptance/oam_dma/reg_read.gb",crash,0
2026-07-25T20:36:40Z,0d32eca,"mooneye/acceptance","mooneye/acceptance/oam_dma_restart.gb",crash,0
2026-07-25T20:36:40Z,0d32eca,"mooneye/acceptance","mooneye/acceptance/oam_dma/sources-GS.gb",crash,0
2026-07-25T20:36:40Z,0d32eca,"mooneye/acceptance","mooneye/acceptance/oam_dma_start.gb",crash,0
2026-07-25T20:36:40Z,0d32eca,"mooneye/acceptance","mooneye/acceptance/oam_dma_timing.gb",crash,0
2026-07-25T20:36:40Z,0d32eca,"mooneye/acceptance","mooneye/acceptance/pop_timing.gb",crash,0
2026-07-25T20:36:40Z,0d32eca,"mooneye/acceptance","mooneye/acceptance/ppu/hblank_ly_scx_timing-GS.gb",crash,0
2026-07-25T20:36:40Z,0d32eca,"mooneye/acceptance","mooneye/acceptance/ppu/intr_1_2_timing-GS.gb",crash,0
2026-07-25T20:36:40Z,0d32eca,"mooneye/acceptance","mooneye/acceptance/ppu/intr_2_0_timing.gb",crash,0
2026-07-25T20:36:40Z,0d32eca,"mooneye/acceptance","mooneye/acceptance/ppu/intr_2_mode0_timing.gb",crash,0
2026-07-25T20:36:40Z,0d32eca,"mooneye/acceptance","mooneye/acceptance/ppu/intr_2_mode0_timing_sprites.gb",crash,0
2026-07-25T20:36:40Z,0d32eca,"mooneye/acceptance","mooneye/acceptance/ppu/intr_2_mode3_timing.gb",crash,0
2026-07-25T20:36:40Z,0d32eca,"mooneye/acceptance","mooneye/acceptance/ppu/intr_2_oam_ok_timing.gb",crash,0
2026-07-25T20:36:40Z,0d32eca,"mooneye/acceptance","mooneye/acceptance/ppu/lcdon_timing-GS.gb",crash,0
2026-07-25T20:36:40Z,0d32eca,"mooneye/acceptance","mooneye/acceptance/ppu/lcdon_write_timing-GS.gb",crash,0
2026-07-25T20:36:40Z,0d32eca,"mooneye/acceptance","mooneye/acceptance/ppu/stat_irq_blocking.gb",crash,0
2026-07-25T20:36:40Z,0d32eca,"mooneye/acceptance","mooneye/acceptance/ppu/stat_lyc_onoff.gb",crash,0
2026-07-25T20:36:40Z,0d32eca,"mooneye/acceptance","mooneye/acceptance/ppu/vblank_stat_intr-GS.gb",crash,0
2026-07-25T20:36:40Z,0d32eca,"mooneye/acceptance","mooneye/acceptance/push_timing.gb",crash,0
2026-07-25T20:36:40Z,0d32eca,"mooneye/acceptance","mooneye/acceptance/rapid_di_ei.gb",crash,0
2026-07-25T20:36:40Z,0d32eca,"mooneye/acceptance","mooneye/acceptance/ret_cc_timing.gb",crash,0
2026-07-25T20:36:40Z,0d32eca,"mooneye/acceptance","mooneye/acceptance/reti_intr_timing.gb",crash,0
2026-07-25T20:36:40Z,0d32eca,"mooneye/acceptance","mooneye/acceptance/reti_timing.gb",crash,0
2026-07-25T20:36:40Z,0d32eca,"mooneye/acceptance","mooneye/acceptance/ret_timing.gb",crash,0
2026-07-25T20:36:40Z,0d32eca,"mooneye/acceptance","mooneye/acceptance/rst_timing.gb",crash,0
2026-07-25T20:36:40Z,0d32eca,"mooneye/acceptance","mooneye/acceptance/serial/boot_sclk_align-dmgABCmgb.gb",crash,0
2026-07-25T20:36:40Z,0d32eca,"mooneye/acceptance","mooneye/acceptance/timer/div_write.gb",crash,0
2026-07-25T20:36:40Z,0d32eca,"mooneye/acceptance","mooneye/acceptance/timer/rapid_toggle.gb",crash,0
2026-07-25T20:36:40Z,0d32eca,"mooneye/acceptance","mooneye/acceptance/timer/tim00_div_trigger.gb",crash,0
2026-07-25T20:36:40Z,0d32eca,"mooneye/acceptance","mooneye/acceptance/timer/tim00.gb",crash,0
2026-07-25T20:36:40Z,0d32eca,"mooneye/acceptance","mooneye/acceptance/timer/tim01_div_trigger.gb",crash,0
2026-07-25T20:36:40Z,0d32eca,"mooneye/acceptance","mooneye/acceptance/timer/tim01.gb",crash,0
2026-07-25T20:36:40Z,0d32eca,"mooneye/acceptance","mooneye/acceptance/timer/tim10_div_trigger.gb",crash,0
2026-07-25T20:36:40Z,0d32eca,"mooneye/acceptance","mooneye/acceptance/timer/tim10.gb",crash,0
2026-07-25T20:36:40Z,0d32eca,"mooneye/acceptance","mooneye/acceptance/timer/tim11_div_trigger.gb",crash,0
2026-07-25T20:36:40Z,0d32eca,"mooneye/acceptance","mooneye/acceptance/timer/tim11.gb",crash,0
2026-07-25T20:36:40Z,0d32eca,"mooneye/acceptance","mooneye/acceptance/timer/tima_reload.gb",crash,0
2026-07-25T20:36:40Z,0d32eca,"mooneye/acceptance","mooneye/acceptance/timer/tima_write_reloading.gb",crash,0
2026-07-25T20:36:40Z,0d32eca,"mooneye/acceptance","mooneye/acceptance/timer/tma_write_reloading.gb",crash,0
2026-07-26T01:13:23Z,8b1a7b2,"blargg/cpu_instrs","blargg/cpu_instrs/cpu_instrs.gb",crash,0
2026-07-26T01:13:23Z,8b1a7b2,"blargg/cpu_instrs","blargg/cpu_instrs/individual/01-special.gb",crash,0
2026-07-26T01:13:23Z,8b1a7b2,"blargg/cpu_instrs","blargg/cpu_instrs/individual/02-interrupts.gb",crash,0
2026-07-26T01:13:23Z,8b1a7b2,"blargg/cpu_instrs","blargg/cpu_instrs/individual/03-op sp,hl.gb",crash,0
2026-07-26T01:13:23Z,8b1a7b2,"blargg/cpu_instrs","blargg/cpu_instrs/individual/04-op r,imm.gb",crash,0
2026-07-26T01:13:23Z,8b1a7b2,"blargg/cpu_instrs","blargg/cpu_instrs/individual/05-op rp.gb",crash,0
2026-07-26T01:13:23Z,8b1a7b2,"blargg/cpu_instrs","blargg/cpu_instrs/individual/06-ld r,r.gb",crash,0
2026-07-26T01:13:23Z,8b1a7b2,"blargg/cpu_instrs","blargg/cpu_instrs/individual/07-jr,jp,call,ret,rst.gb",crash,0
2026-07-26T01:13:23Z,8b1a7b2,"blargg/cpu_instrs","blargg/cpu_instrs/individual/08-misc instrs.gb",crash,0
2026-07-26T01:13:23Z,8b1a7b2,"blargg/cpu_instrs","blargg/cpu_instrs/individual/09-op r,r.gb",crash,0
2026-07-26T01:13:23Z,8b1a7b2,"blargg/cpu_instrs","blargg/cpu_instrs/individual/10-bit ops.gb",crash,0
2026-07-26T01:13:23Z,8b1a7b2,"blargg/cpu_instrs","blargg/cpu_instrs/individual/11-op a,(hl).gb",crash,0
2026-07-26T01:13:23Z,8b1a7b2,"blargg/dmg_sound","blargg/dmg_sound/dmg_sound.gb",crash,0
2026-07-26T01:13:23Z,8b1a7b2,"blargg/dmg_sound","blargg/dmg_sound/rom_singles/01-registers.gb",crash,0
2026-07-26T01:13:23Z,8b1a7b2,"blargg/dmg_sound","blargg/dmg_sound/rom_singles/02-len ctr.gb",crash,0
2026-07-26T01:13:23Z,8b1a7b2,"blargg/dmg_sound","blargg/dmg_sound/rom_singles/03-trigger.gb",crash,0
2026-07-26T01:13:23Z,8b1a7b2,"blargg/dmg_sound","blargg/dmg_sound/rom_singles/04-sweep.gb",crash,0
2026-07-26T01:13:23Z,8b1a7b2,"blargg/dmg_sound","blargg/dmg_sound/rom_singles/05-sweep details.gb",crash,0
2026-07-26T01:13:23Z,8b1a7b2,"blargg/dmg_sound","blargg/dmg_sound/rom_singles/06-overflow on trigger.gb",crash,0
2026-07-26T01:13:23Z,8b1a7b2,"blargg/dmg_sound","blargg/dmg_sound/rom_singles/07-len sweep period sync.gb",crash,0
2026-07-26T01:13:23Z,8b1a7b2,"blargg/dmg_sound","blargg/dmg_sound/rom_singles/08-len ctr during power.gb",crash,0
2026-07-26T01:13:23Z,8b1a7b2,"blargg/dmg_sound","blargg/dmg_sound/rom_singles/09-wave read while on.gb",crash,0
2026-07-26T01:13:23Z,8b1a7b2,"blargg/dmg_sound","blargg/dmg_sound/rom_singles/10-wave trigger while on.gb",crash,0
2026-07-26T01:13:23Z,8b1a7b2,"blargg/dmg_sound","blargg/dmg_sound/rom_singles/11-regs after power.gb",crash,0
2026-07-26T01:13:23Z,8b1a7b2,"blargg/dmg_sound","blargg/dmg_sound/rom_singles/12-wave write while on.gb",crash,0
2026-07-26T01:13:23Z,8b1a7b2,"blargg/halt_bug","blargg/halt_bug.gb",crash,0
2026-07-26T01:13:23Z,8b1a7b2,"blargg/instr_timing","blargg/instr_timing/instr_timing.gb",crash,0
2026-07-26T01:13:23Z,8b1a7b2,"blargg/interrupt_time","blargg/interrupt_time/interrupt_time.gb",crash,0
2026-07-26T01:13:23Z,8b1a7b2,"blargg/mem_timing-2","blargg/mem_timing-2/mem_timing.gb",crash,0
2026-07-26T01:13:23Z,8b1a7b2,"blargg/mem_timing-2","blargg/mem_timing-2/rom_singles/01-read_timing.gb",crash,0
2026-07-26T01:13:23Z,8b1a7b2,"blargg/mem_timing-2","blargg/mem_timing-2/rom_singles/02-write_timing.gb",crash,0
2026-07-26T01:13:23Z,8b1a7b2,"blargg/mem_timing-2","blargg/mem_timing-2/rom_singles/03-modify_timing.gb",crash,0
2026-07-26T01:13:23Z,8b1a7b2,"blargg/mem_timing","blargg/mem_timing/individual/01-read_timing.gb",crash,0
2026-07-26T01:13:23Z,8b1a7b2,"blargg/mem_timing","blargg/mem_timing/individual/02-write_timing.gb",crash,0
2026-07-26T01:13:23Z,8b1a7b2,"blargg/mem_timing","blargg/mem_timing/individual/03-modify_timing.gb",crash,0
2026-07-26T01:13:23Z,8b1a7b2,"blargg/mem_timing","blargg/mem_timing/mem_timing.gb",crash,0
2026-07-26T01:13:23Z,8b1a7b2,"blargg/oam_bug","blargg/oam_bug/oam_bug.gb",crash,0
2026-07-26T01:13:23Z,8b1a7b2,"blargg/oam_bug","blargg/oam_bug/rom_singles/1-lcd_sync.gb",crash,0
2026-07-26T01:13:23Z,8b1a7b2,"blargg/oam_bug","blargg/oam_bug/rom_singles/2-causes.gb",crash,0
2026-07-26T01:13:23Z,8b1a7b2,"blargg/oam_bug","blargg/oam_bug/rom_singles/3-non_causes.gb",crash,0
2026-07-26T01:13:23Z,8b1a7b2,"blargg/oam_bug","blargg/oam_bug/rom_singles/4-scanline_timing.gb",crash,0
2026-07-26T01:13:23Z,8b1a7b2,"blargg/oam_bug","blargg/oam_bug/rom_singles/5-timing_bug.gb",crash,0
2026-07-26T01:13:23Z,8b1a7b2,"blargg/oam_bug","blargg/oam_bug/rom_singles/6-timing_no_bug.gb",crash,0
2026-07-26T01:13:23Z,8b1a7b2,"blargg/oam_bug","blargg/oam_bug/rom_singles/7-timing_effect.gb",crash,0
2026-07-26T01:13:23Z,8b1a7b2,"blargg/oam_bug","blargg/oam_bug/rom_singles/8-instr_effect.gb",crash,0
2026-07-26T01:13:23Z,8b1a7b2,"dmg-acid2","dmg-acid2/dmg-acid2.gb",crash,0
2026-07-26T01:13:23Z,8b1a7b2,"mooneye/acceptance","mooneye/acceptance/add_sp_e_timing.gb",crash,0
2026-07-26T01:13:23Z,8b1a7b2,"mooneye/acceptance","mooneye/acceptance/bits/mem_oam.gb",crash,0
2026-07-26T01:13:23Z,8b1a7b2,"mooneye/acceptance","mooneye/acceptance/bits/reg_f.gb",crash,0
2026-07-26T01:13:23Z,8b1a7b2,"mooneye/acceptance","mooneye/acceptance/bits/unused_hwio-GS.gb",crash,0
2026-07-26T01:13:23Z,8b1a7b2,"mooneye/acceptance-nondmg","mooneye/acceptance/boot_div2-S.gb",crash,0
2026-07-26T01:13:23Z,8b1a7b2,"mooneye/acceptance-nondmg","mooneye/acceptance/boot_div-dmg0.gb",crash,0
2026-07-26T01:13:23Z,8b1a7b2,"mooneye/acceptance","mooneye/acceptance/boot_div-dmgABCmgb.gb",crash,0
2026-07-26T01:13:23Z,8b1a7b2,"mooneye/acceptance-nondmg","mooneye/acceptance/boot_div-S.gb",crash,0
2026-07-26T01:13:23Z,8b1a7b2,"mooneye/acceptance-nondmg","mooneye/acceptance/boot_hwio-dmg0.gb",crash,0
2026-07-26T01:13:23Z,8b1a7b2,"mooneye/acceptance","mooneye/acceptance/boot_hwio-dmgABCmgb.gb",crash,0
2026-07-26T01:13:23Z,8b1a7b2,"mooneye/acceptance-nondmg","mooneye/acceptance/boot_hwio-S.gb",crash,0
2026-07-26T01:13:23Z,8b1a7b2,"mooneye/acceptance-nondmg","mooneye/acceptance/boot_regs-dmg0.gb",crash,0
2026-07-26T01:13:23Z,8b1a7b2,"mooneye/acceptance","mooneye/acceptance/boot_regs-dmgABC.gb",crash,0
2026-07-26T01:13:23Z,8b1a7b2,"mooneye/acceptance-nondmg","mooneye/acceptance/boot_regs-mgb.gb",crash,0
2026-07-26T01:13:23Z,8b1a7b2,"mooneye/acceptance-nondmg","mooneye/acceptance/boot_regs-sgb2.gb",crash,0
2026-07-26T01:13:23Z,8b1a7b2,"mooneye/acceptance-nondmg","mooneye/acceptance/boot_regs-sgb.gb",crash,0
2026-07-26T01:13:23Z,8b1a7b2,"mooneye/acceptance","mooneye/acceptance/call_cc_timing2.gb",crash,0
2026-07-26T01:13:23Z,8b1a7b2,"mooneye/acceptance","mooneye/acceptance/call_cc_timing.gb",crash,0
2026-07-26T01:13:23Z,8b1a7b2,"mooneye/acceptance","mooneye/acceptance/call_timing2.gb",crash,0
2026-07-26T01:13:23Z,8b1a7b2,"mooneye/acceptance","mooneye/acceptance/call_timing.gb",crash,0
2026-07-26T01:13:23Z,8b1a7b2,"mooneye/acceptance","mooneye/acceptance/di_timing-GS.gb",crash,0
2026-07-26T01:13:23Z,8b1a7b2,"mooneye/acceptance","mooneye/acceptance/div_timing.gb",crash,0
2026-07-26T01:13:23Z,8b1a7b2,"mooneye/acceptance","mooneye/acceptance/ei_sequence.gb",crash,0
2026-07-26T01:13:23Z,8b1a7b2,"mooneye/acceptance","mooneye/acceptance/ei_timing.gb",crash,0
2026-07-26T01:13:23Z,8b1a7b2,"mooneye/acceptance","mooneye/acceptance/halt_ime0_ei.gb",crash,0
2026-07-26T01:13:23Z,8b1a7b2,"mooneye/acceptance","mooneye/acceptance/halt_ime0_nointr_timing.gb",crash,0
2026-07-26T01:13:23Z,8b1a7b2,"mooneye/acceptance","mooneye/acceptance/halt_ime1_timing2-GS.gb",crash,0
2026-07-26T01:13:23Z,8b1a7b2,"mooneye/acceptance","mooneye/acceptance/halt_ime1_timing.gb",crash,0
2026-07-26T01:13:23Z,8b1a7b2,"mooneye/acceptance","mooneye/acceptance/if_ie_registers.gb",crash,0
2026-07-26T01:13:23Z,8b1a7b2,"mooneye/acceptance","mooneye/acceptance/instr/daa.gb",crash,0
2026-07-26T01:13:23Z,8b1a7b2,"mooneye/acceptance","mooneye/acceptance/interrupts/ie_push.gb",crash,0
2026-07-26T01:13:23Z,8b1a7b2,"mooneye/acceptance","mooneye/acceptance/intr_timing.gb",crash,0
2026-07-26T01:13:23Z,8b1a7b2,"mooneye/acceptance","mooneye/acceptance/jp_cc_timing.gb",crash,0
2026-07-26T01:13:23Z,8b1a7b2,"mooneye/acceptance","mooneye/acceptance/jp_timing.gb",crash,0
2026-07-26T01:13:23Z,8b1a7b2,"mooneye/acceptance","mooneye/acceptance/ld_hl_sp_e_timing.gb",crash,0
2026-07-26T01:13:23Z,8b1a7b2,"mooneye/acceptance","mooneye/acceptance/oam_dma/basic.gb",crash,0
2026-07-26T01:13:23Z,8b1a7b2,"mooneye/acceptance","mooneye/acceptance/oam_dma/reg_read.gb",crash,0
2026-07-26T01:13:23Z,8b1a7b2,"mooneye/acceptance","mooneye/acceptance/oam_dma_restart.gb",crash,0
2026-07-26T01:13:23Z,8b1a7b2,"mooneye/acceptance","mooneye/acceptance/oam_dma/sources-GS.gb",crash,0
2026-07-26T01:13:23Z,8b1a7b2,"mooneye/acceptance","mooneye/acceptance/oam_dma_start.gb",crash,0
2026-07-26T01:13:23Z,8b1a7b2,"mooneye/acceptance","mooneye/acceptance/oam_dma_timing.gb",crash,0
2026-07-26T01:13:23Z,8b1a7b2,"mooneye/acceptance","mooneye/acceptance/pop_timing.gb",crash,0
2026-07-26T01:13:23Z,8b1a7b2,"mooneye/acceptance","mooneye/acceptance/ppu/hblank_ly_scx_timing-GS.gb",crash,0
2026-07-26T01:13:23Z,8b1a7b2,"mooneye/acceptance","mooneye/acceptance/ppu/intr_1_2_timing-GS.gb",crash,0
2026-07-26T01:13:23Z,8b1a7b2,"mooneye/acceptance","mooneye/acceptance/ppu/intr_2_0_timing.gb",crash,0
2026-07-26T01:13:23Z,8b1a7b2,"mooneye/acceptance","mooneye/acceptance/ppu/intr_2_mode0_timing.gb",crash,0
2026-07-26T01:13:23Z,8b1a7b2,"mooneye/acceptance","mooneye/acceptance/ppu/intr_2_mode0_timing_sprites.gb",crash,0
2026-07-26T01:13:23Z,8b1a7b2,"mooneye/acceptance","mooneye/acceptance/ppu/intr_2_mode3_timing.gb",crash,0
2026-07-26T01:13:23Z,8b1a7b2,"mooneye/acceptance","mooneye/acceptance/ppu/intr_2_oam_ok_timing.gb",crash,0
2026-07-26T01:13:23Z,8b1a7b2,"mooneye/acceptance","mooneye/acceptance/ppu/lcdon_timing-GS.gb",crash,0
2026-07-26T01:13:23Z,8b1a7b2,"mooneye/acceptance","mooneye/acceptance/ppu/lcdon_write_timing-GS.gb",crash,0
2026-07-26T01:13:23Z,8b1a7b2,"mooneye/acceptance","mooneye/acceptance/ppu/stat_irq_blocking.gb",crash,0
2026-07-26T01:13:23Z,8b1a7b2,"mooneye/acceptance","mooneye/acceptance/ppu/stat_lyc_onoff.gb",crash,0
2026-07-26T01:13:23Z,8b1a7b2,"mooneye/acceptance","mooneye/acceptance/ppu/vblank_stat_intr-GS.gb",crash,0
2026-07-26T01:13:23Z,8b1a7b2,"mooneye/acceptance","mooneye/acceptance/push_timing.gb",crash,0
2026-07-26T01:13:23Z,8b1a7b2,"mooneye/acceptance","mooneye/acceptance/rapid_di_ei.gb",crash,0
2026-07-26T01:13:23Z,8b1a7b2,"mooneye/acceptance","mooneye/acceptance/ret_cc_timing.gb",crash,0
2026-07-26T01:13:23Z,8b1a7b2,"mooneye/acceptance","mooneye/acceptance/reti_intr_timing.gb",crash,0
2026-07-26T01:13:23Z,8b1a7b2,"mooneye/acceptance","mooneye/acceptance/reti_timing.gb",crash,0
2026-07-26T01:13:23Z,8b1a7b2,"mooneye/acceptance","mooneye/acceptance/ret_timing.gb",crash,0
2026-07-26T01:13:23Z,8b1a7b2,"mooneye/acceptance","mooneye/acceptance/rst_timing.gb",crash,0
2026-07-26T01:13:23Z,8b1a7b2,"mooneye/acceptance","mooneye/acceptance/serial/boot_sclk_align-dmgABCmgb.gb",crash,0
2026-07-26T01:13:23Z,8b1a7b2,"mooneye/acceptance","mooneye/acceptance/timer/div_write.gb",crash,0
2026-07-26T01:13:23Z,8b1a7b2,"mooneye/acceptance","mooneye/acceptance/timer/rapid_toggle.gb",crash,0
2026-07-26T01:13:23Z,8b1a7b2,"mooneye/acceptance","mooneye/acceptance/timer/tim00_div_trigger.gb",crash,0
2026-07-26T01:13:23Z,8b1a7b2,"mooneye/acceptance","mooneye/acceptance/timer/tim00.gb",crash,0
2026-07-26T01:13:23Z,8b1a7b2,"mooneye/acceptance","mooneye/acceptance/timer/tim01_div_trigger.gb",crash,0
2026-07-26T01:13:23Z,8b1a7b2,"mooneye/acceptance","mooneye/acceptance/timer/tim01.gb",crash,0
2026-07-26T01:13:23Z,8b1a7b2,"mooneye/acceptance","mooneye/acceptance/timer/tim10_div_trigger.gb",crash,0
2026-07-26T01:13:23Z,8b1a7b2,"mooneye/acceptance","mooneye/acceptance/timer/tim10.gb",crash,0
2026-07-26T01:13:23Z,8b1a7b2,"mooneye/acceptance","mooneye/acceptance/timer/tim11_div_trigger.gb",crash,0
2026-07-26T01:13:23Z,8b1a7b2,"mooneye/acceptance","mooneye/acceptance/timer/tim11.gb",crash,0
2026-07-26T01:13:23Z,8b1a7b2,"mooneye/acceptance","mooneye/acceptance/timer/tima_reload.gb",crash,0
2026-07-26T01:13:23Z,8b1a7b2,"mooneye/acceptance","mooneye/acceptance/timer/tima_write_reloading.gb",crash,0
2026-07-26T01:13:23Z,8b1a7b2,"mooneye/acceptance","mooneye/acceptance/timer/tma_write_reloading.gb",crash,0
2026-07-26T01:25:17Z,8ad6b40,"blargg/cpu_instrs","blargg/cpu_instrs/cpu_instrs.gb",crash,0
2026-07-26T01:25:17Z,8ad6b40,"blargg/cpu_instrs","blargg/cpu_instrs/individual/01-special.gb",crash,0
2026-07-26T01:25:17Z,8ad6b40,"blargg/cpu_instrs","blargg/cpu_instrs/individual/02-interrupts.gb",crash,0
2026-07-26T01:25:17Z,8ad6b40,"blargg/cpu_instrs","blargg/cpu_instrs/individual/03-op sp,hl.gb",crash,0
2026-07-26T01:25:17Z,8ad6b40,"blargg/cpu_instrs","blargg/cpu_instrs/individual/04-op r,imm.gb",crash,0
2026-07-26T01:25:17Z,8ad6b40,"blargg/cpu_instrs","blargg/cpu_instrs/individual/05-op rp.gb",crash,0
2026-07-26T01:25:17Z,8ad6b40,"blargg/cpu_instrs","blargg/cpu_instrs/individual/06-ld r,r.gb",crash,0
2026-07-26T01:25:17Z,8ad6b40,"blargg/cpu_instrs","blargg/cpu_instrs/individual/07-jr,jp,call,ret,rst.gb",crash,0
2026-07-26T01:25:17Z,8ad6b40,"blargg/cpu_instrs","blargg/cpu_instrs/individual/08-misc instrs.gb",crash,0
2026-07-26T01:25:17Z,8ad6b40,"blargg/cpu_instrs","blargg/cpu_instrs/individual/09-op r,r.gb",crash,0
2026-07-26T01:25:17Z,8ad6b40,"blargg/cpu_instrs","blargg/cpu_instrs/individual/10-bit ops.gb",crash,0
2026-07-26T01:25:17Z,8ad6b40,"blargg/cpu_instrs","blargg/cpu_instrs/individual/11-op a,(hl).gb",crash,0
2026-07-26T01:25:17Z,8ad6b40,"blargg/dmg_sound","blargg/dmg_sound/dmg_sound.gb",crash,0
2026-07-26T01:25:17Z,8ad6b40,"blargg/dmg_sound","blargg/dmg_sound/rom_singles/01-registers.gb",crash,0
2026-07-26T01:25:17Z,8ad6b40,"blargg/dmg_sound","blargg/dmg_sound/rom_singles/02-len ctr.gb",crash,0
2026-07-26T01:25:17Z,8ad6b40,"blargg/dmg_sound","blargg/dmg_sound/rom_singles/03-trigger.gb",crash,0
2026-07-26T01:25:17Z,8ad6b40,"blargg/dmg_sound","blargg/dmg_sound/rom_singles/04-sweep.gb",crash,0
2026-07-26T01:25:17Z,8ad6b40,"blargg/dmg_sound","blargg/dmg_sound/rom_singles/05-sweep details.gb",crash,0
2026-07-26T01:25:17Z,8ad6b40,"blargg/dmg_sound","blargg/dmg_sound/rom_singles/06-overflow on trigger.gb",crash,0
2026-07-26T01:25:17Z,8ad6b40,"blargg/dmg_sound","blargg/dmg_sound/rom_singles/07-len sweep period sync.gb",crash,0
2026-07-26T01:25:17Z,8ad6b40,"blargg/dmg_sound","blargg/dmg_sound/rom_singles/08-len ctr during power.gb",crash,0
2026-07-26T01:25:17Z,8ad6b40,"blargg/dmg_sound","blargg/dmg_sound/rom_singles/09-wave read while on.gb",crash,0
2026-07-26T01:25:17Z,8ad6b40,"blargg/dmg_sound","blargg/dmg_sound/rom_singles/10-wave trigger while on.gb",crash,0
2026-07-26T01:25:17Z,8ad6b40,"blargg/dmg_sound","blargg/dmg_sound/rom_singles/11-regs after power.gb",crash,0
2026-07-26T01:25:17Z,8ad6b40,"blargg/dmg_sound","blargg/dmg_sound/rom_singles/12-wave write while on.gb",crash,0
2026-07-26T01:25:17Z,8ad6b40,"blargg/halt_bug","blargg/halt_bug.gb",crash,0
2026-07-26T01:25:17Z,8ad6b40,"blargg/instr_timing","blargg/instr_timing/instr_timing.gb",crash,0
2026-07-26T01:25:17Z,8ad6b40,"blargg/interrupt_time","blargg/interrupt_time/interrupt_time.gb",crash,0
2026-07-26T01:25:17Z,8ad6b40,"blargg/mem_timing-2","blargg/mem_timing-2/mem_timing.gb",crash,0
2026-07-26T01:25:17Z,8ad6b40,"blargg/mem_timing-2","blargg/mem_timing-2/rom_singles/01-read_timing.gb",crash,0
2026-07-26T01:25:17Z,8ad6b40,"blargg/mem_timing-2","blargg/mem_timing-2/rom_singles/02-write_timing.gb",crash,0
2026-07-26T01:25:17Z,8ad6b40,"blargg/mem_timing-2","blargg/mem_timing-2/rom_singles/03-modify_timing.gb",crash,0
2026-07-26T01:25:17Z,8ad6b40,"blargg/mem_timing","blargg/mem_timing/individual/01-read_timing.gb",crash,0
2026-07-26T01:25:17Z,8ad6b40,"blargg/mem_timing","blargg/mem_timing/individual/02-write_timing.gb",crash,0
2026-07-26T01:25:17Z,8ad6b40,"blargg/mem_timing","blargg/mem_timing/individual/03-modify_timing.gb",crash,0
2026-07-26T01:25:17Z,8ad6b40,"blargg/mem_timing","blargg/mem_timing/mem_timing.gb",crash,0
2026-07-26T01:25:17Z,8ad6b40,"blargg/oam_bug","blargg/oam_bug/oam_bug.gb",crash,0
2026-07-26T01:25:17Z,8ad6b40,"blargg/oam_bug","blargg/oam_bug/rom_singles/1-lcd_sync.gb",crash,0
2026-07-26T01:25:17Z,8ad6b40,"blargg/oam_bug","blargg/oam_bug/rom_singles/2-causes.gb",crash,0
2026-07-26T01:25:17Z,8ad6b40,"blargg/oam_bug","blargg/oam_bug/rom_singles/3-non_causes.gb",crash,0
2026-07-26T01:25:17Z,8ad6b40,"blargg/oam_bug","blargg/oam_bug/rom_singles/4-scanline_timing.gb",crash,0
2026-07-26T01:25:17Z,8ad6b40,"blargg/oam_bug","blargg/oam_bug/rom_singles/5-timing_bug.gb",crash,0
2026-07-26T01:25:17Z,8ad6b40,"blargg/oam_bug","blargg/oam_bug/rom_singles/6-timing_no_bug.gb",crash,0
2026-07-26T01:25:17Z,8ad6b40,"blargg/oam_bug","blargg/oam_bug/rom_singles/7-timing_effect.gb",crash,0
2026-07-26T01:25:17Z,8ad6b40,"blargg/oam_bug","blargg/oam_bug/rom_singles/8-instr_effect.gb",crash,0
2026-07-26T01:25:17Z,8ad6b40,"dmg-acid2","dmg-acid2/dmg-acid2.gb",crash,0
2026-07-26T01:25:17Z,8ad6b40,"mooneye/acceptance","mooneye/acceptance/add_sp_e_timing.gb",crash,0
2026-07-26T01:25:17Z,8ad6b40,"mooneye/acceptance","mooneye/acceptance/bits/mem_oam.gb",crash,0
2026-07-26T01:25:17Z,8ad6b40,"mooneye/acceptance","mooneye/acceptance/bits/reg_f.gb",crash,0
2026-07-26T01:25:17Z,8ad6b40,"mooneye/acceptance","mooneye/acceptance/bits/unused_hwio-GS.gb",crash,0
2026-07-26T01:25:17Z,8ad6b40,"mooneye/acceptance-nondmg","mooneye/acceptance/boot_div2-S.gb",crash,0
2026-07-26T01:25:17Z,8ad6b40,"mooneye/acceptance-nondmg","mooneye/acceptance/boot_div-dmg0.gb",crash,0
2026-07-26T01:25:17Z,8ad6b40,"mooneye/acceptance","mooneye/acceptance/boot_div-dmgABCmgb.gb",crash,0
2026-07-26T01:25:17Z,8ad6b40,"mooneye/acceptance-nondmg","mooneye/acceptance/boot_div-S.gb",crash,0
2026-07-26T01:25:17Z,8ad6b40,"mooneye/acceptance-nondmg","mooneye/acceptance/boot_hwio-dmg0.gb",crash,0
2026-07-26T01:25:17Z,8ad6b40,"mooneye/acceptance","mooneye/acceptance/boot_hwio-dmgABCmgb.gb",crash,0
2026-07-26T01:25:17Z,8ad6b40,"mooneye/acceptance-nondmg","mooneye/acceptance/boot_hwio-S.gb",crash,0
2026-07-26T01:25:17Z,8ad6b40,"mooneye/acceptance-nondmg","mooneye/acceptance/boot_regs-dmg0.gb",crash,0
2026-07-26T01:25:17Z,8ad6b40,"mooneye/acceptance","mooneye/acceptance/boot_regs-dmgABC.gb",crash,0
2026-07-26T01:25:17Z,8ad6b40,"mooneye/acceptance-nondmg","mooneye/acceptance/boot_regs-mgb.gb",crash,0
2026-07-26T01:25:17Z,8ad6b40,"mooneye/acceptance-nondmg","mooneye/acceptance/boot_regs-sgb2.gb",crash,0
2026-07-26T01:25:17Z,8ad6b40,"mooneye/acceptance-nondmg","mooneye/acceptance/boot_regs-sgb.gb",crash,0
2026-07-26T01:25:17Z,8ad6b40,"mooneye/acceptance","mooneye/acceptance/call_cc_timing2.gb",crash,0
2026-07-26T01:25:17Z,8ad6b40,"mooneye/acceptance","mooneye/acceptance/call_cc_timing.gb",crash,0
2026-07-26T01:25:17Z,8ad6b40,"mooneye/acceptance","mooneye/acceptance/call_timing2.gb",crash,0
2026-07-26T01:25:17Z,8ad6b40,"mooneye/acceptance","mooneye/acceptance/call_timing.gb",crash,0
2026-07-26T01:25:17Z,8ad6b40,"mooneye/acceptance","mooneye/acceptance/di_timing-GS.gb",crash,0
2026-07-26T01:25:17Z,8ad6b40,"mooneye/acceptance","mooneye/acceptance/div_timing.gb",crash,0
2026-07-26T01:25:17Z,8ad6b40,"mooneye/acceptance","mooneye/acceptance/ei_sequence.gb",crash,0
2026-07-26T01:25:17Z,8ad6b40,"mooneye/acceptance","mooneye/acceptance/ei_timing.gb",crash,0
2026-07-26T01:25:17Z,8ad6b40,"mooneye/acceptance","mooneye/acceptance/halt_ime0_ei.gb",crash,0
2026-07-26T01:25:17Z,8ad6b40,"mooneye/acceptance","mooneye/acceptance/halt_ime0_nointr_timing.gb",crash,0
2026-07-26T01:25:17Z,8ad6b40,"mooneye/acceptance","mooneye/acceptance/halt_ime1_timing2-GS.gb",crash,0
2026-07-26T01:25:17Z,8ad6b40,"mooneye/acceptance","mooneye/acceptance/halt_ime1_timing.gb",crash,0
2026-07-26T01:25:17Z,8ad6b40,"mooneye/acceptance","mooneye/acceptance/if_ie_registers.gb",crash,0
2026-07-26T01:25:17Z,8ad6b40,"mooneye/acceptance","mooneye/acceptance/instr/daa.gb",crash,0
2026-07-26T01:25:17Z,8ad6b40,"mooneye/acceptance","mooneye/acceptance/interrupts/ie_push.gb",crash,0
2026-07-26T01:25:17Z,8ad6b40,"mooneye/acceptance","mooneye/acceptance/intr_timing.gb",crash,0
2026-07-26T01:25:17Z,8ad6b40,"mooneye/acceptance","mooneye/acceptance/jp_cc_timing.gb",crash,0
2026-07-26T01:25:17Z,8ad6b40,"mooneye/acceptance","mooneye/acceptance/jp_timing.gb",crash,0
2026-07-26T01:25:17Z,8ad6b40,"mooneye/acceptance","mooneye/acceptance/ld_hl_sp_e_timing.gb",crash,0
2026-07-26T01:25:17Z,8ad6b40,"mooneye/acceptance","mooneye/acceptance/oam_dma/basic.gb",crash,0
2026-07-26T01:25:17Z,8ad6b40,"mooneye/acceptance","mooneye/acceptance/oam_dma/reg_read.gb",crash,0
2026-07-26T01:25:17Z,8ad6b40,"mooneye/acceptance","mooneye/acceptance/oam_dma_restart.gb",crash,0
2026-07-26T01:25:17Z,8ad6b40,"mooneye/acceptance","mooneye/acceptance/oam_dma/sources-GS.gb",crash,0
2026-07-26T01:25:17Z,8ad6b40,"mooneye/acceptance","mooneye/acceptance/oam_dma_start.gb",crash,0
2026-07-26T01:25:17Z,8ad6b40,"mooneye/acceptance","mooneye/acceptance/oam_dma_timing.gb",crash,0
2026-07-26T01:25:17Z,8ad6b40,"mooneye/acceptance","mooneye/acceptance/pop_timing.gb",crash,0
2026-07-26T01:25:17Z,8ad6b40,"mooneye/acceptance","mooneye/acceptance/ppu/hblank_ly_scx_timing-GS.gb",crash,0
2026-07-26T01:25:17Z,8ad6b40,"mooneye/acceptance","mooneye/acceptance/ppu/intr_1_2_timing-GS.gb",crash,0
2026-07-26T01:25:17Z,8ad6b40,"mooneye/acceptance","mooneye/acceptance/ppu/intr_2_0_timing.gb",crash,0
2026-07-26T01:25:17Z,8ad6b40,"mooneye/acceptance","mooneye/acceptance/ppu/intr_2_mode0_timing.gb",crash,0
2026-07-26T01:25:17Z,8ad6b40,"mooneye/acceptance","mooneye/acceptance/ppu/intr_2_mode0_timing_sprites.gb",crash,0
2026-07-26T01:25:17Z,8ad6b40,"mooneye/acceptance","mooneye/acceptance/ppu/intr_2_mode3_timing.gb",crash,0
2026-07-26T01:25:17Z,8ad6b40,"mooneye/acceptance","mooneye/acceptance/ppu/intr_2_oam_ok_timing.gb",crash,0
2026-07-26T01:25:17Z,8ad6b40,"mooneye/acceptance","mooneye/acceptance/ppu/lcdon_timing-GS.gb",crash,0
2026-07-26T01:25:17Z,8ad6b40,"mooneye/acceptance","mooneye/acceptance/ppu/lcdon_write_timing-GS.gb",crash,0
2026-07-26T01:25:17Z,8ad6b40,"mooneye/acceptance","mooneye/acceptance/ppu/stat_irq_blocking.gb",crash,0
2026-07-26T01:25:17Z,8ad6b40,"mooneye/acceptance","mooneye/acceptance/ppu/stat_lyc_onoff.gb",crash,0
2026-07-26T01:25:17Z,8ad6b40,"mooneye/acceptance","mooneye/acceptance/ppu/vblank_stat_intr-GS.gb",crash,0
2026-07-26T01:25:17Z,8ad6b40,"mooneye/acceptance","mooneye/acceptance/push_timing.gb",crash,0
2026-07-26T01:25:17Z,8ad6b40,"mooneye/acceptance","mooneye/acceptance/rapid_di_ei.gb",crash,0
2026-07-26T01:25:17Z,8ad6b40,"mooneye/acceptance","mooneye/acceptance/ret_cc_timing.gb",crash,0
2026-07-26T01:25:17Z,8ad6b40,"mooneye/acceptance","mooneye/acceptance/reti_intr_timing.gb",crash,0
2026-07-26T01:25:17Z,8ad6b40,"mooneye/acceptance","mooneye/acceptance/reti_timing.gb",crash,0
2026-07-26T01:25:17Z,8ad6b40,"mooneye/acceptance","mooneye/acceptance/ret_timing.gb",crash,0
2026-07-26T01:25:17Z,8ad6b40,"mooneye/acceptance","mooneye/acceptance/rst_timing.gb",crash,0
2026-07-26T01:25:17Z,8ad6b40,"mooneye/acceptance","mooneye/acceptance/serial/boot_sclk_align-dmgABCmgb.gb",crash,0
2026-07-26T01:25:17Z,8ad6b40,"mooneye/acceptance","mooneye/acceptance/timer/div_write.gb",crash,0
2026-07-26T01:25:17Z,8ad6b40,"mooneye/acceptance","mooneye/acceptance/timer/rapid_toggle.gb",crash,0
2026-07-26T01:25:17Z,8ad6b40,"mooneye/acceptance","mooneye/acceptance/timer/tim00_div_trigger.gb",crash,0
2026-07-26T01:25:17Z,8ad6b40,"mooneye/acceptance","mooneye/acceptance/timer/tim00.gb",crash,0
2026-07-26T01:25:17Z,8ad6b40,"mooneye/acceptance","mooneye/acceptance/timer/tim01_div_trigger.gb",crash,0
2026-07-26T01:25:17Z,8ad6b40,"mooneye/acceptance","mooneye/acceptance/timer/tim01.gb",crash,0
2026-07-26T01:25:17Z,8ad6b40,"mooneye/acceptance","mooneye/acceptance/timer/tim10_div_trigger.gb",crash,0
2026-07-26T01:25:17Z,8ad6b40,"mooneye/acceptance","mooneye/acceptance/timer/tim10.gb",crash,0
2026-07-26T01:25:17Z,8ad6b40,"mooneye/acceptance","mooneye/acceptance/timer/tim11_div_trigger.gb",crash,0
2026-07-26T01:25:17Z,8ad6b40,"mooneye/acceptance","mooneye/acceptance/timer/tim11.gb",crash,0
2026-07-26T01:25:17Z,8ad6b40,"mooneye/acceptance","mooneye/acceptance/timer/tima_reload.gb",crash,0
2026-07-26T01:25:17Z,8ad6b40,"mooneye/acceptance","mooneye/acceptance/timer/tima_write_reloading.gb",crash,0
2026-07-26T01:25:17Z,8ad6b40,"mooneye/acceptance","mooneye/acceptance/timer/tma_write_reloading.gb",crash,0
2026-07-26T01:44:36Z,6c29ecc,"blargg/cpu_instrs","blargg/cpu_instrs/cpu_instrs.gb",crash,0
2026-07-26T01:44:36Z,6c29ecc,"blargg/cpu_instrs","blargg/cpu_instrs/individual/01-special.gb",crash,0
2026-07-26T01:44:36Z,6c29ecc,"blargg/cpu_instrs","blargg/cpu_instrs/individual/02-interrupts.gb",crash,0
2026-07-26T01:44:36Z,6c29ecc,"blargg/cpu_instrs","blargg/cpu_instrs/individual/03-op sp,hl.gb",crash,0
2026-07-26T01:44:36Z,6c29ecc,"blargg/cpu_instrs","blargg/cpu_instrs/individual/04-op r,imm.gb",crash,0
2026-07-26T01:44:36Z,6c29ecc,"blargg/cpu_instrs","blargg/cpu_instrs/individual/05-op rp.gb",crash,0
2026-07-26T01:44:36Z,6c29ecc,"blargg/cpu_instrs","blargg/cpu_instrs/individual/06-ld r,r.gb",crash,0
2026-07-26T01:44:36Z,6c29ecc,"blargg/cpu_instrs","blargg/cpu_instrs/individual/07-jr,jp,call,ret,rst.gb",crash,0
2026-07-26T01:44:36Z,6c29ecc,"blargg/cpu_instrs","blargg/cpu_instrs/individual/08-misc instrs.gb",crash,0
2026-07-26T01:44:36Z,6c29ecc,"blargg/cpu_instrs","blargg/cpu_instrs/individual/09-op r,r.gb",crash,0
2026-07-26T01:44:36Z,6c29ecc,"blargg/cpu_instrs","blargg/cpu_instrs/individual/10-bit ops.gb",crash,0
2026-07-26T01:44:36Z,6c29ecc,"blargg/cpu_instrs","blargg/cpu_instrs/individual/11-op a,(hl).gb",crash,0
2026-07-26T01:44:36Z,6c29ecc,"blargg/dmg_sound","blargg/dmg_sound/dmg_sound.gb",crash,0
2026-07-26T01:44:36Z,6c29ecc,"blargg/dmg_sound","blargg/dmg_sound/rom_singles/01-registers.gb",crash,0
2026-07-26T01:44:36Z,6c29ecc,"blargg/dmg_sound","blargg/dmg_sound/rom_singles/02-len ctr.gb",crash,0
2026-07-26T01:44:36Z,6c29ecc,"blargg/dmg_sound","blargg/dmg_sound/rom_singles/03-trigger.gb",crash,0
2026-07-26T01:44:36Z,6c29ecc,"blargg/dmg_sound","blargg/dmg_sound/rom_singles/04-sweep.gb",crash,0
2026-07-26T01:44:36Z,6c29ecc,"blargg/dmg_sound","blargg/dmg_sound/rom_singles/05-sweep details.gb",crash,0
2026-07-26T01:44:36Z,6c29ecc,"blargg/dmg_sound","blargg/dmg_sound/rom_singles/06-overflow on trigger.gb",crash,0
2026-07-26T01:44:36Z,6c29ecc,"blargg/dmg_sound","blargg/dmg_sound/rom_singles/07-len sweep period sync.gb",crash,0
2026-07-26T01:44:36Z,6c29ecc,"blargg/dmg_sound","blargg/dmg_sound/rom_singles/08-len ctr during power.gb",crash,0
2026-07-26T01:44:36Z,6c29ecc,"blargg/dmg_sound","blargg/dmg_sound/rom_singles/09-wave read while on.gb",crash,0
2026-07-26T01:44:36Z,6c29ecc,"blargg/dmg_sound","blargg/dmg_sound/rom_singles/10-wave trigger while on.gb",crash,0
2026-07-26T01:44:36Z,6c29ecc,"blargg/dmg_sound","blargg/dmg_sound/rom_singles/11-regs after power.gb",crash,0
2026-07-26T01:44:36Z,6c29ecc,"blargg/dmg_sound","blargg/dmg_sound/rom_singles/12-wave write while on.gb",crash,0
2026-07-26T01:44:36Z,6c29ecc,"blargg/halt_bug","blargg/halt_bug.gb",crash,0
2026-07-26T01:44:36Z,6c29ecc,"blargg/instr_timing","blargg/instr_timing/instr_timing.gb",crash,0
2026-07-26T01:44:36Z,6c29ecc,"blargg/interrupt_time","blargg/interrupt_time/interrupt_time.gb",crash,0
2026-07-26T01:44:36Z,6c29ecc,"blargg/mem_timing-2","blargg/mem_timing-2/mem_timing.gb",crash,0
2026-07-26T01:44:36Z,6c29ecc,"blargg/mem_timing-2","blargg/mem_timing-2/rom_singles/01-read_timing.gb",crash,0
2026-07-26T01:44:36Z,6c29ecc,"blargg/mem_timing-2","blargg/mem_timing-2/rom_singles/02-write_timing.gb",crash,0
2026-07-26T01:44:36Z,6c29ecc,"blargg/mem_timing-2","blargg/mem_timing-2/rom_singles/03-modify_timing.gb",crash,0
2026-07-26T01:44:36Z,6c29ecc,"blargg/mem_timing","blargg/mem_timing/individual/01-read_timing.gb",crash,0
2026-07-26T01:44:36Z,6c29ecc,"blargg/mem_timing","blargg/mem_timing/individual/02-write_timing.gb",crash,0
2026-07-26T01:44:36Z,6c29ecc,"blargg/mem_timing","blargg/mem_timing/individual/03-modify_timing.gb",crash,0
2026-07-26T01:44:36Z,6c29ecc,"blargg/mem_timing","blargg/mem_timing/mem_timing.gb",crash,0
2026-07-26T01:44:36Z,6c29ecc,"blargg/oam_bug","blargg/oam_bug/oam_bug.gb",crash,0
2026-07-26T01:44:36Z,6c29ecc,"blargg/oam_bug","blargg/oam_bug/rom_singles/1-lcd_sync.gb",crash,0
2026-07-26T01:44:36Z,6c29ecc,"blargg/oam_bug","blargg/oam_bug/rom_singles/2-causes.gb",crash,0
2026-07-26T01:44:36Z,6c29ecc,"blargg/oam_bug","blargg/oam_bug/rom_singles/3-non_causes.gb",crash,0
2026-07-26T01:44:36Z,6c29ecc,"blargg/oam_bug","blargg/oam_bug/rom_singles/4-scanline_timing.gb",crash,0
2026-07-26T01:44:36Z,6c29ecc,"blargg/oam_bug","blargg/oam_bug/rom_singles/5-timing_bug.gb",crash,0
2026-07-26T01:44:36Z,6c29ecc,"blargg/oam_bug","blargg/oam_bug/rom_singles/6-timing_no_bug.gb",crash,0
2026-07-26T01:44:36Z,6c29ecc,"blargg/oam_bug","blargg/oam_bug/rom_singles/7-timing_effect.gb",crash,0
2026-07-26T01:44:36Z,6c29ecc,"blargg/oam_bug","blargg/oam_bug/rom_singles/8-instr_effect.gb",crash,0
2026-07-26T01:44:36Z,6c29ecc,"dmg-acid2","dmg-acid2/dmg-acid2.gb",crash,0
2026-07-26T01:44:36Z,6c29ecc,"mooneye/acceptance","mooneye/acceptance/add_sp_e_timing.gb",crash,0
2026-07-26T01:44:36Z,6c29ecc,"mooneye/acceptance","mooneye/acceptance/bits/mem_oam.gb",crash,0
2026-07-26T01:44:36Z,6c29ecc,"mooneye/acceptance","mooneye/acceptance/bits/reg_f.gb",crash,0
2026-07-26T01:44:36Z,6c29ecc,"mooneye/acceptance","mooneye/acceptance/bits/unused_hwio-GS.gb",crash,0
2026-07-26T01:44:36Z,6c29ecc,"mooneye/acceptance-nondmg","mooneye/acceptance/boot_div2-S.gb",crash,0
2026-07-26T01:44:36Z,6c29ecc,"mooneye/acceptance-nondmg","mooneye/acceptance/boot_div-dmg0.gb",crash,0
2026-07-26T01:44:36Z,6c29ecc,"mooneye/acceptance","mooneye/acceptance/boot_div-dmgABCmgb.gb",crash,0
2026-07-26T01:44:36Z,6c29ecc,"mooneye/acceptance-nondmg","mooneye/acceptance/boot_div-S.gb",crash,0
2026-07-26T01:44:36Z,6c29ecc,"mooneye/acceptance-nondmg","mooneye/acceptance/boot_hwio-dmg0.gb",crash,0
2026-07-26T01:44:36Z,6c29ecc,"mooneye/acceptance","mooneye/acceptance/boot_hwio-dmgABCmgb.gb",crash,0
2026-07-26T01:44:36Z,6c29ecc,"mooneye/acceptance-nondmg","mooneye/acceptance/boot_hwio-S.gb",crash,0
2026-07-26T01:44:36Z,6c29ecc,"mooneye/acceptance-nondmg","mooneye/acceptance/boot_regs-dmg0.gb",crash,0
2026-07-26T01:44:36Z,6c29ecc,"mooneye/acceptance","mooneye/acceptance/boot_regs-dmgABC.gb",crash,0
2026-07-26T01:44:36Z,6c29ecc,"mooneye/acceptance-nondmg","mooneye/acceptance/boot_regs-mgb.gb",crash,0
2026-07-26T01:44:36Z,6c29ecc,"mooneye/acceptance-nondmg","mooneye/acceptance/boot_regs-sgb2.gb",crash,0
2026-07-26T01:44:36Z,6c29ecc,"mooneye/acceptance-nondmg","mooneye/acceptance/boot_regs-sgb.gb",crash,0
2026-07-26T01:44:36Z,6c29ecc,"mooneye/acceptance","mooneye/acceptance/call_cc_timing2.gb",crash,0
2026-07-26T01:44:36Z,6c29ecc,"mooneye/acceptance","mooneye/acceptance/call_cc_timing.gb",crash,0
2026-07-26T01:44:36Z,6c29ecc,"mooneye/acceptance","mooneye/acceptance/call_timing2.gb",crash,0
2026-07-26T01:44:36Z,6c29ecc,"mooneye/acceptance","mooneye/acceptance/call_timing.gb",crash,0
2026-07-26T01:44:36Z,6c29ecc,"mooneye/acceptance","mooneye/acceptance/di_timing-GS.gb",crash,0
2026-07-26T01:44:36Z,6c29ecc,"mooneye/acceptance","mooneye/acceptance/div_timing.gb",crash,0
2026-07-26T01:44:36Z,6c29ecc,"mooneye/acceptance","mooneye/acceptance/ei_sequence.gb",crash,0
2026-07-26T01:44:36Z,6c29ecc,"mooneye/acceptance","mooneye/acceptance/ei_timing.gb",crash,0
2026-07-26T01:44:36Z,6c29ecc,"mooneye/acceptance","mooneye/acceptance/halt_ime0_ei.gb",crash,0
2026-07-26T01:44:36Z,6c29ecc,"mooneye/acceptance","mooneye/acceptance/halt_ime0_nointr_timing.gb",crash,0
2026-07-26T01:44:36Z,6c29ecc,"mooneye/acceptance","mooneye/acceptance/halt_ime1_timing2-GS.gb",crash,0
2026-07-26T01:44:36Z,6c29ecc,"mooneye/acceptance","mooneye/acceptance/halt_ime1_timing.gb",crash,0
2026-07-26T01:44:36Z,6c29ecc,"mooneye/acceptance","mooneye/acceptance/if_ie_registers.gb",crash,0
2026-07-26T01:44:36Z,6c29ecc,"mooneye/acceptance","mooneye/acceptance/instr/daa.gb",crash,0
2026-07-26T01:44:36Z,6c29ecc,"mooneye/acceptance","mooneye/acceptance/interrupts/ie_push.gb",crash,0
2026-07-26T01:44:36Z,6c29ecc,"mooneye/acceptance","mooneye/acceptance/intr_timing.gb",crash,0
2026-07-26T01:44:36Z,6c29ecc,"mooneye/acceptance","mooneye/acceptance/jp_cc_timing.gb",crash,0
2026-07-26T01:44:36Z,6c29ecc,"mooneye/acceptance","mooneye/acceptance/jp_timing.gb",crash,0
2026-07-26T01:44:36Z,6c29ecc,"mooneye/acceptance","mooneye/acceptance/ld_hl_sp_e_timing.gb",crash,0
2026-07-26T01:44:36Z,6c29ecc,"mooneye/acceptance","mooneye/acceptance/oam_dma/basic.gb",crash,0
2026-07-26T01:44:36Z,6c29ecc,"mooneye/acceptance","mooneye/acceptance/oam_dma/reg_read.gb",crash,0
2026-07-26T01:44:36Z,6c29ecc,"mooneye/acceptance","mooneye/acceptance/oam_dma_restart.gb",crash,0
2026-07-26T01:44:36Z,6c29ecc,"mooneye/acceptance","mooneye/acceptance/oam_dma/sources-GS.gb",crash,0
2026-07-26T01:44:36Z,6c29ecc,"mooneye/acceptance","mooneye/acceptance/oam_dma_start.gb",crash,0
2026-07-26T01:44:36Z,6c29ecc,"mooneye/acceptance","mooneye/acceptance/oam_dma_timing.gb",crash,0
2026-07-26T01:44:36Z,6c29ecc,"mooneye/acceptance","mooneye/acceptance/pop_timing.gb",crash,0
2026-07-26T01:44:36Z,6c29ecc,"mooneye/acceptance","mooneye/acceptance/ppu/hblank_ly_scx_timing-GS.gb",crash,0
2026-07-26T01:44:36Z,6c29ecc,"mooneye/acceptance","mooneye/acceptance/ppu/intr_1_2_timing-GS.gb",crash,0
2026-07-26T01:44:36Z,6c29ecc,"mooneye/acceptance","mooneye/acceptance/ppu/intr_2_0_timing.gb",crash,0
2026-07-26T01:44:36Z,6c29ecc,"mooneye/acceptance","mooneye/acceptance/ppu/intr_2_mode0_timing.gb",crash,0
2026-07-26T01:44:36Z,6c29ecc,"mooneye/acceptance","mooneye/acceptance/ppu/intr_2_mode0_timing_sprites.gb",crash,0
2026-07-26T01:44:36Z,6c29ecc,"mooneye/acceptance","mooneye/acceptance/ppu/intr_2_mode3_timing.gb",crash,0
2026-07-26T01:44:36Z,6c29ecc,"mooneye/acceptance","mooneye/acceptance/ppu/intr_2_oam_ok_timing.gb",crash,0
2026-07-26T01:44:36Z,6c29ecc,"mooneye/acceptance","mooneye/acceptance/ppu/lcdon_timing-GS.gb",crash,0
2026-07-26T01:44:36Z,6c29ecc,"mooneye/acceptance","mooneye/acceptance/ppu/lcdon_write_timing-GS.gb",crash,0
2026-07-26T01:44:36Z,6c29ecc,"mooneye/acceptance","mooneye/acceptance/ppu/stat_irq_blocking.gb",crash,0
2026-07-26T01:44:36Z,6c29ecc,"mooneye/acceptance","mooneye/acceptance/ppu/stat_lyc_onoff.gb",crash,0
2026-07-26T01:44:36Z,6c29ecc,"mooneye/acceptance","mooneye/acceptance/ppu/vblank_stat_intr-GS.gb",crash,0
2026-07-26T01:44:36Z,6c29ecc,"mooneye/acceptance","mooneye/acceptance/push_timing.gb",crash,0
2026-07-26T01:44:36Z,6c29ecc,"mooneye/acceptance","mooneye/acceptance/rapid_di_ei.gb",crash,0
2026-07-26T01:44:36Z,6c29ecc,"mooneye/acceptance","mooneye/acceptance/ret_cc_timing.gb",crash,0
2026-07-26T01:44:36Z,6c29ecc,"mooneye/acceptance","mooneye/acceptance/reti_intr_timing.gb",crash,0
2026-07-26T01:44:36Z,6c29ecc,"mooneye/acceptance","mooneye/acceptance/reti_timing.gb",crash,0
2026-07-26T01:44:36Z,6c29ecc,"mooneye/acceptance","mooneye/acceptance/ret_timing.gb",crash,0
2026-07-26T01:44:36Z,6c29ecc,"mooneye/acceptance","mooneye/acceptance/rst_timing.gb",crash,0
2026-07-26T01:44:36Z,6c29ecc,"mooneye/acceptance","mooneye/acceptance/serial/boot_sclk_align-dmgABCmgb.gb",crash,0
2026-07-26T01:44:36Z,6c29ecc,"mooneye/acceptance","mooneye/acceptance/timer/div_write.gb",crash,0
2026-07-26T01:44:36Z,6c29ecc,"mooneye/acceptance","mooneye/acceptance/timer/rapid_toggle.gb",crash,0
2026-07-26T01:44:36Z,6c29ecc,"mooneye/acceptance","mooneye/acceptance/timer/tim00_div_trigger.gb",crash,0
2026-07-26T01:44:36Z,6c29ecc,"mooneye/acceptance","mooneye/acceptance/timer/tim00.gb",crash,0
2026-07-26T01:44:36Z,6c29ecc,"mooneye/acceptance","mooneye/acceptance/timer/tim01_div_trigger.gb",crash,0
2026-07-26T01:44:36Z,6c29ecc,"mooneye/acceptance","mooneye/acceptance/timer/tim01.gb",crash,0
2026-07-26T01:44:36Z,6c29ecc,"mooneye/acceptance","mooneye/acceptance/timer/tim10_div_trigger.gb",crash,0
2026-07-26T01:44:36Z,6c29ecc,"mooneye/acceptance","mooneye/acceptance/timer/tim10.gb",crash,0
2026-07-26T01:44:36Z,6c29ecc,"mooneye/acceptance","mooneye/acceptance/timer/tim11_div_trigger.gb",crash,0
2026-07-26T01:44:36Z,6c29ecc,"mooneye/acceptance","mooneye/acceptance/timer/tim11.gb",crash,0
2026-07-26T01:44:36Z,6c29ecc,"mooneye/acceptance","mooneye/acceptance/timer/tima_reload.gb",crash,0
2026-07-26T01:44:36Z,6c29ecc,"mooneye/acceptance","mooneye/acceptance/timer/tima_write_reloading.gb",crash,0
2026-07-26T01:44:36Z,6c29ecc,"mooneye/acceptance","mooneye/acceptance/timer/tma_write_reloading.gb",crash,0
2026-07-26T02:08:08Z,7a60049,"blargg/cpu_instrs","blargg/cpu_instrs/cpu_instrs.gb",crash,0
2026-07-26T02:08:08Z,7a60049,"blargg/cpu_instrs","blargg/cpu_instrs/individual/01-special.gb",crash,0
2026-07-26T02:08:08Z,7a60049,"blargg/cpu_instrs","blargg/cpu_instrs/individual/02-interrupts.gb",crash,0
2026-07-26T02:08:08Z,7a60049,"blargg/cpu_instrs","blargg/cpu_instrs/individual/03-op sp,hl.gb",crash,0
2026-07-26T02:08:08Z,7a60049,"blargg/cpu_instrs","blargg/cpu_instrs/individual/04-op r,imm.gb",crash,0
2026-07-26T02:08:08Z,7a60049,"blargg/cpu_instrs","blargg/cpu_instrs/individual/05-op rp.gb",crash,0
2026-07-26T02:08:08Z,7a60049,"blargg/cpu_instrs","blargg/cpu_instrs/individual/06-ld r,r.gb",crash,0
2026-07-26T02:08:08Z,7a60049,"blargg/cpu_instrs","blargg/cpu_instrs/individual/07-jr,jp,call,ret,rst.gb",crash,0
2026-07-26T02:08:08Z,7a60049,"blargg/cpu_instrs","blargg/cpu_instrs/individual/08-misc instrs.gb",crash,0
2026-07-26T02:08:08Z,7a60049,"blargg/cpu_instrs","blargg/cpu_instrs/individual/09-op r,r.gb",crash,0
2026-07-26T02:08:08Z,7a60049,"blargg/cpu_instrs","blargg/cpu_instrs/individual/10-bit ops.gb",crash,0
2026-07-26T02:08:08Z,7a60049,"blargg/cpu_instrs","blargg/cpu_instrs/individual/11-op a,(hl).gb",crash,0
2026-07-26T02:08:08Z,7a60049,"blargg/dmg_sound","blargg/dmg_sound/dmg_sound.gb",crash,0
2026-07-26T02:08:08Z,7a60049,"blargg/dmg_sound","blargg/dmg_sound/rom_singles/01-registers.gb",crash,0
2026-07-26T02:08:08Z,7a60049,"blargg/dmg_sound","blargg/dmg_sound/rom_singles/02-len ctr.gb",crash,0
2026-07-26T02:08:08Z,7a60049,"blargg/dmg_sound","blargg/dmg_sound/rom_singles/03-trigger.gb",crash,0
2026-07-26T02:08:08Z,7a60049,"blargg/dmg_sound","blargg/dmg_sound/rom_singles/04-sweep.gb",crash,0
2026-07-26T02:08:08Z,7a60049,"blargg/dmg_sound","blargg/dmg_sound/rom_singles/05-sweep details.gb",crash,0
2026-07-26T02:08:08Z,7a60049,"blargg/dmg_sound","blargg/dmg_sound/rom_singles/06-overflow on trigger.gb",crash,0
2026-07-26T02:08:08Z,7a60049,"blargg/dmg_sound","blargg/dmg_sound/rom_singles/07-len sweep period sync.gb",crash,0
2026-07-26T02:08:08Z,7a60049,"blargg/dmg_sound","blargg/dmg_sound/rom_singles/08-len ctr during power.gb",crash,0
2026-07-26T02:08:08Z,7a60049,"blargg/dmg_sound","blargg/dmg_sound/rom_singles/09-wave read while on.gb",crash,0
2026-07-26T02:08:08Z,7a60049,"blargg/dmg_sound","blargg/dmg_sound/rom_singles/10-wave trigger while on.gb",crash,0
2026-07-26T02:08:08Z,7a60049,"blargg/dmg_sound","blargg/dmg_sound/rom_singles/11-regs after power.gb",crash,0
2026-07-26T02:08:08Z,7a60049,"blargg/dmg_sound","blargg/dmg_sound/rom_singles/12-wave write while on.gb",crash,0
2026-07-26T02:08:08Z,7a60049,"blargg/halt_bug","blargg/halt_bug.gb",crash,0
2026-07-26T02:08:08Z,7a60049,"blargg/instr_timing","blargg/instr_timing/instr_timing.gb",crash,0
2026-07-26T02:08:08Z,7a60049,"blargg/interrupt_time","blargg/interrupt_time/interrupt_time.gb",crash,0
2026-07-26T02:08:08Z,7a60049,"blargg/mem_timing-2","blargg/mem_timing-2/mem_timing.gb",crash,0
2026-07-26T02:08:08Z,7a60049,"blargg/mem_timing-2","blargg/mem_timing-2/rom_singles/01-read_timing.gb",crash,0
2026-07-26T02:08:08Z,7a60049,"blargg/mem_timing-2","blargg/mem_timing-2/rom_singles/02-write_timing.gb",crash,0
2026-07-26T02:08:08Z,7a60049,"blargg/mem_timing-2","blargg/mem_timing-2/rom_singles/03-modify_timing.gb",crash,0
2026-07-26T02:08:08Z,7a60049,"blargg/mem_timing","blargg/mem_timing/individual/01-read_timing.gb",crash,0
2026-07-26T02:08:08Z,7a60049,"blargg/mem_timing","blargg/mem_timing/individual/02-write_timing.gb",crash,0
2026-07-26T02:08:08Z,7a60049,"blargg/mem_timing","blargg/mem_timing/individual/03-modify_timing.gb",crash,0
2026-07-26T02:08:08Z,7a60049,"blargg/mem_timing","blargg/mem_timing/mem_timing.gb",crash,0
2026-07-26T02:08:08Z,7a60049,"blargg/oam_bug","blargg/oam_bug/oam_bug.gb",crash,0
2026-07-26T02:08:08Z,7a60049,"blargg/oam_bug","blargg/oam_bug/rom_singles/1-lcd_sync.gb",crash,0
2026-07-26T02:08:08Z,7a60049,"blargg/oam_bug","blargg/oam_bug/rom_singles/2-causes.gb",crash,0
2026-07-26T02:08:08Z,7a60049,"blargg/oam_bug","blargg/oam_bug/rom_singles/3-non_causes.gb",crash,0
2026-07-26T02:08:08Z,7a60049,"blargg/oam_bug","blargg/oam_bug/rom_singles/4-scanline_timing.gb",crash,0
2026-07-26T02:08:08Z,7a60049,"blargg/oam_bug","blargg/oam_bug/rom_singles/5-timing_bug.gb",crash,0
2026-07-26T02:08:08Z,7a60049,"blargg/oam_bug","blargg/oam_bug/rom_singles/6-timing_no_bug.gb",crash,0
2026-07-26T02:08:08Z,7a60049,"blargg/oam_bug","blargg/oam_bug/rom_singles/7-timing_effect.gb",crash,0
2026-07-26T02:08:08Z,7a60049,"blargg/oam_bug","blargg/oam_bug/rom_singles/8-instr_effect.gb",crash,0
2026-07-26T02:08:08Z,7a60049,"dmg-acid2","dmg-acid2/dmg-acid2.gb",crash,0
2026-07-26T02:08:08Z,7a60049,"mooneye/acceptance","mooneye/acceptance/add_sp_e_timing.gb",crash,0
2026-07-26T02:08:08Z,7a60049,"mooneye/acceptance","mooneye/acceptance/bits/mem_oam.gb",crash,0
2026-07-26T02:08:08Z,7a60049,"mooneye/acceptance","mooneye/acceptance/bits/reg_f.gb",crash,0
2026-07-26T02:08:08Z,7a60049,"mooneye/acceptance","mooneye/acceptance/bits/unused_hwio-GS.gb",crash,0
2026-07-26T02:08:08Z,7a60049,"mooneye/acceptance-nondmg","mooneye/acceptance/boot_div2-S.gb",crash,0
2026-07-26T02:08:08Z,7a60049,"mooneye/acceptance-nondmg","mooneye/acceptance/boot_div-dmg0.gb",crash,0
2026-07-26T02:08:08Z,7a60049,"mooneye/acceptance","mooneye/acceptance/boot_div-dmgABCmgb.gb",crash,0
2026-07-26T02:08:08Z,7a60049,"mooneye/acceptance-nondmg","mooneye/acceptance/boot_div-S.gb",crash,0
2026-07-26T02:08:08Z,7a60049,"mooneye/acceptance-nondmg","mooneye/acceptance/boot_hwio-dmg0.gb",crash,0
2026-07-26T02:08:08Z,7a60049,"mooneye/acceptance","mooneye/acceptance/boot_hwio-dmgABCmgb.gb",crash,0
2026-07-26T02:08:08Z,7a60049,"mooneye/acceptance-nondmg","mooneye/acceptance/boot_hwio-S.gb",crash,0
2026-07-26T02:08:08Z,7a60049,"mooneye/acceptance-nondmg","mooneye/acceptance/boot_regs-dmg0.gb",crash,0
2026-07-26T02:08:08Z,7a60049,"mooneye/acceptance","mooneye/acceptance/boot_regs-dmgABC.gb",crash,0
2026-07-26T02:08:08Z,7a60049,"mooneye/acceptance-nondmg","mooneye/acceptance/boot_regs-mgb.gb",crash,0
2026-07-26T02:08:08Z,7a60049,"mooneye/acceptance-nondmg","mooneye/acceptance/boot_regs-sgb2.gb",crash,0
2026-07-26T02:08:08Z,7a60049,"mooneye/acceptance-nondmg","mooneye/acceptance/boot_regs-sgb.gb",crash,0
2026-07-26T02:08:08Z,7a60049,"mooneye/acceptance","mooneye/acceptance/call_cc_timing2.gb",crash,0
2026-07-26T02:08:08Z,7a60049,"mooneye/acceptance","mooneye/acceptance/call_cc_timing.gb",crash,0
2026-07-26T02:08:08Z,7a60049,"mooneye/acceptance","mooneye/acceptance/call_timing2.gb",crash,0
2026-07-26T02:08:08Z,7a60049,"mooneye/acceptance","mooneye/acceptance/call_timing.gb",crash,0
2026-07-26T02:08:08Z,7a60049,"mooneye/acceptance","mooneye/acceptance/di_timing-GS.gb",crash,0
2026-07-26T02:08:08Z,7a60049,"mooneye/acceptance","mooneye/acceptance/div_timing.gb",crash,0
2026-07-26T02:08:08Z,7a60049,"mooneye/acceptance","mooneye/acceptance/ei_sequence.gb",crash,0
2026-07-26T02:08:08Z,7a60049,"mooneye/acceptance","mooneye/acceptance/ei_timing.gb",crash,0
2026-07-26T02:08:08Z,7a60049,"mooneye/acceptance","mooneye/acceptance/halt_ime0_ei.gb",crash,0
2026-07-26T02:08:08Z,7a60049,"mooneye/acceptance","mooneye/acceptance/halt_ime0_nointr_timing.gb",crash,0
2026-07-26T02:08:08Z,7a60049,"mooneye/acceptance","mooneye/acceptance/halt_ime1_timing2-GS.gb",crash,0
2026-07-26T02:08:08Z,7a60049,"mooneye/acceptance","mooneye/acceptance/halt_ime1_timing.gb",crash,0
2026-07-26T02:08:08Z,7a60049,"mooneye/acceptance","mooneye/acceptance/if_ie_registers.gb",crash,0
2026-07-26T02:08:08Z,7a60049,"mooneye/acceptance","mooneye/acceptance/instr/daa.gb",crash,0
2026-07-26T02:08:08Z,7a60049,"mooneye/acceptance","mooneye/acceptance/interrupts/ie_push.gb",crash,0
2026-07-26T02:08:08Z,7a60049,"mooneye/acceptance","mooneye/acceptance/intr_timing.gb",crash,0
2026-07-26T02:08:08Z,7a60049,"mooneye/acceptance","mooneye/acceptance/jp_cc_timing.gb",crash,0
2026-07-26T02:08:08Z,7a60049,"mooneye/acceptance","mooneye/acceptance/jp_timing.gb",crash,0
2026-07-26T02:08:08Z,7a60049,"mooneye/acceptance","mooneye/acceptance/ld_hl_sp_e_timing.gb",crash,0
2026-07-26T02:08:08Z,7a60049,"mooneye/acceptance","mooneye/acceptance/oam_dma/basic.gb",crash,0
2026-07-26T02:08:08Z,7a60049,"mooneye/acceptance","mooneye/acceptance/oam_dma/reg_read.gb",crash,0
2026-07-26T02:08:08Z,7a60049,"mooneye/acceptance","mooneye/acceptance/oam_dma_restart.gb",crash,0
2026-07-26T02:08:08Z,7a60049,"mooneye/acceptance","mooneye/acceptance/oam_dma/sources-GS.gb",crash,0
2026-07-26T02:08:08Z,7a60049,"mooneye/acceptance","mooneye/acceptance/oam_dma_start.gb",crash,0
2026-07-26T02:08:08Z,7a60049,"mooneye/acceptance","mooneye/acceptance/oam_dma_timing.gb",crash,0
2026-07-26T02:08:08Z,7a60049,"mooneye/acceptance","mooneye/acceptance/pop_timing.gb",crash,0
2026-07-26T02:08:08Z,7a60049,"mooneye/acceptance","mooneye/acceptance/ppu/hblank_ly_scx_timing-GS.gb",crash,0
2026-07-26T02:08:08Z,7a60049,"mooneye/acceptance","mooneye/acceptance/ppu/intr_1_2_timing-GS.gb",crash,0
2026-07-26T02:08:08Z,7a60049,"mooneye/acceptance","mooneye/acceptance/ppu/intr_2_0_timing.gb",crash,0
2026-07-26T02:08:08Z,7a60049,"mooneye/acceptance","mooneye/acceptance/ppu/intr_2_mode0_timing.gb",crash,0
2026-07-26T02:08:08Z,7a60049,"mooneye/acceptance","mooneye/acceptance/ppu/intr_2_mode0_timing_sprites.gb",crash,0
2026-07-26T02:08:08Z,7a60049,"mooneye/acceptance","mooneye/acceptance/ppu/intr_2_mode3_timing.gb",crash,0
2026-07-26T02:08:08Z,7a60049,"mooneye/acceptance","mooneye/acceptance/ppu/intr_2_oam_ok_timing.gb",crash,0
2026-07-26T02:08:08Z,7a60049,"mooneye/acceptance","mooneye/acceptance/ppu/lcdon_timing-GS.gb",crash,0
2026-07-26T02:08:08Z,7a60049,"mooneye/acceptance","mooneye/acceptance/ppu/lcdon_write_timing-GS.gb",crash,0
2026-07-26T02:08:08Z,7a60049,"mooneye/acceptance","mooneye/acceptance/ppu/stat_irq_blocking.gb",crash,0
2026-07-26T02:08:08Z,7a60049,"mooneye/acceptance","mooneye/acceptance/ppu/stat_lyc_onoff.gb",crash,0
2026-07-26T02:08:08Z,7a60049,"mooneye/acceptance","mooneye/acceptance/ppu/vblank_stat_intr-GS.gb",crash,0
2026-07-26T02:08:08Z,7a60049,"mooneye/acceptance","mooneye/acceptance/push_timing.gb",crash,0
2026-07-26T02:08:08Z,7a60049,"mooneye/acceptance","mooneye/acceptance/rapid_di_ei.gb",crash,0
2026-07-26T02:08:08Z,7a60049,"mooneye/acceptance","mooneye/acceptance/ret_cc_timing.gb",crash,0
2026-07-26T02:08:08Z,7a60049,"mooneye/acceptance","mooneye/acceptance/reti_intr_timing.gb",crash,0
2026-07-26T02:08:08Z,7a60049,"mooneye/acceptance","mooneye/acceptance/reti_timing.gb",crash,0
2026-07-26T02:08:08Z,7a60049,"mooneye/acceptance","mooneye/acceptance/ret_timing.gb",crash,0
2026-07-26T02:08:08Z,7a60049,"mooneye/acceptance","mooneye/acceptance/rst_timing.gb",crash,0
2026-07-26T02:08:08Z,7a60049,"mooneye/acceptance","mooneye/acceptance/serial/boot_sclk_align-dmgABCmgb.gb",crash,0
2026-07-26T02:08:08Z,7a60049,"mooneye/acceptance","mooneye/acceptance/timer/div_write.gb",crash,0
2026-07-26T02:08:08Z,7a60049,"mooneye/acceptance","mooneye/acceptance/timer/rapid_toggle.gb",crash,0
2026-07-26T02:08:08Z,7a60049,"mooneye/acceptance","mooneye/acceptance/timer/tim00_div_trigger.gb",crash,0
2026-07-26T02:08:08Z,7a60049,"mooneye/acceptance","mooneye/acceptance/timer/tim00.gb",crash,0
2026-07-26T02:08:08Z,7a60049,"mooneye/acceptance","mooneye/acceptance/timer/tim01_div_trigger.gb",crash,0
2026-07-26T02:08:08Z,7a60049,"mooneye/acceptance","mooneye/acceptance/timer/tim01.gb",crash,0
2026-07-26T02:08:08Z,7a60049,"mooneye/acceptance","mooneye/acceptance/timer/tim10_div_trigger.gb",crash,0
2026-07-26T02:08:08Z,7a60049,"mooneye/acceptance","mooneye/acceptance/timer/tim10.gb",crash,0
2026-07-26T02:08:08Z,7a60049,"mooneye/acceptance","mooneye/acceptance/timer/tim11_div_trigger.gb",crash,0
2026-07-26T02:08:08Z,7a60049,"mooneye/acceptance","mooneye/acceptance/timer/tim11.gb",crash,0
2026-07-26T02:08:08Z,7a60049,"mooneye/acceptance","mooneye/acceptance/timer/tima_reload.gb",crash,0
2026-07-26T02:08:08Z,7a60049,"mooneye/acceptance","mooneye/acceptance/timer/tima_write_reloading.gb",crash,0
2026-07-26T02:08:08Z,7a60049,"mooneye/acceptance","mooneye/acceptance/timer/tma_write_reloading.gb",crash,0
2026-07-26T02:33:59Z,b8e3a8f,"blargg/cpu_instrs","blargg/cpu_instrs/cpu_instrs.gb",crash,0
2026-07-26T02:33:59Z,b8e3a8f,"blargg/cpu_instrs","blargg/cpu_instrs/individual/01-special.gb",crash,0
2026-07-26T02:33:59Z,b8e3a8f,"blargg/cpu_instrs","blargg/cpu_instrs/individual/02-interrupts.gb",crash,0
2026-07-26T02:33:59Z,b8e3a8f,"blargg/cpu_instrs","blargg/cpu_instrs/individual/03-op sp,hl.gb",crash,0
2026-07-26T02:33:59Z,b8e3a8f,"blargg/cpu_instrs","blargg/cpu_instrs/individual/04-op r,imm.gb",crash,0
2026-07-26T02:33:59Z,b8e3a8f,"blargg/cpu_instrs","blargg/cpu_instrs/individual/05-op rp.gb",crash,0
2026-07-26T02:33:59Z,b8e3a8f,"blargg/cpu_instrs","blargg/cpu_instrs/individual/06-ld r,r.gb",crash,0
2026-07-26T02:33:59Z,b8e3a8f,"blargg/cpu_instrs","blargg/cpu_instrs/individual/07-jr,jp,call,ret,rst.gb",crash,0
2026-07-26T02:33:59Z,b8e3a8f,"blargg/cpu_instrs","blargg/cpu_instrs/individual/08-misc instrs.gb",crash,0
2026-07-26T02:33:59Z,b8e3a8f,"blargg/cpu_instrs","blargg/cpu_instrs/individual/09-op r,r.gb",crash,0
2026-07-26T02:33:59Z,b8e3a8f,"blargg/cpu_instrs","blargg/cpu_instrs/individual/10-bit ops.gb",crash,0
2026-07-26T02:33:59Z,b8e3a8f,"blargg/cpu_instrs","blargg/cpu_instrs/individual/11-op a,(hl).gb",crash,0
2026-07-26T02:33:59Z,b8e3a8f,"blargg/dmg_sound","blargg/dmg_sound/dmg_sound.gb",crash,0
2026-07-26T02:33:59Z,b8e3a8f,"blargg/dmg_sound","blargg/dmg_sound/rom_singles/01-registers.gb",crash,0
2026-07-26T02:33:59Z,b8e3a8f,"blargg/dmg_sound","blargg/dmg_sound/rom_singles/02-len ctr.gb",crash,0
2026-07-26T02:33:59Z,b8e3a8f,"blargg/dmg_sound","blargg/dmg_sound/rom_singles/03-trigger.gb",crash,0
2026-07-26T02:33:59Z,b8e3a8f,"blargg/dmg_sound","blargg/dmg_sound/rom_singles/04-sweep.gb",crash,0
2026-07-26T02:33:59Z,b8e3a8f,"blargg/dmg_sound","blargg/dmg_sound/rom_singles/05-sweep details.gb",crash,0
2026-07-26T02:33:59Z,b8e3a8f,"blargg/dmg_sound","blargg/dmg_sound/rom_singles/06-overflow on trigger.gb",crash,0
2026-07-26T02:33:59Z,b8e3a8f,"blargg/dmg_sound","blargg/dmg_sound/rom_singles/07-len sweep period sync.gb",crash,0
2026-07-26T02:33:59Z,b8e3a8f,"blargg/dmg_sound","blargg/dmg_sound/rom_singles/08-len ctr during power.gb",crash,0
2026-07-26T02:33:59Z,b8e3a8f,"blargg/dmg_sound","blargg/dmg_sound/rom_singles/09-wave read while on.gb",crash,0
2026-07-26T02:33:59Z,b8e3a8f,"blargg/dmg_sound","blargg/dmg_sound/rom_singles/10-wave trigger while on.gb",crash,0
2026-07-26T02:33:59Z,b8e3a8f,"blargg/dmg_sound","blargg/dmg_sound/rom_singles/11-regs after power.gb",crash,0
2026-07-26T02:33:59Z,b8e3a8f,"blargg/dmg_sound","blargg/dmg_sound/rom_singles/12-wave write while on.gb",crash,0
2026-07-26T02:33:59Z,b8e3a8f,"blargg/halt_bug","blargg/halt_bug.gb",crash,0
2026-07-26T02:33:59Z,b8e3a8f,"blargg/instr_timing","blargg/instr_timing/instr_timing.gb",crash,0
2026-07-26T02:33:59Z,b8e3a8f,"blargg/interrupt_time","blargg/interrupt_time/interrupt_time.gb",crash,0
2026-07-26T02:33:59Z,b8e3a8f,"blargg/mem_timing-2","blargg/mem_timing-2/mem_timing.gb",crash,0
2026-07-26T02:33:59Z,b8e3a8f,"blargg/mem_timing-2","blargg/mem_timing-2/rom_singles/01-read_timing.gb",crash,0
2026-07-26T02:33:59Z,b8e3a8f,"blargg/mem_timing-2","blargg/mem_timing-2/rom_singles/02-write_timing.gb",crash,0
2026-07-26T02:33:59Z,b8e3a8f,"blargg/mem_timing-2","blargg/mem_timing-2/rom_singles/03-modify_timing.gb",crash,0
2026-07-26T02:33:59Z,b8e3a8f,"blargg/mem_timing","blargg/mem_timing/individual/01-read_timing.gb",crash,0
2026-07-26T02:33:59Z,b8e3a8f,"blargg/mem_timing","blargg/mem_timing/individual/02-write_timing.gb",crash,0
2026-07-26T02:33:59Z,b8e3a8f,"blargg/mem_timing","blargg/mem_timing/individual/03-modify_timing.gb",crash,0
2026-07-26T02:33:59Z,b8e3a8f,"blargg/mem_timing","blargg/mem_timing/mem_timing.gb",crash,0
2026-07-26T02:33:59Z,b8e3a8f,"blargg/oam_bug","blargg/oam_bug/oam_bug.gb",crash,0
2026-07-26T02:33:59Z,b8e3a8f,"blargg/oam_bug","blargg/oam_bug/rom_singles/1-lcd_sync.gb",crash,0
2026-07-26T02:33:59Z,b8e3a8f,"blargg/oam_bug","blargg/oam_bug/rom_singles/2-causes.gb",crash,0
2026-07-26T02:33:59Z,b8e3a8f,"blargg/oam_bug","blargg/oam_bug/rom_singles/3-non_causes.gb",crash,0
2026-07-26T02:33:59Z,b8e3a8f,"blargg/oam_bug","blargg/oam_bug/rom_singles/4-scanline_timing.gb",crash,0
2026-07-26T02:33:59Z,b8e3a8f,"blargg/oam_bug","blargg/oam_bug/rom_singles/5-timing_bug.gb",crash,0
2026-07-26T02:33:59Z,b8e3a8f,"blargg/oam_bug","blargg/oam_bug/rom_singles/6-timing_no_bug.gb",crash,0
2026-07-26T02:33:59Z,b8e3a8f,"blargg/oam_bug","blargg/oam_bug/rom_singles/7-timing_effect.gb",crash,0
2026-07-26T02:33:59Z,b8e3a8f,"blargg/oam_bug","blargg/oam_bug/rom_singles/8-instr_effect.gb",crash,0
2026-07-26T02:33:59Z,b8e3a8f,"dmg-acid2","dmg-acid2/dmg-acid2.gb",crash,0
2026-07-26T02:33:59Z,b8e3a8f,"mooneye/acceptance","mooneye/acceptance/add_sp_e_timing.gb",crash,0
2026-07-26T02:33:59Z,b8e3a8f,"mooneye/acceptance","mooneye/acceptance/bits/mem_oam.gb",crash,0
2026-07-26T02:33:59Z,b8e3a8f,"mooneye/acceptance","mooneye/acceptance/bits/reg_f.gb",crash,0
2026-07-26T02:33:59Z,b8e3a8f,"mooneye/acceptance","mooneye/acceptance/bits/unused_hwio-GS.gb",crash,0
2026-07-26T02:33:59Z,b8e3a8f,"mooneye/acceptance-nondmg","mooneye/acceptance/boot_div2-S.gb",crash,0
2026-07-26T02:33:59Z,b8e3a8f,"mooneye/acceptance-nondmg","mooneye/acceptance/boot_div-dmg0.gb",crash,0
2026-07-26T02:33:59Z,b8e3a8f,"mooneye/acceptance","mooneye/acceptance/boot_div-dmgABCmgb.gb",crash,0
2026-07-26T02:33:59Z,b8e3a8f,"mooneye/acceptance-nondmg","mooneye/acceptance/boot_div-S.gb",crash,0
2026-07-26T02:33:59Z,b8e3a8f,"mooneye/acceptance-nondmg","mooneye/acceptance/boot_hwio-dmg0.gb",crash,0
2026-07-26T02:33:59Z,b8e3a8f,"mooneye/acceptance","mooneye/acceptance/boot_hwio-dmgABCmgb.gb",crash,0
2026-07-26T02:33:59Z,b8e3a8f,"mooneye/acceptance-nondmg","mooneye/acceptance/boot_hwio-S.gb",crash,0
2026-07-26T02:33:59Z,b8e3a8f,"mooneye/acceptance-nondmg","mooneye/acceptance/boot_regs-dmg0.gb",crash,0
2026-07-26T02:33:59Z,b8e3a8f,"mooneye/acceptance","mooneye/acceptance/boot_regs-dmgABC.gb",crash,0
2026-07-26T02:33:59Z,b8e3a8f,"mooneye/acceptance-nondmg","mooneye/acceptance/boot_regs-mgb.gb",crash,0
2026-07-26T02:33:59Z,b8e3a8f,"mooneye/acceptance-nondmg","mooneye/acceptance/boot_regs-sgb2.gb",crash,0
2026-07-26T02:33:59Z,b8e3a8f,"mooneye/acceptance-nondmg","mooneye/acceptance/boot_regs-sgb.gb",crash,0
2026-07-26T02:33:59Z,b8e3a8f,"mooneye/acceptance","mooneye/acceptance/call_cc_timing2.gb",crash,0
2026-07-26T02:33:59Z,b8e3a8f,"mooneye/acceptance","mooneye/acceptance/call_cc_timing.gb",crash,0
2026-07-26T02:33:59Z,b8e3a8f,"mooneye/acceptance","mooneye/acceptance/call_timing2.gb",crash,0
2026-07-26T02:33:59Z,b8e3a8f,"mooneye/acceptance","mooneye/acceptance/call_timing.gb",crash,0
2026-07-26T02:33:59Z,b8e3a8f,"mooneye/acceptance","mooneye/acceptance/di_timing-GS.gb",crash,0
2026-07-26T02:33:59Z,b8e3a8f,"mooneye/acceptance","mooneye/acceptance/div_timing.gb",crash,0
2026-07-26T02:33:59Z,b8e3a8f,"mooneye/acceptance","mooneye/acceptance/ei_sequence.gb",crash,0
2026-07-26T02:33:59Z,b8e3a8f,"mooneye/acceptance","mooneye/acceptance/ei_timing.gb",crash,0
2026-07-26T02:33:59Z,b8e3a8f,"mooneye/acceptance","mooneye/acceptance/halt_ime0_ei.gb",crash,0
2026-07-26T02:33:59Z,b8e3a8f,"mooneye/acceptance","mooneye/acceptance/halt_ime0_nointr_timing.gb",crash,0
2026-07-26T02:33:59Z,b8e3a8f,"mooneye/acceptance","mooneye/acceptance/halt_ime1_timing2-GS.gb",crash,0
2026-07-26T02:33:59Z,b8e3a8f,"mooneye/acceptance","mooneye/acceptance/halt_ime1_timing.gb",crash,0
2026-07-26T02:33:59Z,b8e3a8f,"mooneye/acceptance","mooneye/acceptance/if_ie_registers.gb",crash,0
2026-07-26T02:33:59Z,b8e3a8f,"mooneye/acceptance","mooneye/acceptance/instr/daa.gb",crash,0
2026-07-26T02:33:59Z,b8e3a8f,"mooneye/acceptance","mooneye/acceptance/interrupts/ie_push.gb",crash,0
2026-07-26T02:33:59Z,b8e3a8f,"mooneye/acceptance","mooneye/acceptance/intr_timing.gb",crash,0
2026-07-26T02:33:59Z,b8e3a8f,"mooneye/acceptance","mooneye/acceptance/jp_cc_timing.gb",crash,0
2026-07-26T02:33:59Z,b8e3a8f,"mooneye/acceptance","mooneye/acceptance/jp_timing.gb",crash,0
2026-07-26T02:33:59Z,b8e3a8f,"mooneye/acceptance","mooneye/acceptance/ld_hl_sp_e_timing.gb",crash,0
2026-07-26T02:33:59Z,b8e3a8f,"mooneye/acceptance","mooneye/acceptance/oam_dma/basic.gb",crash,0
2026-07-26T02:33:59Z,b8e3a8f,"mooneye/acceptance","mooneye/acceptance/oam_dma/reg_read.gb",crash,0
2026-07-26T02:33:59Z,b8e3a8f,"mooneye/acceptance","mooneye/acceptance/oam_dma_restart.gb",crash,0
2026-07-26T02:33:59Z,b8e3a8f,"mooneye/acceptance","mooneye/acceptance/oam_dma/sources-GS.gb",crash,0
2026-07-26T02:33:59Z,b8e3a8f,"mooneye/acceptance","mooneye/acceptance/oam_dma_start.gb",crash,0
2026-07-26T02:33:59Z,b8e3a8f,"mooneye/acceptance","mooneye/acceptance/oam_dma_timing.gb",crash,0
2026-07-26T02:33:59Z,b8e3a8f,"mooneye/acceptance","mooneye/acceptance/pop_timing.gb",crash,0
2026-07-26T02:33:59Z,b8e3a8f,"mooneye/acceptance","mooneye/acceptance/ppu/hblank_ly_scx_timing-GS.gb",crash,0
2026-07-26T02:33:59Z,b8e3a8f,"mooneye/acceptance","mooneye/acceptance/ppu/intr_1_2_timing-GS.gb",crash,0
2026-07-26T02:33:59Z,b8e3a8f,"mooneye/acceptance","mooneye/acceptance/ppu/intr_2_0_timing.gb",crash,0
2026-07-26T02:33:59Z,b8e3a8f,"mooneye/acceptance","mooneye/acceptance/ppu/intr_2_mode0_timing.gb",crash,0
2026-07-26T02:33:59Z,b8e3a8f,"mooneye/acceptance","mooneye/acceptance/ppu/intr_2_mode0_timing_sprites.gb",crash,0
2026-07-26T02:33:59Z,b8e3a8f,"mooneye/acceptance","mooneye/acceptance/ppu/intr_2_mode3_timing.gb",crash,0
2026-07-26T02:33:59Z,b8e3a8f,"mooneye/acceptance","mooneye/acceptance/ppu/intr_2_oam_ok_timing.gb",crash,0
2026-07-26T02:33:59Z,b8e3a8f,"mooneye/acceptance","mooneye/acceptance/ppu/lcdon_timing-GS.gb",crash,0
2026-07-26T02:33:59Z,b8e3a8f,"mooneye/acceptance","mooneye/acceptance/ppu/lcdon_write_timing-GS.gb",crash,0
2026-07-26T02:33:59Z,b8e3a8f,"mooneye/acceptance","mooneye/acceptance/ppu/stat_irq_blocking.gb",crash,0
2026-07-26T02:33:59Z,b8e3a8f,"mooneye/acceptance","mooneye/acceptance/ppu/stat_lyc_onoff.gb",crash,0
2026-07-26T02:33:59Z,b8e3a8f,"mooneye/acceptance","mooneye/acceptance/ppu/vblank_stat_intr-GS.gb",crash,0
2026-07-26T02:33:59Z,b8e3a8f,"mooneye/acceptance","mooneye/acceptance/push_timing.gb",crash,0
2026-07-26T02:33:59Z,b8e3a8f,"mooneye/acceptance","mooneye/acceptance/rapid_di_ei.gb",crash,0
2026-07-26T02:33:59Z,b8e3a8f,"mooneye/acceptance","mooneye/acceptance/ret_cc_timing.gb",crash,0
2026-07-26T02:33:59Z,b8e3a8f,"mooneye/acceptance","mooneye/acceptance/reti_intr_timing.gb",crash,0
2026-07-26T02:33:59Z,b8e3a8f,"mooneye/acceptance","mooneye/acceptance/reti_timing.gb",crash,0
2026-07-26T02:33:59Z,b8e3a8f,"mooneye/acceptance","mooneye/acceptance/ret_timing.gb",crash,0
2026-07-26T02:33:59Z,b8e3a8f,"mooneye/acceptance","mooneye/acceptance/rst_timing.gb",crash,0
2026-07-26T02:33:59Z,b8e3a8f,"mooneye/acceptance","mooneye/acceptance/serial/boot_sclk_align-dmgABCmgb.gb",crash,0
2026-07-26T02:33:59Z,b8e3a8f,"mooneye/acceptance","mooneye/acceptance/timer/div_write.gb",crash,0
2026-07-26T02:33:59Z,b8e3a8f,"mooneye/acceptance","mooneye/acceptance/timer/rapid_toggle.gb",crash,0
2026-07-26T02:33:59Z,b8e3a8f,"mooneye/acceptance","mooneye/acceptance/timer/tim00_div_trigger.gb",crash,0
2026-07-26T02:33:59Z,b8e3a8f,"mooneye/acceptance","mooneye/acceptance/timer/tim00.gb",crash,0
2026-07-26T02:33:59Z,b8e3a8f,"mooneye/acceptance","mooneye/acceptance/timer/tim01_div_trigger.gb",crash,0
2026-07-26T02:33:59Z,b8e3a8f,"mooneye/acceptance","mooneye/acceptance/timer/tim01.gb",crash,0
2026-07-26T02:33:59Z,b8e3a8f,"mooneye/acceptance","mooneye/acceptance/timer/tim10_div_trigger.gb",crash,0
2026-07-26T02:33:59Z,b8e3a8f,"mooneye/acceptance","mooneye/acceptance/timer/tim10.gb",crash,0
2026-07-26T02:33:59Z,b8e3a8f,"mooneye/acceptance","mooneye/acceptance/timer/tim11_div_trigger.gb",crash,0
2026-07-26T02:33:59Z,b8e3a8f,"mooneye/acceptance","mooneye/acceptance/timer/tim11.gb",crash,0
2026-07-26T02:33:59Z,b8e3a8f,"mooneye/acceptance","mooneye/acceptance/timer/tima_reload.gb",crash,0
2026-07-26T02:33:59Z,b8e3a8f,"mooneye/acceptance","mooneye/acceptance/timer/tima_write_reloading.gb",crash,0
2026-07-26T02:33:59Z,b8e3a8f,"mooneye/acceptance","mooneye/acceptance/timer/tma_write_reloading.gb",crash,0
2026-07-26T02:49:12Z,02a5bd7,"blargg/cpu_instrs","blargg/cpu_instrs/cpu_instrs.gb",crash,0
2026-07-26T02:49:12Z,02a5bd7,"blargg/cpu_instrs","blargg/cpu_instrs/individual/01-special.gb",crash,0
2026-07-26T02:49:12Z,02a5bd7,"blargg/cpu_instrs","blargg/cpu_instrs/individual/02-interrupts.gb",crash,0
2026-07-26T02:49:12Z,02a5bd7,"blargg/cpu_instrs","blargg/cpu_instrs/individual/03-op sp,hl.gb",crash,0
2026-07-26T02:49:12Z,02a5bd7,"blargg/cpu_instrs","blargg/cpu_instrs/individual/04-op r,imm.gb",crash,0
2026-07-26T02:49:12Z,02a5bd7,"blargg/cpu_instrs","blargg/cpu_instrs/individual/05-op rp.gb",crash,0
2026-07-26T02:49:12Z,02a5bd7,"blargg/cpu_instrs","blargg/cpu_instrs/individual/06-ld r,r.gb",crash,0
2026-07-26T02:49:12Z,02a5bd7,"blargg/cpu_instrs","blargg/cpu_instrs/individual/07-jr,jp,call,ret,rst.gb",crash,0
2026-07-26T02:49:12Z,02a5bd7,"blargg/cpu_instrs","blargg/cpu_instrs/individual/08-misc instrs.gb",crash,0
2026-07-26T02:49:12Z,02a5bd7,"blargg/cpu_instrs","blargg/cpu_instrs/individual/09-op r,r.gb",crash,0
2026-07-26T02:49:12Z,02a5bd7,"blargg/cpu_instrs","blargg/cpu_instrs/individual/10-bit ops.gb",crash,0
2026-07-26T02:49:12Z,02a5bd7,"blargg/cpu_instrs","blargg/cpu_instrs/individual/11-op a,(hl).gb",crash,0
2026-07-26T02:49:12Z,02a5bd7,"blargg/dmg_sound","blargg/dmg_sound/dmg_sound.gb",crash,0
2026-07-26T02:49:12Z,02a5bd7,"blargg/dmg_sound","blargg/dmg_sound/rom_singles/01-registers.gb",crash,0
2026-07-26T02:49:12Z,02a5bd7,"blargg/dmg_sound","blargg/dmg_sound/rom_singles/02-len ctr.gb",crash,0
2026-07-26T02:49:12Z,02a5bd7,"blargg/dmg_sound","blargg/dmg_sound/rom_singles/03-trigger.gb",crash,0
2026-07-26T02:49:12Z,02a5bd7,"blargg/dmg_sound","blargg/dmg_sound/rom_singles/04-sweep.gb",crash,0
2026-07-26T02:49:12Z,02a5bd7,"blargg/dmg_sound","blargg/dmg_sound/rom_singles/05-sweep details.gb",crash,0
2026-07-26T02:49:12Z,02a5bd7,"blargg/dmg_sound","blargg/dmg_sound/rom_singles/06-overflow on trigger.gb",crash,0
2026-07-26T02:49:12Z,02a5bd7,"blargg/dmg_sound","blargg/dmg_sound/rom_singles/07-len sweep period sync.gb",crash,0
2026-07-26T02:49:12Z,02a5bd7,"blargg/dmg_sound","blargg/dmg_sound/rom_singles/08-len ctr during power.gb",crash,0
2026-07-26T02:49:12Z,02a5bd7,"blargg/dmg_sound","blargg/dmg_sound/rom_singles/09-wave read while on.gb",crash,0
2026-07-26T02:49:12Z,02a5bd7,"blargg/dmg_sound","blargg/dmg_sound/rom_singles/10-wave trigger while on.gb",crash,0
2026-07-26T02:49:12Z,02a5bd7,"blargg/dmg_sound","blargg/dmg_sound/rom_singles/11-regs after power.gb",crash,0
2026-07-26T02:49:12Z,02a5bd7,"blargg/dmg_sound","blargg/dmg_sound/rom_singles/12-wave write while on.gb",crash,0
2026-07-26T02:49:12Z,02a5bd7,"blargg/halt_bug","blargg/halt_bug.gb",crash,0
2026-07-26T02:49:12Z,02a5bd7,"blargg/instr_timing","blargg/instr_timing/instr_timing.gb",crash,0
2026-07-26T02:49:12Z,02a5bd7,"blargg/interrupt_time","blargg/interrupt_time/interrupt_time.gb",crash,0
2026-07-26T02:49:12Z,02a5bd7,"blargg/mem_timing-2","blargg/mem_timing-2/mem_timing.gb",crash,0
2026-07-26T02:49:12Z,02a5bd7,"blargg/mem_timing-2","blargg/mem_timing-2/rom_singles/01-read_timing.gb",crash,0
2026-07-26T02:49:12Z,02a5bd7,"blargg/mem_timing-2","blargg/mem_timing-2/rom_singles/02-write_timing.gb",crash,0
2026-07-26T02:49:12Z,02a5bd7,"blargg/mem_timing-2","blargg/mem_timing-2/rom_singles/03-modify_timing.gb",crash,0
2026-07-26T02:49:12Z,02a5bd7,"blargg/mem_timing","blargg/mem_timing/individual/01-read_timing.gb",crash,0
2026-07-26T02:49:12Z,02a5bd7,"blargg/mem_timing","blargg/mem_timing/individual/02-write_timing.gb",crash,0
2026-07-26T02:49:12Z,02a5bd7,"blargg/mem_timing","blargg/mem_timing/individual/03-modify_timing.gb",crash,0
2026-07-26T02:49:12Z,02a5bd7,"blargg/mem_timing","blargg/mem_timing/mem_timing.gb",crash,0
2026-07-26T02:49:12Z,02a5bd7,"blargg/oam_bug","blargg/oam_bug/oam_bug.gb",crash,0
2026-07-26T02:49:12Z,02a5bd7,"blargg/oam_bug","blargg/oam_bug/rom_singles/1-lcd_sync.gb",crash,0
2026-07-26T02:49:12Z,02a5bd7,"blargg/oam_bug","blargg/oam_bug/rom_singles/2-causes.gb",crash,0
2026-07-26T02:49:12Z,02a5bd7,"blargg/oam_bug","blargg/oam_bug/rom_singles/3-non_causes.gb",crash,0
2026-07-26T02:49:12Z,02a5bd7,"blargg/oam_bug","blargg/oam_bug/rom_singles/4-scanline_timing.gb",crash,0
2026-07-26T02:49:12Z,02a5bd7,"blargg/oam_bug","blargg/oam_bug/rom_singles/5-timing_bug.gb",crash,0
2026-07-26T02:49:12Z,02a5bd7,"blargg/oam_bug","blargg/oam_bug/rom_singles/6-timing_no_bug.gb",crash,0
2026-07-26T02:49:12Z,02a5bd7,"blargg/oam_bug","blargg/oam_bug/rom_singles/7-timing_effect.gb",crash,0
2026-07-26T02:49:12Z,02a5bd7,"blargg/oam_bug","blargg/oam_bug/rom_singles/8-instr_effect.gb",crash,0
2026-07-26T02:49:12Z,02a5bd7,"dmg-acid2","dmg-acid2/dmg-acid2.gb",crash,0
2026-07-26T02:49:12Z,02a5bd7,"mooneye/acceptance","mooneye/acceptance/add_sp_e_timing.gb",crash,0
2026-07-26T02:49:12Z,02a5bd7,"mooneye/acceptance","mooneye/acceptance/bits/mem_oam.gb",crash,0
2026-07-26T02:49:12Z,02a5bd7,"mooneye/acceptance","mooneye/acceptance/bits/reg_f.gb",crash,0
2026-07-26T02:49:12Z,02a5bd7,"mooneye/acceptance","mooneye/acceptance/bits/unused_hwio-GS.gb",crash,0
2026-07-26T02:49:12Z,02a5bd7,"mooneye/acceptance-nondmg","mooneye/acceptance/boot_div2-S.gb",crash,0
2026-07-26T02:49:12Z,02a5bd7,"mooneye/acceptance-nondmg","mooneye/acceptance/boot_div-dmg0.gb",crash,0
2026-07-26T02:49:12Z,02a5bd7,"mooneye/acceptance","mooneye/acceptance/boot_div-dmgABCmgb.gb",crash,0
2026-07-26T02:49:12Z,02a5bd7,"mooneye/acceptance-nondmg","mooneye/acceptance/boot_div-S.gb",crash,0
2026-07-26T02:49:12Z,02a5bd7,"mooneye/acceptance-nondmg","mooneye/acceptance/boot_hwio-dmg0.gb",crash,0
2026-07-26T02:49:12Z,02a5bd7,"mooneye/acceptance","mooneye/acceptance/boot_hwio-dmgABCmgb.gb",crash,0
2026-07-26T02:49:12Z,02a5bd7,"mooneye/acceptance-nondmg","mooneye/acceptance/boot_hwio-S.gb",crash,0
2026-07-26T02:49:12Z,02a5bd7,"mooneye/acceptance-nondmg","mooneye/acceptance/boot_regs-dmg0.gb",crash,0
2026-07-26T02:49:12Z,02a5bd7,"mooneye/acceptance","mooneye/acceptance/boot_regs-dmgABC.gb",crash,0
2026-07-26T02:49:12Z,02a5bd7,"mooneye/acceptance-nondmg","mooneye/acceptance/boot_regs-mgb.gb",crash,0
2026-07-26T02:49:12Z,02a5bd7,"mooneye/acceptance-nondmg","mooneye/acceptance/boot_regs-sgb2.gb",crash,0
2026-07-26T02:49:12Z,02a5bd7,"mooneye/acceptance-nondmg","mooneye/acceptance/boot_regs-sgb.gb",crash,0
2026-07-26T02:49:12Z,02a5bd7,"mooneye/acceptance","mooneye/acceptance/call_cc_timing2.gb",crash,0
2026-07-26T02:49:12Z,02a5bd7,"mooneye/acceptance","mooneye/acceptance/call_cc_timing.gb",crash,0
2026-07-26T02:49:12Z,02a5bd7,"mooneye/acceptance","mooneye/acceptance/call_timing2.gb",crash,0
2026-07-26T02:49:12Z,02a5bd7,"mooneye/acceptance","mooneye/acceptance/call_timing.gb",crash,0
2026-07-26T02:49:12Z,02a5bd7,"mooneye/acceptance","mooneye/acceptance/di_timing-GS.gb",crash,0
2026-07-26T02:49:12Z,02a5bd7,"mooneye/acceptance","mooneye/acceptance/div_timing.gb",crash,0
2026-07-26T02:49:12Z,02a5bd7,"mooneye/acceptance","mooneye/acceptance/ei_sequence.gb",crash,0
2026-07-26T02:49:12Z,02a5bd7,"mooneye/acceptance","mooneye/acceptance/ei_timing.gb",crash,0
2026-07-26T02:49:12Z,02a5bd7,"mooneye/acceptance","mooneye/acceptance/halt_ime0_ei.gb",crash,0
2026-07-26T02:49:12Z,02a5bd7,"mooneye/acceptance","mooneye/acceptance/halt_ime0_nointr_timing.gb",crash,0
2026-07-26T02:49:12Z,02a5bd7,"mooneye/acceptance","mooneye/acceptance/halt_ime1_timing2-GS.gb",crash,0
2026-07-26T02:49:12Z,02a5bd7,"mooneye/acceptance","mooneye/acceptance/halt_ime1_timing.gb",crash,0
2026-07-26T02:49:12Z,02a5bd7,"mooneye/acceptance","mooneye/acceptance/if_ie_registers.gb",crash,0
2026-07-26T02:49:12Z,02a5bd7,"mooneye/acceptance","mooneye/acceptance/instr/daa.gb",crash,0
2026-07-26T02:49:12Z,02a5bd7,"mooneye/acceptance","mooneye/acceptance/interrupts/ie_push.gb",crash,0
2026-07-26T02:49:12Z,02a5bd7,"mooneye/acceptance","mooneye/acceptance/intr_timing.gb",crash,0
2026-07-26T02:49:12Z,02a5bd7,"mooneye/acceptance","mooneye/acceptance/jp_cc_timing.gb",crash,0
2026-07-26T02:49:12Z,02a5bd7,"mooneye/acceptance","mooneye/acceptance/jp_timing.gb",crash,0
2026-07-26T02:49:12Z,02a5bd7,"mooneye/acceptance","mooneye/acceptance/ld_hl_sp_e_timing.gb",crash,0
2026-07-26T02:49:12Z,02a5bd7,"mooneye/acceptance","mooneye/acceptance/oam_dma/basic.gb",crash,0
2026-07-26T02:49:12Z,02a5bd7,"mooneye/acceptance","mooneye/acceptance/oam_dma/reg_read.gb",crash,0
2026-07-26T02:49:12Z,02a5bd7,"mooneye/acceptance","mooneye/acceptance/oam_dma_restart.gb",crash,0
2026-07-26T02:49:12Z,02a5bd7,"mooneye/acceptance","mooneye/acceptance/oam_dma/sources-GS.gb",crash,0
2026-07-26T02:49:12Z,02a5bd7,"mooneye/acceptance","mooneye/acceptance/oam_dma_start.gb",crash,0
2026-07-26T02:49:12Z,02a5bd7,"mooneye/acceptance","mooneye/acceptance/oam_dma_timing.gb",crash,0
2026-07-26T02:49:12Z,02a5bd7,"mooneye/acceptance","mooneye/acceptance/pop_timing.gb",crash,0
2026-07-26T02:49:12Z,02a5bd7,"mooneye/acceptance","mooneye/acceptance/ppu/hblank_ly_scx_timing-GS.gb",crash,0
2026-07-26T02:49:12Z,02a5bd7,"mooneye/acceptance","mooneye/acceptance/ppu/intr_1_2_timing-GS.gb",crash,0
2026-07-26T02:49:12Z,02a5bd7,"mooneye/acceptance","mooneye/acceptance/ppu/intr_2_0_timing.gb",crash,0
2026-07-26T02:49:12Z,02a5bd7,"mooneye/acceptance","mooneye/acceptance/ppu/intr_2_mode0_timing.gb",crash,0
2026-07-26T02:49:12Z,02a5bd7,"mooneye/acceptance","mooneye/acceptance/ppu/intr_2_mode0_timing_sprites.gb",crash,0
2026-07-26T02:49:12Z,02a5bd7,"mooneye/acceptance","mooneye/acceptance/ppu/intr_2_mode3_timing.gb",crash,0
2026-07-26T02:49:12Z,02a5bd7,"mooneye/acceptance","mooneye/acceptance/ppu/intr_2_oam_ok_timing.gb",crash,0
2026-07-26T02:49:12Z,02a5bd7,"mooneye/acceptance","mooneye/acceptance/ppu/lcdon_timing-GS.gb",crash,0
2026-07-26T02:49:12Z,02a5bd7,"mooneye/acceptance","mooneye/acceptance/ppu/lcdon_write_timing-GS.gb",crash,0
2026-07-26T02:49:12Z,02a5bd7,"mooneye/acceptance","mooneye/acceptance/ppu/stat_irq_blocking.gb",crash,0
2026-07-26T02:49:12Z,02a5bd7,"mooneye/acceptance","mooneye/acceptance/ppu/stat_lyc_onoff.gb",crash,0
2026-07-26T02:49:12Z,02a5bd7,"mooneye/acceptance","mooneye/acceptance/ppu/vblank_stat_intr-GS.gb",crash,0
2026-07-26T02:49:12Z,02a5bd7,"mooneye/acceptance","mooneye/acceptance/push_timing.gb",crash,0
2026-07-26T02:49:12Z,02a5bd7,"mooneye/acceptance","mooneye/acceptance/rapid_di_ei.gb",crash,0
2026-07-26T02:49:12Z,02a5bd7,"mooneye/acceptance","mooneye/acceptance/ret_cc_timing.gb",crash,0
2026-07-26T02:49:12Z,02a5bd7,"mooneye/acceptance","mooneye/acceptance/reti_intr_timing.gb",crash,0
2026-07-26T02:49:12Z,02a5bd7,"mooneye/acceptance","mooneye/acceptance/reti_timing.gb",crash,0
2026-07-26T02:49:12Z,02a5bd7,"mooneye/acceptance","mooneye/acceptance/ret_timing.gb",crash,0
2026-07-26T02:49:12Z,02a5bd7,"mooneye/acceptance","mooneye/acceptance/rst_timing.gb",crash,0
2026-07-26T02:49:12Z,02a5bd7,"mooneye/acceptance","mooneye/acceptance/serial/boot_sclk_align-dmgABCmgb.gb",crash,0
2026-07-26T02:49:12Z,02a5bd7,"mooneye/acceptance","mooneye/acceptance/timer/div_write.gb",crash,0
2026-07-26T02:49:12Z,02a5bd7,"mooneye/acceptance","mooneye/acceptance/timer/rapid_toggle.gb",crash,0
2026-07-26T02:49:12Z,02a5bd7,"mooneye/acceptance","mooneye/acceptance/timer/tim00_div_trigger.gb",crash,0
2026-07-26T02:49:12Z,02a5bd7,"mooneye/acceptance","mooneye/acceptance/timer/tim00.gb",crash,0
2026-07-26T02:49:12Z,02a5bd7,"mooneye/acceptance","mooneye/acceptance/timer/tim01_div_trigger.gb",crash,0
2026-07-26T02:49:12Z,02a5bd7,"mooneye/acceptance","mooneye/acceptance/timer/tim01.gb",crash,0
2026-07-26T02:49:12Z,02a5bd7,"mooneye/acceptance","mooneye/acceptance/timer/tim10_div_trigger.gb",crash,0
2026-07-26T02:49:12Z,02a5bd7,"mooneye/acceptance","mooneye/acceptance/timer/tim10.gb",crash,0
2026-07-26T02:49:12Z,02a5bd7,"mooneye/acceptance","mooneye/acceptance/timer/tim11_div_trigger.gb",crash,0
2026-07-26T02:49:12Z,02a5bd7,"mooneye/acceptance","mooneye/acceptance/timer/tim11.gb",crash,0
2026-07-26T02:49:12Z,02a5bd7,"mooneye/acceptance","mooneye/acceptance/timer/tima_reload.gb",crash,0
2026-07-26T02:49:12Z,02a5bd7,"mooneye/acceptance","mooneye/acceptance/timer/tima_write_reloading.gb",crash,0
2026-07-26T02:49:12Z,02a5bd7,"mooneye/acceptance","mooneye/acceptance/timer/tma_write_reloading.gb",crash,0
2026-07-26T03:00:22Z,57a270f,"blargg/cpu_instrs","blargg/cpu_instrs/cpu_instrs.gb",crash,0
2026-07-26T03:00:22Z,57a270f,"blargg/cpu_instrs","blargg/cpu_instrs/individual/01-special.gb",crash,0
2026-07-26T03:00:22Z,57a270f,"blargg/cpu_instrs","blargg/cpu_instrs/individual/02-interrupts.gb",crash,0
2026-07-26T03:00:22Z,57a270f,"blargg/cpu_instrs","blargg/cpu_instrs/individual/03-op sp,hl.gb",crash,0
2026-07-26T03:00:22Z,57a270f,"blargg/cpu_instrs","blargg/cpu_instrs/individual/04-op r,imm.gb",crash,0
2026-07-26T03:00:22Z,57a270f,"blargg/cpu_instrs","blargg/cpu_instrs/individual/05-op rp.gb",crash,0
2026-07-26T03:00:22Z,57a270f,"blargg/cpu_instrs","blargg/cpu_instrs/individual/06-ld r,r.gb",crash,0
2026-07-26T03:00:22Z,57a270f,"blargg/cpu_instrs","blargg/cpu_instrs/individual/07-jr,jp,call,ret,rst.gb",crash,0
2026-07-26T03:00:22Z,57a270f,"blargg/cpu_instrs","blargg/cpu_instrs/individual/08-misc instrs.gb",crash,0
2026-07-26T03:00:22Z,57a270f,"blargg/cpu_instrs","blargg/cpu_instrs/individual/09-op r,r.gb",crash,0
2026-07-26T03:00:22Z,57a270f,"blargg/cpu_instrs","blargg/cpu_instrs/individual/10-bit ops.gb",crash,0
2026-07-26T03:00:22Z,57a270f,"blargg/cpu_instrs","blargg/cpu_instrs/individual/11-op a,(hl).gb",crash,0
2026-07-26T03:00:22Z,57a270f,"blargg/dmg_sound","blargg/dmg_sound/dmg_sound.gb",crash,0
2026-07-26T03:00:22Z,57a270f,"blargg/dmg_sound","blargg/dmg_sound/rom_singles/01-registers.gb",crash,0
2026-07-26T03:00:22Z,57a270f,"blargg/dmg_sound","blargg/dmg_sound/rom_singles/02-len ctr.gb",crash,0
2026-07-26T03:00:22Z,57a270f,"blargg/dmg_sound","blargg/dmg_sound/rom_singles/03-trigger.gb",crash,0
2026-07-26T03:00:22Z,57a270f,"blargg/dmg_sound","blargg/dmg_sound/rom_singles/04-sweep.gb",crash,0
2026-07-26T03:00:22Z,57a270f,"blargg/dmg_sound","blargg/dmg_sound/rom_singles/05-sweep details.gb",crash,0
2026-07-26T03:00:22Z,57a270f,"blargg/dmg_sound","blargg/dmg_sound/rom_singles/06-overflow on trigger.gb",crash,0
2026-07-26T03:00:22Z,57a270f,"blargg/dmg_sound","blargg/dmg_sound/rom_singles/07-len sweep period sync.gb",crash,0
2026-07-26T03:00:22Z,57a270f,"blargg/dmg_sound","blargg/dmg_sound/rom_singles/08-len ctr during power.gb",crash,0
2026-07-26T03:00:22Z,57a270f,"blargg/dmg_sound","blargg/dmg_sound/rom_singles/09-wave read while on.gb",crash,0
2026-07-26T03:00:22Z,57a270f,"blargg/dmg_sound","blargg/dmg_sound/rom_singles/10-wave trigger while on.gb",crash,0
2026-07-26T03:00:22Z,57a270f,"blargg/dmg_sound","blargg/dmg_sound/rom_singles/11-regs after power.gb",crash,0
2026-07-26T03:00:22Z,57a270f,"blargg/dmg_sound","blargg/dmg_sound/rom_singles/12-wave write while on.gb",crash,0
2026-07-26T03:00:22Z,57a270f,"blargg/halt_bug","blargg/halt_bug.gb",crash,0
2026-07-26T03:00:22Z,57a270f,"blargg/instr_timing","blargg/instr_timing/instr_timing.gb",crash,0
2026-07-26T03:00:22Z,57a270f,"blargg/interrupt_time","blargg/interrupt_time/interrupt_time.gb",crash,0
2026-07-26T03:00:22Z,57a270f,"blargg/mem_timing-2","blargg/mem_timing-2/mem_timing.gb",crash,0
2026-07-26T03:00:22Z,57a270f,"blargg/mem_timing-2","blargg/mem_timing-2/rom_singles/01-read_timing.gb",crash,0
2026-07-26T03:00:22Z,57a270f,"blargg/mem_timing-2","blargg/mem_timing-2/rom_singles/02-write_timing.gb",crash,0
2026-07-26T03:00:22Z,57a270f,"blargg/mem_timing-2","blargg/mem_timing-2/rom_singles/03-modify_timing.gb",crash,0
2026-07-26T03:00:22Z,57a270f,"blargg/mem_timing","blargg/mem_timing/individual/01-read_timing.gb",crash,0
2026-07-26T03:00:22Z,57a270f,"blargg/mem_timing","blargg/mem_timing/individual/02-write_timing.gb",crash,0
2026-07-26T03:00:22Z,57a270f,"blargg/mem_timing","blargg/mem_timing/individual/03-modify_timing.gb",crash,0
2026-07-26T03:00:22Z,57a270f,"blargg/mem_timing","blargg/mem_timing/mem_timing.gb",crash,0
2026-07-26T03:00:22Z,57a270f,"blargg/oam_bug","blargg/oam_bug/oam_bug.gb",crash,0
2026-07-26T03:00:22Z,57a270f,"blargg/oam_bug","blargg/oam_bug/rom_singles/1-lcd_sync.gb",crash,0
2026-07-26T03:00:22Z,57a270f,"blargg/oam_bug","blargg/oam_bug/rom_singles/2-causes.gb",crash,0
2026-07-26T03:00:22Z,57a270f,"blargg/oam_bug","blargg/oam_bug/rom_singles/3-non_causes.gb",crash,0
2026-07-26T03:00:22Z,57a270f,"blargg/oam_bug","blargg/oam_bug/rom_singles/4-scanline_timing.gb",crash,0
2026-07-26T03:00:22Z,57a270f,"blargg/oam_bug","blargg/oam_bug/rom_singles/5-timing_bug.gb",crash,0
2026-07-26T03:00:22Z,57a270f,"blargg/oam_bug","blargg/oam_bug/rom_singles/6-timing_no_bug.gb",crash,0
2026-07-26T03:00:22Z,57a270f,"blargg/oam_bug","blargg/oam_bug/rom_singles/7-timing_effect.gb",crash,0
2026-07-26T03:00:22Z,57a270f,"blargg/oam_bug","blargg/oam_bug/rom_singles/8-instr_effect.gb",crash,0
2026-07-26T03:00:22Z,57a270f,"dmg-acid2","dmg-acid2/dmg-acid2.gb",crash,0
2026-07-26T03:00:22Z,57a270f,"mooneye/acceptance","mooneye/acceptance/add_sp_e_timing.gb",crash,0
2026-07-26T03:00:22Z,57a270f,"mooneye/acceptance","mooneye/acceptance/bits/mem_oam.gb",crash,0
2026-07-26T03:00:22Z,57a270f,"mooneye/acceptance","mooneye/acceptance/bits/reg_f.gb",crash,0
2026-07-26T03:00:22Z,57a270f,"mooneye/acceptance","mooneye/acceptance/bits/unused_hwio-GS.gb",crash,0
2026-07-26T03:00:22Z,57a270f,"mooneye/acceptance-nondmg","mooneye/acceptance/boot_div2-S.gb",crash,0
2026-07-26T03:00:22Z,57a270f,"mooneye/acceptance-nondmg","mooneye/acceptance/boot_div-dmg0.gb",crash,0
2026-07-26T03:00:22Z,57a270f,"mooneye/acceptance","mooneye/acceptance/boot_div-dmgABCmgb.gb",crash,0
2026-07-26T03:00:22Z,57a270f,"mooneye/acceptance-nondmg","mooneye/acceptance/boot_div-S.gb",crash,0
2026-07-26T03:00:22Z,57a270f,"mooneye/acceptance-nondmg","mooneye/acceptance/boot_hwio-dmg0.gb",crash,0
2026-07-26T03:00:22Z,57a270f,"mooneye/acceptance","mooneye/acceptance/boot_hwio-dmgABCmgb.gb",crash,0
2026-07-26T03:00:22Z,57a270f,"mooneye/acceptance-nondmg","mooneye/acceptance/boot_hwio-S.gb",crash,0
2026-07-26T03:00:22Z,57a270f,"mooneye/acceptance-nondmg","mooneye/acceptance/boot_regs-dmg0.gb",crash,0
2026-07-26T03:00:22Z,57a270f,"mooneye/acceptance","mooneye/acceptance/boot_regs-dmgABC.gb",crash,0
2026-07-26T03:00:22Z,57a270f,"mooneye/acceptance-nondmg","mooneye/acceptance/boot_regs-mgb.gb",crash,0
2026-07-26T03:00:22Z,57a270f,"mooneye/acceptance-nondmg","mooneye/acceptance/boot_regs-sgb2.gb",crash,0
2026-07-26T03:00:22Z,57a270f,"mooneye/acceptance-nondmg","mooneye/acceptance/boot_regs-sgb.gb",crash,0
2026-07-26T03:00:22Z,57a270f,"mooneye/acceptance","mooneye/acceptance/call_cc_timing2.gb",crash,0
2026-07-26T03:00:22Z,57a270f,"mooneye/acceptance","mooneye/acceptance/call_cc_timing.gb",crash,0
2026-07-26T03:00:22Z,57a270f,"mooneye/acceptance","mooneye/acceptance/call_timing2.gb",crash,0
2026-07-26T03:00:22Z,57a270f,"mooneye/acceptance","mooneye/acceptance/call_timing.gb",crash,0
2026-07-26T03:00:22Z,57a270f,"mooneye/acceptance","mooneye/acceptance/di_timing-GS.gb",crash,0
2026-07-26T03:00:22Z,57a270f,"mooneye/acceptance","mooneye/acceptance/div_timing.gb",crash,0
2026-07-26T03:00:22Z,57a270f,"mooneye/acceptance","mooneye/acceptance/ei_sequence.gb",crash,0
2026-07-26T03:00:22Z,57a270f,"mooneye/acceptance","mooneye/acceptance/ei_timing.gb",crash,0
2026-07-26T03:00:22Z,57a270f,"mooneye/acceptance","mooneye/acceptance/halt_ime0_ei.gb",crash,0
2026-07-26T03:00:22Z,57a270f,"mooneye/acceptance","mooneye/acceptance/halt_ime0_nointr_timing.gb",crash,0
2026-07-26T03:00:22Z,57a270f,"mooneye/acceptance","mooneye/acceptance/halt_ime1_timing2-GS.gb",crash,0
2026-07-26T03:00:22Z,57a270f,"mooneye/acceptance","mooneye/acceptance/halt_ime1_timing.gb",crash,0
2026-07-26T03:00:22Z,57a270f,"mooneye/acceptance","mooneye/acceptance/if_ie_registers.gb",crash,0
2026-07-26T03:00:22Z,57a270f,"mooneye/acceptance","mooneye/acceptance/instr/daa.gb",crash,0
2026-07-26T03:00:22Z,57a270f,"mooneye/acceptance","mooneye/acceptance/interrupts/ie_push.gb",crash,0
2026-07-26T03:00:22Z,57a270f,"mooneye/acceptance","mooneye/acceptance/intr_timing.gb",crash,0
2026-07-26T03:00:22Z,57a270f,"mooneye/acceptance","mooneye/acceptance/jp_cc_timing.gb",crash,0
2026-07-26T03:00:22Z,57a270f,"mooneye/acceptance","mooneye/acceptance/jp_timing.gb",crash,0
2026-07-26T03:00:22Z,57a270f,"mooneye/acceptance","mooneye/acceptance/ld_hl_sp_e_timing.gb",crash,0
2026-07-26T03:00:22Z,57a270f,"mooneye/acceptance","mooneye/acceptance/oam_dma/basic.gb",crash,0
2026-07-26T03:00:22Z,57a270f,"mooneye/acceptance","mooneye/acceptance/oam_dma/reg_read.gb",crash,0
2026-07-26T03:00:22Z,57a270f,"mooneye/acceptance","mooneye/acceptance/oam_dma_restart.gb",crash,0
2026-07-26T03:00:22Z,57a270f,"mooneye/acceptance","mooneye/acceptance/oam_dma/sources-GS.gb",crash,0
2026-07-26T03:00:22Z,57a270f,"mooneye/acceptance","mooneye/acceptance/oam_dma_start.gb",crash,0
2026-07-26T03:00:22Z,57a270f,"mooneye/acceptance","mooneye/acceptance/oam_dma_timing.gb",crash,0
2026-07-26T03:00:22Z,57a270f,"mooneye/acceptance","mooneye/acceptance/pop_timing.gb",crash,0
2026-07-26T03:00:22Z,57a270f,"mooneye/acceptance","mooneye/acceptance/ppu/hblank_ly_scx_timing-GS.gb",crash,0
2026-07-26T03:00:22Z,57a270f,"mooneye/acceptance","mooneye/acceptance/ppu/intr_1_2_timing-GS.gb",crash,0
2026-07-26T03:00:22Z,57a270f,"mooneye/acceptance","mooneye/acceptance/ppu/intr_2_0_timing.gb",crash,0
2026-07-26T03:00:22Z,57a270f,"mooneye/acceptance","mooneye/acceptance/ppu/intr_2_mode0_timing.gb",crash,0
2026-07-26T03:00:22Z,57a270f,"mooneye/acceptance","mooneye/acceptance/ppu/intr_2_mode0_timing_sprites.gb",crash,0
2026-07-26T03:00:22Z,57a270f,"mooneye/acceptance","mooneye/acceptance/ppu/intr_2_mode3_timing.gb",crash,0
2026-07-26T03:00:22Z,57a270f,"mooneye/acceptance","mooneye/acceptance/ppu/intr_2_oam_ok_timing.gb",crash,0
2026-07-26T03:00:22Z,57a270f,"mooneye/acceptance","mooneye/acceptance/ppu/lcdon_timing-GS.gb",crash,0
2026-07-26T03:00:22Z,57a270f,"mooneye/acceptance","mooneye/acceptance/ppu/lcdon_write_timing-GS.gb",crash,0
2026-07-26T03:00:22Z,57a270f,"mooneye/acceptance","mooneye/acceptance/ppu/stat_irq_blocking.gb",crash,0
2026-07-26T03:00:22Z,57a270f,"mooneye/acceptance","mooneye/acceptance/ppu/stat_lyc_onoff.gb",crash,0
2026-07-26T03:00:22Z,57a270f,"mooneye/acceptance","mooneye/acceptance/ppu/vblank_stat_intr-GS.gb",crash,0
2026-07-26T03:00:22Z,57a270f,"mooneye/acceptance","mooneye/acceptance/push_timing.gb",crash,0
2026-07-26T03:00:22Z,57a270f,"mooneye/acceptance","mooneye/acceptance/rapid_di_ei.gb",crash,0
2026-07-26T03:00:22Z,57a270f,"mooneye/acceptance","mooneye/acceptance/ret_cc_timing.gb",crash,0
2026-07-26T03:00:22Z,57a270f,"mooneye/acceptance","mooneye/acceptance/reti_intr_timing.gb",crash,0
2026-07-26T03:00:22Z,57a270f,"mooneye/acceptance","mooneye/acceptance/reti_timing.gb",crash,0
2026-07-26T03:00:22Z,57a270f,"mooneye/acceptance","mooneye/acceptance/ret_timing.gb",crash,0
2026-07-26T03:00:22Z,57a270f,"mooneye/acceptance","mooneye/acceptance/rst_timing.gb",crash,0
2026-07-26T03:00:22Z,57a270f,"mooneye/acceptance","mooneye/acceptance/serial/boot_sclk_align-dmgABCmgb.gb",crash,0
2026-07-26T03:00:22Z,57a270f,"mooneye/acceptance","mooneye/acceptance/timer/div_write.gb",crash,0
2026-07-26T03:00:22Z,57a270f,"mooneye/acceptance","mooneye/acceptance/timer/rapid_toggle.gb",crash,0
2026-07-26T03:00:22Z,57a270f,"mooneye/acceptance","mooneye/acceptance/timer/tim00_div_trigger.gb",crash,0
2026-07-26T03:00:22Z,57a270f,"mooneye/acceptance","mooneye/acceptance/timer/tim00.gb",crash,0
2026-07-26T03:00:22Z,57a270f,"mooneye/acceptance","mooneye/acceptance/timer/tim01_div_trigger.gb",crash,0
2026-07-26T03:00:22Z,57a270f,"mooneye/acceptance","mooneye/acceptance/timer/tim01.gb",crash,0
2026-07-26T03:00:22Z,57a270f,"mooneye/acceptance","mooneye/acceptance/timer/tim10_div_trigger.gb",crash,0
2026-07-26T03:00:22Z,57a270f,"mooneye/acceptance","mooneye/acceptance/timer/tim10.gb",crash,0
2026-07-26T03:00:22Z,57a270f,"mooneye/acceptance","mooneye/acceptance/timer/tim11_div_trigger.gb",crash,0
2026-07-26T03:00:22Z,57a270f,"mooneye/acceptance","mooneye/acceptance/timer/tim11.gb",crash,0
2026-07-26T03:00:22Z,57a270f,"mooneye/acceptance","mooneye/acceptance/timer/tima_reload.gb",crash,0
2026-07-26T03:00:22Z,57a270f,"mooneye/acceptance","mooneye/acceptance/timer/tima_write_reloading.gb",crash,0
2026-07-26T03:00:22Z,57a270f,"mooneye/acceptance","mooneye/acceptance/timer/tma_write_reloading.gb",crash,0
2026-07-26T03:14:56Z,84dae06,"blargg/cpu_instrs","blargg/cpu_instrs/cpu_instrs.gb",crash,0
2026-07-26T03:14:56Z,84dae06,"blargg/cpu_instrs","blargg/cpu_instrs/individual/01-special.gb",crash,0
2026-07-26T03:14:56Z,84dae06,"blargg/cpu_instrs","blargg/cpu_instrs/individual/02-interrupts.gb",crash,0
2026-07-26T03:14:56Z,84dae06,"blargg/cpu_instrs","blargg/cpu_instrs/individual/03-op sp,hl.gb",crash,0
2026-07-26T03:14:56Z,84dae06,"blargg/cpu_instrs","blargg/cpu_instrs/individual/04-op r,imm.gb",crash,0
2026-07-26T03:14:56Z,84dae06,"blargg/cpu_instrs","blargg/cpu_instrs/individual/05-op rp.gb",crash,0
2026-07-26T03:14:56Z,84dae06,"blargg/cpu_instrs","blargg/cpu_instrs/individual/06-ld r,r.gb",crash,0
2026-07-26T03:14:56Z,84dae06,"blargg/cpu_instrs","blargg/cpu_instrs/individual/07-jr,jp,call,ret,rst.gb",crash,0
2026-07-26T03:14:56Z,84dae06,"blargg/cpu_instrs","blargg/cpu_instrs/individual/08-misc instrs.gb",crash,0
2026-07-26T03:14:56Z,84dae06,"blargg/cpu_instrs","blargg/cpu_instrs/individual/09-op r,r.gb",crash,0
2026-07-26T03:14:56Z,84dae06,"blargg/cpu_instrs","blargg/cpu_instrs/individual/10-bit ops.gb",crash,0
2026-07-26T03:14:56Z,84dae06,"blargg/cpu_instrs","blargg/cpu_instrs/individual/11-op a,(hl).gb",crash,0
2026-07-26T03:14:56Z,84dae06,"blargg/dmg_sound","blargg/dmg_sound/dmg_sound.gb",crash,0
2026-07-26T03:14:56Z,84dae06,"blargg/dmg_sound","blargg/dmg_sound/rom_singles/01-registers.gb",crash,0
2026-07-26T03:14:56Z,84dae06,"blargg/dmg_sound","blargg/dmg_sound/rom_singles/02-len ctr.gb",crash,0
2026-07-26T03:14:56Z,84dae06,"blargg/dmg_sound","blargg/dmg_sound/rom_singles/03-trigger.gb",crash,0
2026-07-26T03:14:56Z,84dae06,"blargg/dmg_sound","blargg/dmg_sound/rom_singles/04-sweep.gb",crash,0
2026-07-26T03:14:56Z,84dae06,"blargg/dmg_sound","blargg/dmg_sound/rom_singles/05-sweep details.gb",crash,0
2026-07-26T03:14:56Z,84dae06,"blargg/dmg_sound","blargg/dmg_sound/rom_singles/06-overflow on trigger.gb",crash,0
2026-07-26T03:14:56Z,84dae06,"blargg/dmg_sound","blargg/dmg_sound/rom_singles/07-len sweep period sync.gb",crash,0
2026-07-26T03:14:56Z,84dae06,"blargg/dmg_sound","blargg/dmg_sound/rom_singles/08-len ctr during power.gb",crash,0
2026-07-26T03:14:56Z,84dae06,"blargg/dmg_sound","blargg/dmg_sound/rom_singles/09-wave read while on.gb",crash,0
2026-07-26T03:14:56Z,84dae06,"blargg/dmg_sound","blargg/dmg_sound/rom_singles/10-wave trigger while on.gb",crash,0
2026-07-26T03:14:56Z,84dae06,"blargg/dmg_sound","blargg/dmg_sound/rom_singles/11-regs after power.gb",crash,0
2026-07-26T03:14:56Z,84dae06,"blargg/dmg_sound","blargg/dmg_sound/rom_singles/12-wave write while on.gb",crash,0
2026-07-26T03:14:56Z,84dae06,"blargg/halt_bug","blargg/halt_bug.gb",crash,0
2026-07-26T03:14:56Z,84dae06,"blargg/instr_timing","blargg/instr_timing/instr_timing.gb",crash,0
2026-07-26T03:14:56Z,84dae06,"blargg/interrupt_time","blargg/interrupt_time/interrupt_time.gb",crash,0
2026-07-26T03:14:56Z,84dae06,"blargg/mem_timing-2","blargg/mem_timing-2/mem_timing.gb",crash,0
2026-07-26T03:14:56Z,84dae06,"blargg/mem_timing-2","blargg/mem_timing-2/rom_singles/01-read_timing.gb",crash,0
2026-07-26T03:14:56Z,84dae06,"blargg/mem_timing-2","blargg/mem_timing-2/rom_singles/02-write_timing.gb",crash,0
2026-07-26T03:14:56Z,84dae06,"blargg/mem_timing-2","blargg/mem_timing-2/rom_singles/03-modify_timing.gb",crash,0
2026-07-26T03:14:56Z,84dae06,"blargg/mem_timing","blargg/mem_timing/individual/01-read_timing.gb",crash,0
2026-07-26T03:14:56Z,84dae06,"blargg/mem_timing","blargg/mem_timing/individual/02-write_timing.gb",crash,0
2026-07-26T03:14:56Z,84dae06,"blargg/mem_timing","blargg/mem_timing/individual/03-modify_timing.gb",crash,0
2026-07-26T03:14:56Z,84dae06,"blargg/mem_timing","blargg/mem_timing/mem_timing.gb",crash,0
2026-07-26T03:14:56Z,84dae06,"blargg/oam_bug","blargg/oam_bug/oam_bug.gb",crash,0
2026-07-26T03:14:56Z,84dae06,"blargg/oam_bug","blargg/oam_bug/rom_singles/1-lcd_sync.gb",crash,0
2026-07-26T03:14:56Z,84dae06,"blargg/oam_bug","blargg/oam_bug/rom_singles/2-causes.gb",crash,0
2026-07-26T03:14:56Z,84dae06,"blargg/oam_bug","blargg/oam_bug/rom_singles/3-non_causes.gb",crash,0
2026-07-26T03:14:56Z,84dae06,"blargg/oam_bug","blargg/oam_bug/rom_singles/4-scanline_timing.gb",crash,0
2026-07-26T03:14:56Z,84dae06,"blargg/oam_bug","blargg/oam_bug/rom_singles/5-timing_bug.gb",crash,0
2026-07-26T03:14:56Z,84dae06,"blargg/oam_bug","blargg/oam_bug/rom_singles/6-timing_no_bug.gb",crash,0
2026-07-26T03:14:56Z,84dae06,"blargg/oam_bug","blargg/oam_bug/rom_singles/7-timing_effect.gb",crash,0
2026-07-26T03:14:56Z,84dae06,"blargg/oam_bug","blargg/oam_bug/rom_singles/8-instr_effect.gb",crash,0
2026-07-26T03:14:56Z,84dae06,"dmg-acid2","dmg-acid2/dmg-acid2.gb",crash,0
2026-07-26T03:14:56Z,84dae06,"mooneye/acceptance","mooneye/acceptance/add_sp_e_timing.gb",crash,0
2026-07-26T03:14:56Z,84dae06,"mooneye/acceptance","mooneye/acceptance/bits/mem_oam.gb",crash,0
2026-07-26T03:14:56Z,84dae06,"mooneye/acceptance","mooneye/acceptance/bits/reg_f.gb",crash,0
2026-07-26T03:14:56Z,84dae06,"mooneye/acceptance","mooneye/acceptance/bits/unused_hwio-GS.gb",crash,0
2026-07-26T03:14:56Z,84dae06,"mooneye/acceptance-nondmg","mooneye/acceptance/boot_div2-S.gb",crash,0
2026-07-26T03:14:56Z,84dae06,"mooneye/acceptance-nondmg","mooneye/acceptance/boot_div-dmg0.gb",crash,0
2026-07-26T03:14:56Z,84dae06,"mooneye/acceptance","mooneye/acceptance/boot_div-dmgABCmgb.gb",crash,0
2026-07-26T03:14:56Z,84dae06,"mooneye/acceptance-nondmg","mooneye/acceptance/boot_div-S.gb",crash,0
2026-07-26T03:14:56Z,84dae06,"mooneye/acceptance-nondmg","mooneye/acceptance/boot_hwio-dmg0.gb",crash,0
2026-07-26T03:14:56Z,84dae06,"mooneye/acceptance","mooneye/acceptance/boot_hwio-dmgABCmgb.gb",crash,0
2026-07-26T03:14:56Z,84dae06,"mooneye/acceptance-nondmg","mooneye/acceptance/boot_hwio-S.gb",crash,0
2026-07-26T03:14:56Z,84dae06,"mooneye/acceptance-nondmg","mooneye/acceptance/boot_regs-dmg0.gb",crash,0
2026-07-26T03:14:56Z,84dae06,"mooneye/acceptance","mooneye/acceptance/boot_regs-dmgABC.gb",crash,0
2026-07-26T03:14:56Z,84dae06,"mooneye/acceptance-nondmg","mooneye/acceptance/boot_regs-mgb.gb",crash,0
2026-07-26T03:14:56Z,84dae06,"mooneye/acceptance-nondmg","mooneye/acceptance/boot_regs-sgb2.gb",crash,0
2026-07-26T03:14:56Z,84dae06,"mooneye/acceptance-nondmg","mooneye/acceptance/boot_regs-sgb.gb",crash,0
2026-07-26T03:14:56Z,84dae06,"mooneye/acceptance","mooneye/acceptance/call_cc_timing2.gb",crash,0
2026-07-26T03:14:56Z,84dae06,"mooneye/acceptance","mooneye/acceptance/call_cc_timing.gb",crash,0
2026-07-26T03:14:56Z,84dae06,"mooneye/acceptance","mooneye/acceptance/call_timing2.gb",crash,0
2026-07-26T03:14:56Z,84dae06,"mooneye/acceptance","mooneye/acceptance/call_timing.gb",crash,0
2026-07-26T03:14:56Z,84dae06,"mooneye/acceptance","mooneye/acceptance/di_timing-GS.gb",crash,0
2026-07-26T03:14:56Z,84dae06,"mooneye/acceptance","mooneye/acceptance/div_timing.gb",crash,0
2026-07-26T03:14:56Z,84dae06,"mooneye/acceptance","mooneye/acceptance/ei_sequence.gb",crash,0
2026-07-26T03:14:56Z,84dae06,"mooneye/acceptance","mooneye/acceptance/ei_timing.gb",crash,0
2026-07-26T03:14:56Z,84dae06,"mooneye/acceptance","mooneye/acceptance/halt_ime0_ei.gb",crash,0
2026-07-26T03:14:56Z,84dae06,"mooneye/acceptance","mooneye/acceptance/halt_ime0_nointr_timing.gb",crash,0
2026-07-26T03:14:56Z,84dae06,"mooneye/acceptance","mooneye/acceptance/halt_ime1_timing2-GS.gb",crash,0
2026-07-26T03:14:56Z,84dae06,"mooneye/acceptance","mooneye/acceptance/halt_ime1_timing.gb",crash,0
2026-07-26T03:14:56Z,84dae06,"mooneye/acceptance","mooneye/acceptance/if_ie_registers.gb",crash,0
2026-07-26T03:14:56Z,84dae06,"mooneye/acceptance","mooneye/acceptance/instr/daa.gb",crash,0
2026-07-26T03:14:56Z,84dae06,"mooneye/acceptance","mooneye/acceptance/interrupts/ie_push.gb",crash,0
2026-07-26T03:14:56Z,84dae06,"mooneye/acceptance","mooneye/acceptance/intr_timing.gb",crash,0
2026-07-26T03:14:56Z,84dae06,"mooneye/acceptance","mooneye/acceptance/jp_cc_timing.gb",crash,0
2026-07-26T03:14:56Z,84dae06,"mooneye/acceptance","mooneye/acceptance/jp_timing.gb",crash,0
2026-07-26T03:14:56Z,84dae06,"mooneye/acceptance","mooneye/acceptance/ld_hl_sp_e_timing.gb",crash,0
2026-07-26T03:14:56Z,84dae06,"mooneye/acceptance","mooneye/acceptance/oam_dma/basic.gb",crash,0
2026-07-26T03:14:56Z,84dae06,"mooneye/acceptance","mooneye/acceptance/oam_dma/reg_read.gb",crash,0
2026-07-26T03:14:56Z,84dae06,"mooneye/acceptance","mooneye/acceptance/oam_dma_restart.gb",crash,0
2026-07-26T03:14:56Z,84dae06,"mooneye/acceptance","mooneye/acceptance/oam_dma/sources-GS.gb",crash,0
2026-07-26T03:14:56Z,84dae06,"mooneye/acceptance","mooneye/acceptance/oam_dma_start.gb",crash,0
2026-07-26T03:14:56Z,84dae06,"mooneye/acceptance","mooneye/acceptance/oam_dma_timing.gb",crash,0
2026-07-26T03:14:56Z,84dae06,"mooneye/acceptance","mooneye/acceptance/pop_timing.gb",crash,0
2026-07-26T03:14:56Z,84dae06,"mooneye/acceptance","mooneye/acceptance/ppu/hblank_ly_scx_timing-GS.gb",crash,0
2026-07-26T03:14:56Z,84dae06,"mooneye/acceptance","mooneye/acceptance/ppu/intr_1_2_timing-GS.gb",crash,0
2026-07-26T03:14:56Z,84dae06,"mooneye/acceptance","mooneye/acceptance/ppu/intr_2_0_timing.gb",crash,0
2026-07-26T03:14:56Z,84dae06,"mooneye/acceptance","mooneye/acceptance/ppu/intr_2_mode0_timing.gb",crash,0
2026-07-26T03:14:56Z,84dae06,"mooneye/acceptance","mooneye/acceptance/ppu/intr_2_mode0_timing_sprites.gb",crash,0
2026-07-26T03:14:56Z,84dae06,"mooneye/acceptance","mooneye/acceptance/ppu/intr_2_mode3_timing.gb",crash,0
2026-07-26T03:14:56Z,84dae06,"mooneye/acceptance","mooneye/acceptance/ppu/intr_2_oam_ok_timing.gb",crash,0
2026-07-26T03:14:56Z,84dae06,"mooneye/acceptance","mooneye/acceptance/ppu/lcdon_timing-GS.gb",crash,0
2026-07-26T03:14:56Z,84dae06,"mooneye/acceptance","mooneye/acceptance/ppu/lcdon_write_timing-GS.gb",crash,0
2026-07-26T03:14:56Z,84dae06,"mooneye/acceptance","mooneye/acceptance/ppu/stat_irq_blocking.gb",crash,0
2026-07-26T03:14:56Z,84dae06,"mooneye/acceptance","mooneye/acceptance/ppu/stat_lyc_onoff.gb",crash,0
2026-07-26T03:14:56Z,84dae06,"mooneye/acceptance","mooneye/acceptance/ppu/vblank_stat_intr-GS.gb",crash,0
2026-07-26T03:14:56Z,84dae06,"mooneye/acceptance","mooneye/acceptance/push_timing.gb",crash,0
2026-07-26T03:14:56Z,84dae06,"mooneye/acceptance","mooneye/acceptance/rapid_di_ei.gb",crash,0
2026-07-26T03:14:56Z,84dae06,"mooneye/acceptance","mooneye/acceptance/ret_cc_timing.gb",crash,0
2026-07-26T03:14:56Z,84dae06,"mooneye/acceptance","mooneye/acceptance/reti_intr_timing.gb",crash,0
2026-07-26T03:14:56Z,84dae06,"mooneye/acceptance","mooneye/acceptance/reti_timing.gb",crash,0
2026-07-26T03:14:56Z,84dae06,"mooneye/acceptance","mooneye/acceptance/ret_timing.gb",crash,0
2026-07-26T03:14:56Z,84dae06,"mooneye/acceptance","mooneye/acceptance/rst_timing.gb",crash,0
2026-07-26T03:14:56Z,84dae06,"mooneye/acceptance","mooneye/acceptance/serial/boot_sclk_align-dmgABCmgb.gb",crash,0
2026-07-26T03:14:56Z,84dae06,"mooneye/acceptance","mooneye/acceptance/timer/div_write.gb",crash,0
2026-07-26T03:14:56Z,84dae06,"mooneye/acceptance","mooneye/acceptance/timer/rapid_toggle.gb",crash,0
2026-07-26T03:14:56Z,84dae06,"mooneye/acceptance","mooneye/acceptance/timer/tim00_div_trigger.gb",crash,0
2026-07-26T03:14:56Z,84dae06,"mooneye/acceptance","mooneye/acceptance/timer/tim00.gb",crash,0
2026-07-26T03:14:56Z,84dae06,"mooneye/acceptance","mooneye/acceptance/timer/tim01_div_trigger.gb",crash,0
2026-07-26T03:14:56Z,84dae06,"mooneye/acceptance","mooneye/acceptance/timer/tim01.gb",crash,0
2026-07-26T03:14:56Z,84dae06,"mooneye/acceptance","mooneye/acceptance/timer/tim10_div_trigger.gb",crash,0
2026-07-26T03:14:56Z,84dae06,"mooneye/acceptance","mooneye/acceptance/timer/tim10.gb",crash,0
2026-07-26T03:14:56Z,84dae06,"mooneye/acceptance","mooneye/acceptance/timer/tim11_div_trigger.gb",crash,0
2026-07-26T03:14:56Z,84dae06,"mooneye/acceptance","mooneye/acceptance/timer/tim11.gb",crash,0
2026-07-26T03:14:56Z,84dae06,"mooneye/acceptance","mooneye/acceptance/timer/tima_reload.gb",crash,0
2026-07-26T03:14:56Z,84dae06,"mooneye/acceptance","mooneye/acceptance/timer/tima_write_reloading.gb",crash,0
2026-07-26T03:14:56Z,84dae06,"mooneye/acceptance","mooneye/acceptance/timer/tma_write_reloading.gb",crash,0
2026-07-26T03:33:10Z,e923bd1,"blargg/cpu_instrs","blargg/cpu_instrs/cpu_instrs.gb",crash,0
2026-07-26T03:33:10Z,e923bd1,"blargg/cpu_instrs","blargg/cpu_instrs/individual/01-special.gb",crash,0
2026-07-26T03:33:10Z,e923bd1,"blargg/cpu_instrs","blargg/cpu_instrs/individual/02-interrupts.gb",crash,0
2026-07-26T03:33:10Z,e923bd1,"blargg/cpu_instrs","blargg/cpu_instrs/individual/03-op sp,hl.gb",crash,0
2026-07-26T03:33:10Z,e923bd1,"blargg/cpu_instrs","blargg/cpu_instrs/individual/04-op r,imm.gb",crash,0
2026-07-26T03:33:10Z,e923bd1,"blargg/cpu_instrs","blargg/cpu_instrs/individual/05-op rp.gb",crash,0
2026-07-26T03:33:10Z,e923bd1,"blargg/cpu_instrs","blargg/cpu_instrs/individual/06-ld r,r.gb",crash,0
2026-07-26T03:33:10Z,e923bd1,"blargg/cpu_instrs","blargg/cpu_instrs/individual/07-jr,jp,call,ret,rst.gb",crash,0
2026-07-26T03:33:10Z,e923bd1,"blargg/cpu_instrs","blargg/cpu_instrs/individual/08-misc instrs.gb",crash,0
2026-07-26T03:33:10Z,e923bd1,"blargg/cpu_instrs","blargg/cpu_instrs/individual/09-op r,r.gb",crash,0
2026-07-26T03:33:10Z,e923bd1,"blargg/cpu_instrs","blargg/cpu_instrs/individual/10-bit ops.gb",crash,0
2026-07-26T03:33:10Z,e923bd1,"blargg/cpu_instrs","blargg/cpu_instrs/individual/11-op a,(hl).gb",crash,0
2026-07-26T03:33:10Z,e923bd1,"blargg/dmg_sound","blargg/dmg_sound/dmg_sound.gb",crash,0
2026-07-26T03:33:10Z,e923bd1,"blargg/dmg_sound","blargg/dmg_sound/rom_singles/01-registers.gb",crash,0
2026-07-26T03:33:10Z,e923bd1,"blargg/dmg_sound","blargg/dmg_sound/rom_singles/02-len ctr.gb",crash,0
2026-07-26T03:33:10Z,e923bd1,"blargg/dmg_sound","blargg/dmg_sound/rom_singles/03-trigger.gb",crash,0
2026-07-26T03:33:10Z,e923bd1,"blargg/dmg_sound","blargg/dmg_sound/rom_singles/04-sweep.gb",crash,0
2026-07-26T03:33:10Z,e923bd1,"blargg/dmg_sound","blargg/dmg_sound/rom_singles/05-sweep details.gb",crash,0
2026-07-26T03:33:10Z,e923bd1,"blargg/dmg_sound","blargg/dmg_sound/rom_singles/06-overflow on trigger.gb",crash,0
2026-07-26T03:33:10Z,e923bd1,"blargg/dmg_sound","blargg/dmg_sound/rom_singles/07-len sweep period sync.gb",crash,0
2026-07-26T03:33:10Z,e923bd1,"blargg/dmg_sound","blargg/dmg_sound/rom_singles/08-len ctr during power.gb",crash,0
2026-07-26T03:33:10Z,e923bd1,"blargg/dmg_sound","blargg/dmg_sound/rom_singles/09-wave read while on.gb",crash,0
2026-07-26T03:33:10Z,e923bd1,"blargg/dmg_sound","blargg/dmg_sound/rom_singles/10-wave trigger while on.gb",crash,0
2026-07-26T03:33:10Z,e923bd1,"blargg/dmg_sound","blargg/dmg_sound/rom_singles/11-regs after power.gb",crash,0
2026-07-26T03:33:10Z,e923bd1,"blargg/dmg_sound","blargg/dmg_sound/rom_singles/12-wave write while on.gb",crash,0
2026-07-26T03:33:10Z,e923bd1,"blargg/halt_bug","blargg/halt_bug.gb",crash,0
2026-07-26T03:33:10Z,e923bd1,"blargg/instr_timing","blargg/instr_timing/instr_timing.gb",crash,0
2026-07-26T03:33:10Z,e923bd1,"blargg/interrupt_time","blargg/interrupt_time/interrupt_time.gb",crash,0
2026-07-26T03:33:10Z,e923bd1,"blargg/mem_timing-2","blargg/mem_timing-2/mem_timing.gb",crash,0
2026-07-26T03:33:10Z,e923bd1,"blargg/mem_timing-2","blargg/mem_timing-2/rom_singles/01-read_timing.gb",crash,0
2026-07-26T03:33:10Z,e923bd1,"blargg/mem_timing-2","blargg/mem_timing-2/rom_singles/02-write_timing.gb",crash,0
2026-07-26T03:33:10Z,e923bd1,"blargg/mem_timing-2","blargg/mem_timing-2/rom_singles/03-modify_timing.gb",crash,0
2026-07-26T03:33:10Z,e923bd1,"blargg/mem_timing","blargg/mem_timing/individual/01-read_timing.gb",crash,0
2026-07-26T03:33:10Z,e923bd1,"blargg/mem_timing","blargg/mem_timing/individual/02-write_timing.gb",crash,0
2026-07-26T03:33:10Z,e923bd1,"blargg/mem_timing","blargg/mem_timing/individual/03-modify_timing.gb",crash,0
2026-07-26T03:33:10Z,e923bd1,"blargg/mem_timing","blargg/mem_timing/mem_timing.gb",crash,0
2026-07-26T03:33:10Z,e923bd1,"blargg/oam_bug","blargg/oam_bug/oam_bug.gb",crash,0
2026-07-26T03:33:10Z,e923bd1,"blargg/oam_bug","blargg/oam_bug/rom_singles/1-lcd_sync.gb",crash,0
2026-07-26T03:33:10Z,e923bd1,"blargg/oam_bug","blargg/oam_bug/rom_singles/2-causes.gb",crash,0
2026-07-26T03:33:10Z,e923bd1,"blargg/oam_bug","blargg/oam_bug/rom_singles/3-non_causes.gb",crash,0
2026-07-26T03:33:10Z,e923bd1,"blargg/oam_bug","blargg/oam_bug/rom_singles/4-scanline_timing.gb",crash,0
2026-07-26T03:33:10Z,e923bd1,"blargg/oam_bug","blargg/oam_bug/rom_singles/5-timing_bug.gb",crash,0
2026-07-26T03:33:10Z,e923bd1,"blargg/oam_bug","blargg/oam_bug/rom_singles/6-timing_no_bug.gb",crash,0
2026-07-26T03:33:10Z,e923bd1,"blargg/oam_bug","blargg/oam_bug/rom_singles/7-timing_effect.gb",crash,0
2026-07-26T03:33:10Z,e923bd1,"blargg/oam_bug","blargg/oam_bug/rom_singles/8-instr_effect.gb",crash,0
2026-07-26T03:33:10Z,e923bd1,"dmg-acid2","dmg-acid2/dmg-acid2.gb",crash,0
2026-07-26T03:33:10Z,e923bd1,"mooneye/acceptance","mooneye/acceptance/add_sp_e_timing.gb",crash,0
2026-07-26T03:33:10Z,e923bd1,"mooneye/acceptance","mooneye/acceptance/bits/mem_oam.gb",crash,0
2026-07-26T03:33:10Z,e923bd1,"mooneye/acceptance","mooneye/acceptance/bits/reg_f.gb",crash,0
2026-07-26T03:33:10Z,e923bd1,"mooneye/acceptance","mooneye/acceptance/bits/unused_hwio-GS.gb",crash,0
2026-07-26T03:33:10Z,e923bd1,"mooneye/acceptance-nondmg","mooneye/acceptance/boot_div2-S.gb",crash,0
2026-07-26T03:33:10Z,e923bd1,"mooneye/acceptance-nondmg","mooneye/acceptance/boot_div-dmg0.gb",crash,0
2026-07-26T03:33:10Z,e923bd1,"mooneye/acceptance","mooneye/acceptance/boot_div-dmgABCmgb.gb",crash,0
2026-07-26T03:33:10Z,e923bd1,"mooneye/acceptance-nondmg","mooneye/acceptance/boot_div-S.gb",crash,0
2026-07-26T03:33:10Z,e923bd1,"mooneye/acceptance-nondmg","mooneye/acceptance/boot_hwio-dmg0.gb",crash,0
2026-07-26T03:33:10Z,e923bd1,"mooneye/acceptance","mooneye/acceptance/boot_hwio-dmgABCmgb.gb",crash,0
2026-07-26T03:33:10Z,e923bd1,"mooneye/acceptance-nondmg","mooneye/acceptance/boot_hwio-S.gb",crash,0
2026-07-26T03:33:10Z,e923bd1,"mooneye/acceptance-nondmg","mooneye/acceptance/boot_regs-dmg0.gb",crash,0
2026-07-26T03:33:10Z,e923bd1,"mooneye/acceptance","mooneye/acceptance/boot_regs-dmgABC.gb",crash,0
2026-07-26T03:33:10Z,e923bd1,"mooneye/acceptance-nondmg","mooneye/acceptance/boot_regs-mgb.gb",crash,0
2026-07-26T03:33:10Z,e923bd1,"mooneye/acceptance-nondmg","mooneye/acceptance/boot_regs-sgb2.gb",crash,0
2026-07-26T03:33:10Z,e923bd1,"mooneye/acceptance-nondmg","mooneye/acceptance/boot_regs-sgb.gb",crash,0
2026-07-26T03:33:10Z,e923bd1,"mooneye/acceptance","mooneye/acceptance/call_cc_timing2.gb",crash,0
2026-07-26T03:33:10Z,e923bd1,"mooneye/acceptance","mooneye/acceptance/call_cc_timing.gb",crash,0
2026-07-26T03:33:10Z,e923bd1,"mooneye/acceptance","mooneye/acceptance/call_timing2.gb",crash,0
2026-07-26T03:33:10Z,e923bd1,"mooneye/acceptance","mooneye/acceptance/call_timing.gb",crash,0
2026-07-26T03:33:10Z,e923bd1,"mooneye/acceptance","mooneye/acceptance/di_timing-GS.gb",crash,0
2026-07-26T03:33:10Z,e923bd1,"mooneye/acceptance","mooneye/acceptance/div_timing.gb",crash,0
2026-07-26T03:33:10Z,e923bd1,"mooneye/acceptance","mooneye/acceptance/ei_sequence.gb",crash,0
2026-07-26T03:33:10Z,e923bd1,"mooneye/acceptance","mooneye/acceptance/ei_timing.gb",crash,0
2026-07-26T03:33:10Z,e923bd1,"mooneye/acceptance","mooneye/acceptance/halt_ime0_ei.gb",crash,0
2026-07-26T03:33:10Z,e923bd1,"mooneye/acceptance","mooneye/acceptance/halt_ime0_nointr_timing.gb",crash,0
2026-07-26T03:33:10Z,e923bd1,"mooneye/acceptance","mooneye/acceptance/halt_ime1_timing2-GS.gb",crash,0
2026-07-26T03:33:10Z,e923bd1,"mooneye/acceptance","mooneye/acceptance/halt_ime1_timing.gb",crash,0
2026-07-26T03:33:10Z,e923bd1,"mooneye/acceptance","mooneye/acceptance/if_ie_registers.gb",crash,0
2026-07-26T03:33:10Z,e923bd1,"mooneye/acceptance","mooneye/acceptance/instr/daa.gb",crash,0
2026-07-26T03:33:10Z,e923bd1,"mooneye/acceptance","mooneye/acceptance/interrupts/ie_push.gb",crash,0
2026-07-26T03:33:10Z,e923bd1,"mooneye/acceptance","mooneye/acceptance/intr_timing.gb",crash,0
2026-07-26T03:33:10Z,e923bd1,"mooneye/acceptance","mooneye/acceptance/jp_cc_timing.gb",crash,0
2026-07-26T03:33:10Z,e923bd1,"mooneye/acceptance","mooneye/acceptance/jp_timing.gb",crash,0
2026-07-26T03:33:10Z,e923bd1,"mooneye/acceptance","mooneye/acceptance/ld_hl_sp_e_timing.gb",crash,0
2026-07-26T03:33:10Z,e923bd1,"mooneye/acceptance","mooneye/acceptance/oam_dma/basic.gb",crash,0
2026-07-26T03:33:10Z,e923bd1,"mooneye/acceptance","mooneye/acceptance/oam_dma/reg_read.gb",crash,0
2026-07-26T03:33:10Z,e923bd1,"mooneye/acceptance","mooneye/acceptance/oam_dma_restart.gb",crash,0
2026-07-26T03:33:10Z,e923bd1,"mooneye/acceptance","mooneye/acceptance/oam_dma/sources-GS.gb",crash,0
2026-07-26T03:33:10Z,e923bd1,"mooneye/acceptance","mooneye/acceptance/oam_dma_start.gb",crash,0
2026-07-26T03:33:10Z,e923bd1,"mooneye/acceptance","mooneye/acceptance/oam_dma_timing.gb",crash,0
2026-07-26T03:33:10Z,e923bd1,"mooneye/acceptance","mooneye/acceptance/pop_timing.gb",crash,0
2026-07-26T03:33:10Z,e923bd1,"mooneye/acceptance","mooneye/acceptance/ppu/hblank_ly_scx_timing-GS.gb",crash,0
2026-07-26T03:33:10Z,e923bd1,"mooneye/acceptance","mooneye/acceptance/ppu/intr_1_2_timing-GS.gb",crash,0
2026-07-26T03:33:10Z,e923bd1,"mooneye/acceptance","mooneye/acceptance/ppu/intr_2_0_timing.gb",crash,0
2026-07-26T03:33:10Z,e923bd1,"mooneye/acceptance","mooneye/acceptance/ppu/intr_2_mode0_timing.gb",crash,0
2026-07-26T03:33:10Z,e923bd1,"mooneye/acceptance","mooneye/acceptance/ppu/intr_2_mode0_timing_sprites.gb",crash,0
2026-07-26T03:33:10Z,e923bd1,"mooneye/acceptance","mooneye/acceptance/ppu/intr_2_mode3_timing.gb",crash,0
2026-07-26T03:33:10Z,e923bd1,"mooneye/acceptance","mooneye/acceptance/ppu/intr_2_oam_ok_timing.gb",crash,0
2026-07-26T03:33:10Z,e923bd1,"mooneye/acceptance","mooneye/acceptance/ppu/lcdon_timing-GS.gb",crash,0
2026-07-26T03:33:10Z,e923bd1,"mooneye/acceptance","mooneye/acceptance/ppu/lcdon_write_timing-GS.gb",crash,0
2026-07-26T03:33:10Z,e923bd1,"mooneye/acceptance","mooneye/acceptance/ppu/stat_irq_blocking.gb",crash,0
2026-07-26T03:33:10Z,e923bd1,"mooneye/acceptance","mooneye/acceptance/ppu/stat_lyc_onoff.gb",crash,0
2026-07-26T03:33:10Z,e923bd1,"mooneye/acceptance","mooneye/acceptance/ppu/vblank_stat_intr-GS.gb",crash,0
2026-07-26T03:33:10Z,e923bd1,"mooneye/acceptance","mooneye/acceptance/push_timing.gb",crash,0
2026-07-26T03:33:10Z,e923bd1,"mooneye/acceptance","mooneye/acceptance/rapid_di_ei.gb",crash,0
2026-07-26T03:33:10Z,e923bd1,"mooneye/acceptance","mooneye/acceptance/ret_cc_timing.gb",crash,0
2026-07-26T03:33:10Z,e923bd1,"mooneye/acceptance","mooneye/acceptance/reti_intr_timing.gb",crash,0
2026-07-26T03:33:10Z,e923bd1,"mooneye/acceptance","mooneye/acceptance/reti_timing.gb",crash,0
2026-07-26T03:33:10Z,e923bd1,"mooneye/acceptance","mooneye/acceptance/ret_timing.gb",crash,0
2026-07-26T03:33:10Z,e923bd1,"mooneye/acceptance","mooneye/acceptance/rst_timing.gb",crash,0
2026-07-26T03:33:10Z,e923bd1,"mooneye/acceptance","mooneye/acceptance/serial/boot_sclk_align-dmgABCmgb.gb",crash,0
2026-07-26T03:33:10Z,e923bd1,"mooneye/acceptance","mooneye/acceptance/timer/div_write.gb",crash,0
2026-07-26T03:33:10Z,e923bd1,"mooneye/acceptance","mooneye/acceptance/timer/rapid_toggle.gb",crash,0
2026-07-26T03:33:10Z,e923bd1,"mooneye/acceptance","mooneye/acceptance/timer/tim00_div_trigger.gb",crash,0
2026-07-26T03:33:10Z,e923bd1,"mooneye/acceptance","mooneye/acceptance/timer/tim00.gb",crash,0
2026-07-26T03:33:10Z,e923bd1,"mooneye/acceptance","mooneye/acceptance/timer/tim01_div_trigger.gb",crash,0
2026-07-26T03:33:10Z,e923bd1,"mooneye/acceptance","mooneye/acceptance/timer/tim01.gb",crash,0
2026-07-26T03:33:10Z,e923bd1,"mooneye/acceptance","mooneye/acceptance/timer/tim10_div_trigger.gb",crash,0
2026-07-26T03:33:10Z,e923bd1,"mooneye/acceptance","mooneye/acceptance/timer/tim10.gb",crash,0
2026-07-26T03:33:10Z,e923bd1,"mooneye/acceptance","mooneye/acceptance/timer/tim11_div_trigger.gb",crash,0
2026-07-26T03:33:10Z,e923bd1,"mooneye/acceptance","mooneye/acceptance/timer/tim11.gb",crash,0
2026-07-26T03:33:10Z,e923bd1,"mooneye/acceptance","mooneye/acceptance/timer/tima_reload.gb",crash,0
2026-07-26T03:33:10Z,e923bd1,"mooneye/acceptance","mooneye/acceptance/timer/tima_write_reloading.gb",crash,0
2026-07-26T03:33:10Z,e923bd1,"mooneye/acceptance","mooneye/acceptance/timer/tma_write_reloading.gb",crash,0
2026-07-26T03:50:01Z,a919037,"blargg/cpu_instrs","blargg/cpu_instrs/cpu_instrs.gb",crash,0
2026-07-26T03:50:01Z,a919037,"blargg/cpu_instrs","blargg/cpu_instrs/individual/01-special.gb",crash,0
2026-07-26T03:50:01Z,a919037,"blargg/cpu_instrs","blargg/cpu_instrs/individual/02-interrupts.gb",crash,0
2026-07-26T03:50:01Z,a919037,"blargg/cpu_instrs","blargg/cpu_instrs/individual/03-op sp,hl.gb",crash,0
2026-07-26T03:50:01Z,a919037,"blargg/cpu_instrs","blargg/cpu_instrs/individual/04-op r,imm.gb",crash,0
2026-07-26T03:50:01Z,a919037,"blargg/cpu_instrs","blargg/cpu_instrs/individual/05-op rp.gb",crash,0
2026-07-26T03:50:01Z,a919037,"blargg/cpu_instrs","blargg/cpu_instrs/individual/06-ld r,r.gb",crash,0
2026-07-26T03:50:01Z,a919037,"blargg/cpu_instrs","blargg/cpu_instrs/individual/07-jr,jp,call,ret,rst.gb",crash,0
2026-07-26T03:50:01Z,a919037,"blargg/cpu_instrs","blargg/cpu_instrs/individual/08-misc instrs.gb",crash,0
2026-07-26T03:50:01Z,a919037,"blargg/cpu_instrs","blargg/cpu_instrs/individual/09-op r,r.gb",crash,0
2026-07-26T03:50:01Z,a919037,"blargg/cpu_instrs","blargg/cpu_instrs/individual/10-bit ops.gb",crash,0
2026-07-26T03:50:01Z,a919037,"blargg/cpu_instrs","blargg/cpu_instrs/individual/11-op a,(hl).gb",crash,0
2026-07-26T03:50:01Z,a919037,"blargg/dmg_sound","blargg/dmg_sound/dmg_sound.gb",crash,0
2026-07-26T03:50:01Z,a919037,"blargg/dmg_sound","blargg/dmg_sound/rom_singles/01-registers.gb",crash,0
2026-07-26T03:50:01Z,a919037,"blargg/dmg_sound","blargg/dmg_sound/rom_singles/02-len ctr.gb",crash,0
2026-07-26T03:50:01Z,a919037,"blargg/dmg_sound","blargg/dmg_sound/rom_singles/03-trigger.gb",crash,0
2026-07-26T03:50:01Z,a919037,"blargg/dmg_sound","blargg/dmg_sound/rom_singles/04-sweep.gb",crash,0
2026-07-26T03:50:01Z,a919037,"blargg/dmg_sound","blargg/dmg_sound/rom_singles/05-sweep details.gb",crash,0
2026-07-26T03:50:01Z,a919037,"blargg/dmg_sound","blargg/dmg_sound/rom_singles/06-overflow on trigger.gb",crash,0
2026-07-26T03:50:01Z,a919037,"blargg/dmg_sound","blargg/dmg_sound/rom_singles/07-len sweep period sync.gb",crash,0
2026-07-26T03:50:01Z,a919037,"blargg/dmg_sound","blargg/dmg_sound/rom_singles/08-len ctr during power.gb",crash,0
2026-07-26T03:50:01Z,a919037,"blargg/dmg_sound","blargg/dmg_sound/rom_singles/09-wave read while on.gb",crash,0
2026-07-26T03:50:01Z,a919037,"blargg/dmg_sound","blargg/dmg_sound/rom_singles/10-wave trigger while on.gb",crash,0
2026-07-26T03:50:01Z,a919037,"blargg/dmg_sound","blargg/dmg_sound/rom_singles/11-regs after power.gb",crash,0
2026-07-26T03:50:01Z,a919037,"blargg/dmg_sound","blargg/dmg_sound/rom_singles/12-wave write while on.gb",crash,0
2026-07-26T03:50:01Z,a919037,"blargg/halt_bug","blargg/halt_bug.gb",crash,0
2026-07-26T03:50:01Z,a919037,"blargg/instr_timing","blargg/instr_timing/instr_timing.gb",crash,0
2026-07-26T03:50:01Z,a919037,"blargg/interrupt_time","blargg/interrupt_time/interrupt_time.gb",crash,0
2026-07-26T03:50:01Z,a919037,"blargg/mem_timing-2","blargg/mem_timing-2/mem_timing.gb",crash,0
2026-07-26T03:50:01Z,a919037,"blargg/mem_timing-2","blargg/mem_timing-2/rom_singles/01-read_timing.gb",crash,0
2026-07-26T03:50:01Z,a919037,"blargg/mem_timing-2","blargg/mem_timing-2/rom_singles/02-write_timing.gb",crash,0
2026-07-26T03:50:01Z,a919037,"blargg/mem_timing-2","blargg/mem_timing-2/rom_singles/03-modify_timing.gb",crash,0
2026-07-26T03:50:01Z,a919037,"blargg/mem_timing","blargg/mem_timing/individual/01-read_timing.gb",crash,0
2026-07-26T03:50:01Z,a919037,"blargg/mem_timing","blargg/mem_timing/individual/02-write_timing.gb",crash,0
2026-07-26T03:50:01Z,a919037,"blargg/mem_timing","blargg/mem_timing/individual/03-modify_timing.gb",crash,0
2026-07-26T03:50:01Z,a919037,"blargg/mem_timing","blargg/mem_timing/mem_timing.gb",crash,0
2026-07-26T03:50:01Z,a919037,"blargg/oam_bug","blargg/oam_bug/oam_bug.gb",crash,0
2026-07-26T03:50:01Z,a919037,"blargg/oam_bug","blargg/oam_bug/rom_singles/1-lcd_sync.gb",crash,0
2026-07-26T03:50:01Z,a919037,"blargg/oam_bug","blargg/oam_bug/rom_singles/2-causes.gb",crash,0
2026-07-26T03:50:01Z,a919037,"blargg/oam_bug","blargg/oam_bug/rom_singles/3-non_causes.gb",crash,0
2026-07-26T03:50:01Z,a919037,"blargg/oam_bug","blargg/oam_bug/rom_singles/4-scanline_timing.gb",crash,0
2026-07-26T03:50:01Z,a919037,"blargg/oam_bug","blargg/oam_bug/rom_singles/5-timing_bug.gb",crash,0
2026-07-26T03:50:01Z,a919037,"blargg/oam_bug","blargg/oam_bug/rom_singles/6-timing_no_bug.gb",crash,0
2026-07-26T03:50:01Z,a919037,"blargg/oam_bug","blargg/oam_bug/rom_singles/7-timing_effect.gb",crash,0
2026-07-26T03:50:01Z,a919037,"blargg/oam_bug","blargg/oam_bug/rom_singles/8-instr_effect.gb",crash,0
2026-07-26T03:50:01Z,a919037,"dmg-acid2","dmg-acid2/dmg-acid2.gb",crash,0
2026-07-26T03:50:01Z,a919037,"mooneye/acceptance","mooneye/acceptance/add_sp_e_timing.gb",crash,0
2026-07-26T03:50:01Z,a919037,"mooneye/acceptance","mooneye/acceptance/bits/mem_oam.gb",crash,0
2026-07-26T03:50:01Z,a919037,"mooneye/acceptance","mooneye/acceptance/bits/reg_f.gb",crash,0
2026-07-26T03:50:01Z,a919037,"mooneye/acceptance","mooneye/acceptance/bits/unused_hwio-GS.gb",crash,0
2026-07-26T03:50:01Z,a919037,"mooneye/acceptance-nondmg","mooneye/acceptance/boot_div2-S.gb",crash,0
2026-07-26T03:50:01Z,a919037,"mooneye/acceptance-nondmg","mooneye/acceptance/boot_div-dmg0.gb",crash,0
2026-07-26T03:50:01Z,a919037,"mooneye/acceptance","mooneye/acceptance/boot_div-dmgABCmgb.gb",crash,0
2026-07-26T03:50:01Z,a919037,"mooneye/acceptance-nondmg","mooneye/acceptance/boot_div-S.gb",crash,0
2026-07-26T03:50:01Z,a919037,"mooneye/acceptance-nondmg","mooneye/acceptance/boot_hwio-dmg0.gb",crash,0
2026-07-26T03:50:01Z,a919037,"mooneye/acceptance","mooneye/acceptance/boot_hwio-dmgABCmgb.gb",crash,0
2026-07-26T03:50:01Z,a919037,"mooneye/acceptance-nondmg","mooneye/acceptance/boot_hwio-S.gb",crash,0
2026-07-26T03:50:01Z,a919037,"mooneye/acceptance-nondmg","mooneye/acceptance/boot_regs-dmg0.gb",crash,0
2026-07-26T03:50:01Z,a919037,"mooneye/acceptance","mooneye/acceptance/boot_regs-dmgABC.gb",crash,0
2026-07-26T03:50:01Z,a919037,"mooneye/acceptance-nondmg","mooneye/acceptance/boot_regs-mgb.gb",crash,0
2026-07-26T03:50:01Z,a919037,"mooneye/acceptance-nondmg","mooneye/acceptance/boot_regs-sgb2.gb",crash,0
2026-07-26T03:50:01Z,a919037,"mooneye/acceptance-nondmg","mooneye/acceptance/boot_regs-sgb.gb",crash,0
2026-07-26T03:50:01Z,a919037,"mooneye/acceptance","mooneye/acceptance/call_cc_timing2.gb",crash,0
2026-07-26T03:50:01Z,a919037,"mooneye/acceptance","mooneye/acceptance/call_cc_timing.gb",crash,0
2026-07-26T03:50:01Z,a919037,"mooneye/acceptance","mooneye/acceptance/call_timing2.gb",crash,0
2026-07-26T03:50:01Z,a919037,"mooneye/acceptance","mooneye/acceptance/call_timing.gb",crash,0
2026-07-26T03:50:01Z,a919037,"mooneye/acceptance","mooneye/acceptance/di_timing-GS.gb",crash,0
2026-07-26T03:50:01Z,a919037,"mooneye/acceptance","mooneye/acceptance/div_timing.gb",crash,0
2026-07-26T03:50:01Z,a919037,"mooneye/acceptance","mooneye/acceptance/ei_sequence.gb",crash,0
2026-07-26T03:50:01Z,a919037,"mooneye/acceptance","mooneye/acceptance/ei_timing.gb",crash,0
2026-07-26T03:50:01Z,a919037,"mooneye/acceptance","mooneye/acceptance/halt_ime0_ei.gb",crash,0
2026-07-26T03:50:01Z,a919037,"mooneye/acceptance","mooneye/acceptance/halt_ime0_nointr_timing.gb",crash,0
2026-07-26T03:50:01Z,a919037,"mooneye/acceptance","mooneye/acceptance/halt_ime1_timing2-GS.gb",crash,0
2026-07-26T03:50:01Z,a919037,"mooneye/acceptance","mooneye/acceptance/halt_ime1_timing.gb",crash,0
2026-07-26T03:50:01Z,a919037,"mooneye/acceptance","mooneye/acceptance/if_ie_registers.gb",crash,0
2026-07-26T03:50:01Z,a919037,"mooneye/acceptance","mooneye/acceptance/instr/daa.gb",crash,0
2026-07-26T03:50:01Z,a919037,"mooneye/acceptance","mooneye/acceptance/interrupts/ie_push.gb",crash,0
2026-07-26T03:50:01Z,a919037,"mooneye/acceptance","mooneye/acceptance/intr_timing.gb",crash,0
2026-07-26T03:50:01Z,a919037,"mooneye/acceptance","mooneye/acceptance/jp_cc_timing.gb",crash,0
2026-07-26T03:50:01Z,a919037,"mooneye/acceptance","mooneye/acceptance/jp_timing.gb",crash,0
2026-07-26T03:50:01Z,a919037,"mooneye/acceptance","mooneye/acceptance/ld_hl_sp_e_timing.gb",crash,0
2026-07-26T03:50:01Z,a919037,"mooneye/acceptance","mooneye/acceptance/oam_dma/basic.gb",crash,0
2026-07-26T03:50:01Z,a919037,"mooneye/acceptance","mooneye/acceptance/oam_dma/reg_read.gb",crash,0
2026-07-26T03:50:01Z,a919037,"mooneye/acceptance","mooneye/acceptance/oam_dma_restart.gb",crash,0
2026-07-26T03:50:01Z,a919037,"mooneye/acceptance","mooneye/acceptance/oam_dma/sources-GS.gb",crash,0
2026-07-26T03:50:01Z,a919037,"mooneye/acceptance","mooneye/acceptance/oam_dma_start.gb",crash,0
2026-07-26T03:50:01Z,a919037,"mooneye/acceptance","mooneye/acceptance/oam_dma_timing.gb",crash,0
2026-07-26T03:50:01Z,a919037,"mooneye/acceptance","mooneye/acceptance/pop_timing.gb",crash,0
2026-07-26T03:50:01Z,a919037,"mooneye/acceptance","mooneye/acceptance/ppu/hblank_ly_scx_timing-GS.gb",crash,0
2026-07-26T03:50:01Z,a919037,"mooneye/acceptance","mooneye/acceptance/ppu/intr_1_2_timing-GS.gb",crash,0
2026-07-26T03:50:01Z,a919037,"mooneye/acceptance","mooneye/acceptance/ppu/intr_2_0_timing.gb",crash,0
2026-07-26T03:50:01Z,a919037,"mooneye/acceptance","mooneye/acceptance/ppu/intr_2_mode0_timing.gb",crash,0
2026-07-26T03:50:01Z,a919037,"mooneye/acceptance","mooneye/acceptance/ppu/intr_2_mode0_timing_sprites.gb",crash,0
2026-07-26T03:50:01Z,a919037,"mooneye/acceptance","mooneye/acceptance/ppu/intr_2_mode3_timing.gb",crash,0
2026-07-26T03:50:01Z,a919037,"mooneye/acceptance","mooneye/acceptance/ppu/intr_2_oam_ok_timing.gb",crash,0
2026-07-26T03:50:01Z,a919037,"mooneye/acceptance","mooneye/acceptance/ppu/lcdon_timing-GS.gb",crash,0
2026-07-26T03:50:01Z,a919037,"mooneye/acceptance","mooneye/acceptance/ppu/lcdon_write_timing-GS.gb",crash,0
2026-07-26T03:50:01Z,a919037,"mooneye/acceptance","mooneye/acceptance/ppu/stat_irq_blocking.gb",crash,0
2026-07-26T03:50:01Z,a919037,"mooneye/acceptance","mooneye/acceptance/ppu/stat_lyc_onoff.gb",crash,0
2026-07-26T03:50:01Z,a919037,"mooneye/acceptance","mooneye/acceptance/ppu/vblank_stat_intr-GS.gb",crash,0
2026-07-26T03:50:01Z,a919037,"mooneye/acceptance","mooneye/acceptance/push_timing.gb",crash,0
2026-07-26T03:50:01Z,a919037,"mooneye/acceptance","mooneye/acceptance/rapid_di_ei.gb",crash,0
2026-07-26T03:50:01Z,a919037,"mooneye/acceptance","mooneye/acceptance/ret_cc_timing.gb",crash,0
2026-07-26T03:50:01Z,a919037,"mooneye/acceptance","mooneye/acceptance/reti_intr_timing.gb",crash,0
2026-07-26T03:50:01Z,a919037,"mooneye/acceptance","mooneye/acceptance/reti_timing.gb",crash,0
2026-07-26T03:50:01Z,a919037,"mooneye/acceptance","mooneye/acceptance/ret_timing.gb",crash,0
2026-07-26T03:50:01Z,a919037,"mooneye/acceptance","mooneye/acceptance/rst_timing.gb",crash,0
2026-07-26T03:50:01Z,a919037,"mooneye/acceptance","mooneye/acceptance/serial/boot_sclk_align-dmgABCmgb.gb",crash,0
2026-07-26T03:50:01Z,a919037,"mooneye/acceptance","mooneye/acceptance/timer/div_write.gb",crash,0
2026-07-26T03:50:01Z,a919037,"mooneye/acceptance","mooneye/acceptance/timer/rapid_toggle.gb",crash,0
2026-07-26T03:50:01Z,a919037,"mooneye/acceptance","mooneye/acceptance/timer/tim00_div_trigger.gb",crash,0
2026-07-26T03:50:01Z,a919037,"mooneye/acceptance","mooneye/acceptance/timer/tim00.gb",crash,0
2026-07-26T03:50:01Z,a919037,"mooneye/acceptance","mooneye/acceptance/timer/tim01_div_trigger.gb",crash,0
2026-07-26T03:50:01Z,a919037,"mooneye/acceptance","mooneye/acceptance/timer/tim01.gb",crash,0
2026-07-26T03:50:01Z,a919037,"mooneye/acceptance","mooneye/acceptance/timer/tim10_div_trigger.gb",crash,0
2026-07-26T03:50:01Z,a919037,"mooneye/acceptance","mooneye/acceptance/timer/tim10.gb",crash,0
2026-07-26T03:50:01Z,a919037,"mooneye/acceptance","mooneye/acceptance/timer/tim11_div_trigger.gb",crash,0
2026-07-26T03:50:01Z,a919037,"mooneye/acceptance","mooneye/acceptance/timer/tim11.gb",crash,0
2026-07-26T03:50:01Z,a919037,"mooneye/acceptance","mooneye/acceptance/timer/tima_reload.gb",crash,0
2026-07-26T03:50:01Z,a919037,"mooneye/acceptance","mooneye/acceptance/timer/tima_write_reloading.gb",crash,0
2026-07-26T03:50:01Z,a919037,"mooneye/acceptance","mooneye/acceptance/timer/tma_write_reloading.gb",crash,0
2026-07-26T04:05:46Z,f3e9c97,"blargg/cpu_instrs","blargg/cpu_instrs/cpu_instrs.gb",crash,0
2026-07-26T04:05:46Z,f3e9c97,"blargg/cpu_instrs","blargg/cpu_instrs/individual/01-special.gb",crash,0
2026-07-26T04:05:46Z,f3e9c97,"blargg/cpu_instrs","blargg/cpu_instrs/individual/02-interrupts.gb",crash,0
2026-07-26T04:05:46Z,f3e9c97,"blargg/cpu_instrs","blargg/cpu_instrs/individual/03-op sp,hl.gb",crash,0
2026-07-26T04:05:46Z,f3e9c97,"blargg/cpu_instrs","blargg/cpu_instrs/individual/04-op r,imm.gb",crash,0
2026-07-26T04:05:46Z,f3e9c97,"blargg/cpu_instrs","blargg/cpu_instrs/individual/05-op rp.gb",crash,0
2026-07-26T04:05:46Z,f3e9c97,"blargg/cpu_instrs","blargg/cpu_instrs/individual/06-ld r,r.gb",crash,0
2026-07-26T04:05:46Z,f3e9c97,"blargg/cpu_instrs","blargg/cpu_instrs/individual/07-jr,jp,call,ret,rst.gb",crash,0
2026-07-26T04:05:46Z,f3e9c97,"blargg/cpu_instrs","blargg/cpu_instrs/individual/08-misc instrs.gb",crash,0
2026-07-26T04:05:46Z,f3e9c97,"blargg/cpu_instrs","blargg/cpu_instrs/individual/09-op r,r.gb",crash,0
2026-07-26T04:05:46Z,f3e9c97,"blargg/cpu_instrs","blargg/cpu_instrs/individual/10-bit ops.gb",crash,0
2026-07-26T04:05:46Z,f3e9c97,"blargg/cpu_instrs","blargg/cpu_instrs/individual/11-op a,(hl).gb",crash,0
2026-07-26T04:05:46Z,f3e9c97,"blargg/dmg_sound","blargg/dmg_sound/dmg_sound.gb",crash,0
2026-07-26T04:05:46Z,f3e9c97,"blargg/dmg_sound","blargg/dmg_sound/rom_singles/01-registers.gb",crash,0
2026-07-26T04:05:46Z,f3e9c97,"blargg/dmg_sound","blargg/dmg_sound/rom_singles/02-len ctr.gb",crash,0
2026-07-26T04:05:46Z,f3e9c97,"blargg/dmg_sound","blargg/dmg_sound/rom_singles/03-trigger.gb",crash,0
2026-07-26T04:05:46Z,f3e9c97,"blargg/dmg_sound","blargg/dmg_sound/rom_singles/04-sweep.gb",crash,0
2026-07-26T04:05:46Z,f3e9c97,"blargg/dmg_sound","blargg/dmg_sound/rom_singles/05-sweep details.gb",crash,0
2026-07-26T04:05:46Z,f3e9c97,"blargg/dmg_sound","blargg/dmg_sound/rom_singles/06-overflow on trigger.gb",crash,0
2026-07-26T04:05:46Z,f3e9c97,"blargg/dmg_sound","blargg/dmg_sound/rom_singles/07-len sweep period sync.gb",crash,0
2026-07-26T04:05:46Z,f3e9c97,"blargg/dmg_sound","blargg/dmg_sound/rom_singles/08-len ctr during power.gb",crash,0
2026-07-26T04:05:46Z,f3e9c97,"blargg/dmg_sound","blargg/dmg_sound/rom_singles/09-wave read while on.gb",crash,0
2026-07-26T04:05:46Z,f3e9c97,"blargg/dmg_sound","blargg/dmg_sound/rom_singles/10-wave trigger while on.gb",crash,0
2026-07-26T04:05:46Z,f3e9c97,"blargg/dmg_sound","blargg/dmg_sound/rom_singles/11-regs after power.gb",crash,0
2026-07-26T04:05:46Z,f3e9c97,"blargg/dmg_sound","blargg/dmg_sound/rom_singles/12-wave write while on.gb",crash,0
2026-07-26T04:05:46Z,f3e9c97,"blargg/halt_bug","blargg/halt_bug.gb",crash,0
2026-07-26T04:05:46Z,f3e9c97,"blargg/instr_timing","blargg/instr_timing/instr_timing.gb",crash,0
2026-07-26T04:05:46Z,f3e9c97,"blargg/interrupt_time","blargg/interrupt_time/interrupt_time.gb",crash,0
2026-07-26T04:05:46Z,f3e9c97,"blargg/mem_timing-2","blargg/mem_timing-2/mem_timing.gb",crash,0
2026-07-26T04:05:46Z,f3e9c97,"blargg/mem_timing-2","blargg/mem_timing-2/rom_singles/01-read_timing.gb",crash,0
2026-07-26T04:05:46Z,f3e9c97,"blargg/mem_timing-2","blargg/mem_timing-2/rom_singles/02-write_timing.gb",crash,0
2026-07-26T04:05:46Z,f3e9c97,"blargg/mem_timing-2","blargg/mem_timing-2/rom_singles/03-modify_timing.gb",crash,0
2026-07-26T04:05:46Z,f3e9c97,"blargg/mem_timing","blargg/mem_timing/individual/01-read_timing.gb",crash,0
2026-07-26T04:05:46Z,f3e9c97,"blargg/mem_timing","blargg/mem_timing/individual/02-write_timing.gb",crash,0
2026-07-26T04:05:46Z,f3e9c97,"blargg/mem_timing","blargg/mem_timing/individual/03-modify_timing.gb",crash,0
2026-07-26T04:05:46Z,f3e9c97,"blargg/mem_timing","blargg/mem_timing/mem_timing.gb",crash,0
2026-07-26T04:05:46Z,f3e9c97,"blargg/oam_bug","blargg/oam_bug/oam_bug.gb",crash,0
2026-07-26T04:05:46Z,f3e9c97,"blargg/oam_bug","blargg/oam_bug/rom_singles/1-lcd_sync.gb",crash,0
2026-07-26T04:05:46Z,f3e9c97,"blargg/oam_bug","blargg/oam_bug/rom_singles/2-causes.gb",crash,0
2026-07-26T04:05:46Z,f3e9c97,"blargg/oam_bug","blargg/oam_bug/rom_singles/3-non_causes.gb",crash,0
2026-07-26T04:05:46Z,f3e9c97,"blargg/oam_bug","blargg/oam_bug/rom_singles/4-scanline_timing.gb",crash,0
2026-07-26T04:05:46Z,f3e9c97,"blargg/oam_bug","blargg/oam_bug/rom_singles/5-timing_bug.gb",crash,0
2026-07-26T04:05:46Z,f3e9c97,"blargg/oam_bug","blargg/oam_bug/rom_singles/6-timing_no_bug.gb",crash,0
2026-07-26T04:05:46Z,f3e9c97,"blargg/oam_bug","blargg/oam_bug/rom_singles/7-timing_effect.gb",crash,0
2026-07-26T04:05:46Z,f3e9c97,"blargg/oam_bug","blargg/oam_bug/rom_singles/8-instr_effect.gb",crash,0
2026-07-26T04:05:46Z,f3e9c97,"dmg-acid2","dmg-acid2/dmg-acid2.gb",crash,0
2026-07-26T04:05:46Z,f3e9c97,"mooneye/acceptance","mooneye/acceptance/add_sp_e_timing.gb",crash,0
2026-07-26T04:05:46Z,f3e9c97,"mooneye/acceptance","mooneye/acceptance/bits/mem_oam.gb",crash,0
2026-07-26T04:05:46Z,f3e9c97,"mooneye/acceptance","mooneye/acceptance/bits/reg_f.gb",crash,0
2026-07-26T04:05:46Z,f3e9c97,"mooneye/acceptance","mooneye/acceptance/bits/unused_hwio-GS.gb",crash,0
2026-07-26T04:05:46Z,f3e9c97,"mooneye/acceptance-nondmg","mooneye/acceptance/boot_div2-S.gb",crash,0
2026-07-26T04:05:46Z,f3e9c97,"mooneye/acceptance-nondmg","mooneye/acceptance/boot_div-dmg0.gb",crash,0
2026-07-26T04:05:46Z,f3e9c97,"mooneye/acceptance","mooneye/acceptance/boot_div-dmgABCmgb.gb",crash,0
2026-07-26T04:05:46Z,f3e9c97,"mooneye/acceptance-nondmg","mooneye/acceptance/boot_div-S.gb",crash,0
2026-07-26T04:05:46Z,f3e9c97,"mooneye/acceptance-nondmg","mooneye/acceptance/boot_hwio-dmg0.gb",crash,0
2026-07-26T04:05:46Z,f3e9c97,"mooneye/acceptance","mooneye/acceptance/boot_hwio-dmgABCmgb.gb",crash,0
2026-07-26T04:05:46Z,f3e9c97,"mooneye/acceptance-nondmg","mooneye/acceptance/boot_hwio-S.gb",crash,0
2026-07-26T04:05:46Z,f3e9c97,"mooneye/acceptance-nondmg","mooneye/acceptance/boot_regs-dmg0.gb",crash,0
2026-07-26T04:05:46Z,f3e9c97,"mooneye/acceptance","mooneye/acceptance/boot_regs-dmgABC.gb",crash,0
2026-07-26T04:05:46Z,f3e9c97,"mooneye/acceptance-nondmg","mooneye/acceptance/boot_regs-mgb.gb",crash,0
2026-07-26T04:05:46Z,f3e9c97,"mooneye/acceptance-nondmg","mooneye/acceptance/boot_regs-sgb2.gb",crash,0
2026-07-26T04:05:46Z,f3e9c97,"mooneye/acceptance-nondmg","mooneye/acceptance/boot_regs-sgb.gb",crash,0
2026-07-26T04:05:46Z,f3e9c97,"mooneye/acceptance","mooneye/acceptance/call_cc_timing2.gb",crash,0
2026-07-26T04:05:46Z,f3e9c97,"mooneye/acceptance","mooneye/acceptance/call_cc_timing.gb",crash,0
2026-07-26T04:05:46Z,f3e9c97,"mooneye/acceptance","mooneye/acceptance/call_timing2.gb",crash,0
2026-07-26T04:05:46Z,f3e9c97,"mooneye/acceptance","mooneye/acceptance/call_timing.gb",crash,0
2026-07-26T04:05:46Z,f3e9c97,"mooneye/acceptance","mooneye/acceptance/di_timing-GS.gb",crash,0
2026-07-26T04:05:46Z,f3e9c97,"mooneye/acceptance","mooneye/acceptance/div_timing.gb",crash,0
2026-07-26T04:05:46Z,f3e9c97,"mooneye/acceptance","mooneye/acceptance/ei_sequence.gb",crash,0
2026-07-26T04:05:46Z,f3e9c97,"mooneye/acceptance","mooneye/acceptance/ei_timing.gb",crash,0
2026-07-26T04:05:46Z,f3e9c97,"mooneye/acceptance","mooneye/acceptance/halt_ime0_ei.gb",crash,0
2026-07-26T04:05:46Z,f3e9c97,"mooneye/acceptance","mooneye/acceptance/halt_ime0_nointr_timing.gb",crash,0
2026-07-26T04:05:46Z,f3e9c97,"mooneye/acceptance","mooneye/acceptance/halt_ime1_timing2-GS.gb",crash,0
2026-07-26T04:05:46Z,f3e9c97,"mooneye/acceptance","mooneye/acceptance/halt_ime1_timing.gb",crash,0
2026-07-26T04:05:46Z,f3e9c97,"mooneye/acceptance","mooneye/acceptance/if_ie_registers.gb",crash,0
2026-07-26T04:05:46Z,f3e9c97,"mooneye/acceptance","mooneye/acceptance/instr/daa.gb",crash,0
2026-07-26T04:05:46Z,f3e9c97,"mooneye/acceptance","mooneye/acceptance/interrupts/ie_push.gb",crash,0
2026-07-26T04:05:46Z,f3e9c97,"mooneye/acceptance","mooneye/acceptance/intr_timing.gb",crash,0
2026-07-26T04:05:46Z,f3e9c97,"mooneye/acceptance","mooneye/acceptance/jp_cc_timing.gb",crash,0
2026-07-26T04:05:46Z,f3e9c97,"mooneye/acceptance","mooneye/acceptance/jp_timing.gb",crash,0
2026-07-26T04:05:46Z,f3e9c97,"mooneye/acceptance","mooneye/acceptance/ld_hl_sp_e_timing.gb",crash,0
2026-07-26T04:05:46Z,f3e9c97,"mooneye/acceptance","mooneye/acceptance/oam_dma/basic.gb",crash,0
2026-07-26T04:05:46Z,f3e9c97,"mooneye/acceptance","mooneye/acceptance/oam_dma/reg_read.gb",crash,0
2026-07-26T04:05:46Z,f3e9c97,"mooneye/acceptance","mooneye/acceptance/oam_dma_restart.gb",crash,0
2026-07-26T04:05:46Z,f3e9c97,"mooneye/acceptance","mooneye/acceptance/oam_dma/sources-GS.gb",crash,0
2026-07-26T04:05:46Z,f3e9c97,"mooneye/acceptance","mooneye/acceptance/oam_dma_start.gb",crash,0
2026-07-26T04:05:46Z,f3e9c97,"mooneye/acceptance","mooneye/acceptance/oam_dma_timing.gb",crash,0
2026-07-26T04:05:46Z,f3e9c97,"mooneye/acceptance","mooneye/acceptance/pop_timing.gb",crash,0
2026-07-26T04:05:46Z,f3e9c97,"mooneye/acceptance","mooneye/acceptance/ppu/hblank_ly_scx_timing-GS.gb",crash,0
2026-07-26T04:05:46Z,f3e9c97,"mooneye/acceptance","mooneye/acceptance/ppu/intr_1_2_timing-GS.gb",crash,0
2026-07-26T04:05:46Z,f3e9c97,"mooneye/acceptance","mooneye/acceptance/ppu/intr_2_0_timing.gb",crash,0
2026-07-26T04:05:46Z,f3e9c97,"mooneye/acceptance","mooneye/acceptance/ppu/intr_2_mode0_timing.gb",crash,0
2026-07-26T04:05:46Z,f3e9c97,"mooneye/acceptance","mooneye/acceptance/ppu/intr_2_mode0_timing_sprites.gb",crash,0
2026-07-26T04:05:46Z,f3e9c97,"mooneye/acceptance","mooneye/acceptance/ppu/intr_2_mode3_timing.gb",crash,0
2026-07-26T04:05:46Z,f3e9c97,"mooneye/acceptance","mooneye/acceptance/ppu/intr_2_oam_ok_timing.gb",crash,0
2026-07-26T04:05:46Z,f3e9c97,"mooneye/acceptance","mooneye/acceptance/ppu/lcdon_timing-GS.gb",crash,0
2026-07-26T04:05:46Z,f3e9c97,"mooneye/acceptance","mooneye/acceptance/ppu/lcdon_write_timing-GS.gb",crash,0
2026-07-26T04:05:46Z,f3e9c97,"mooneye/acceptance","mooneye/acceptance/ppu/stat_irq_blocking.gb",crash,0
2026-07-26T04:05:46Z,f3e9c97,"mooneye/acceptance","mooneye/acceptance/ppu/stat_lyc_onoff.gb",crash,0
2026-07-26T04:05:46Z,f3e9c97,"mooneye/acceptance","mooneye/acceptance/ppu/vblank_stat_intr-GS.gb",crash,0
2026-07-26T04:05:46Z,f3e9c97,"mooneye/acceptance","mooneye/acceptance/push_timing.gb",crash,0
2026-07-26T04:05:46Z,f3e9c97,"mooneye/acceptance","mooneye/acceptance/rapid_di_ei.gb",crash,0
2026-07-26T04:05:46Z,f3e9c97,"mooneye/acceptance","mooneye/acceptance/ret_cc_timing.gb",crash,0
2026-07-26T04:05:46Z,f3e9c97,"mooneye/acceptance","mooneye/acceptance/reti_intr_timing.gb",crash,0
2026-07-26T04:05:46Z,f3e9c97,"mooneye/acceptance","mooneye/acceptance/reti_timing.gb",crash,0
2026-07-26T04:05:46Z,f3e9c97,"mooneye/acceptance","mooneye/acceptance/ret_timing.gb",crash,0
2026-07-26T04:05:46Z,f3e9c97,"mooneye/acceptance","mooneye/acceptance/rst_timing.gb",crash,0
2026-07-26T04:05:46Z,f3e9c97,"mooneye/acceptance","mooneye/acceptance/serial/boot_sclk_align-dmgABCmgb.gb",crash,0
2026-07-26T04:05:46Z,f3e9c97,"mooneye/acceptance","mooneye/acceptance/timer/div_write.gb",crash,0
2026-07-26T04:05:46Z,f3e9c97,"mooneye/acceptance","mooneye/acceptance/timer/rapid_toggle.gb",crash,0
2026-07-26T04:05:46Z,f3e9c97,"mooneye/acceptance","mooneye/acceptance/timer/tim00_div_trigger.gb",crash,0
2026-07-26T04:05:46Z,f3e9c97,"mooneye/acceptance","mooneye/acceptance/timer/tim00.gb",crash,0
2026-07-26T04:05:46Z,f3e9c97,"mooneye/acceptance","mooneye/acceptance/timer/tim01_div_trigger.gb",crash,0
2026-07-26T04:05:46Z,f3e9c97,"mooneye/acceptance","mooneye/acceptance/timer/tim01.gb",crash,0
2026-07-26T04:05:46Z,f3e9c97,"mooneye/acceptance","mooneye/acceptance/timer/tim10_div_trigger.gb",crash,0
2026-07-26T04:05:46Z,f3e9c97,"mooneye/acceptance","mooneye/acceptance/timer/tim10.gb",crash,0
2026-07-26T04:05:46Z,f3e9c97,"mooneye/acceptance","mooneye/acceptance/timer/tim11_div_trigger.gb",crash,0
2026-07-26T04:05:46Z,f3e9c97,"mooneye/acceptance","mooneye/acceptance/timer/tim11.gb",crash,0
2026-07-26T04:05:46Z,f3e9c97,"mooneye/acceptance","mooneye/acceptance/timer/tima_reload.gb",crash,0
2026-07-26T04:05:46Z,f3e9c97,"mooneye/acceptance","mooneye/acceptance/timer/tima_write_reloading.gb",crash,0
2026-07-26T04:05:46Z,f3e9c97,"mooneye/acceptance","mooneye/acceptance/timer/tma_write_reloading.gb",crash,0
2026-07-26T04:20:50Z,c029c52,"blargg/cpu_instrs","blargg/cpu_instrs/cpu_instrs.gb",crash,0
2026-07-26T04:20:50Z,c029c52,"blargg/cpu_instrs","blargg/cpu_instrs/individual/01-special.gb",crash,0
2026-07-26T04:20:50Z,c029c52,"blargg/cpu_instrs","blargg/cpu_instrs/individual/02-interrupts.gb",crash,0
2026-07-26T04:20:50Z,c029c52,"blargg/cpu_instrs","blargg/cpu_instrs/individual/03-op sp,hl.gb",crash,0
2026-07-26T04:20:50Z,c029c52,"blargg/cpu_instrs","blargg/cpu_instrs/individual/04-op r,imm.gb",crash,0
2026-07-26T04:20:50Z,c029c52,"blargg/cpu_instrs","blargg/cpu_instrs/individual/05-op rp.gb",crash,0
2026-07-26T04:20:50Z,c029c52,"blargg/cpu_instrs","blargg/cpu_instrs/individual/06-ld r,r.gb",crash,0
2026-07-26T04:20:50Z,c029c52,"blargg/cpu_instrs","blargg/cpu_instrs/individual/07-jr,jp,call,ret,rst.gb",crash,0
2026-07-26T04:20:50Z,c029c52,"blargg/cpu_instrs","blargg/cpu_instrs/individual/08-misc instrs.gb",crash,0
2026-07-26T04:20:50Z,c029c52,"blargg/cpu_instrs","blargg/cpu_instrs/individual/09-op r,r.gb",crash,0
2026-07-26T04:20:50Z,c029c52,"blargg/cpu_instrs","blargg/cpu_instrs/individual/10-bit ops.gb",crash,0
2026-07-26T04:20:50Z,c029c52,"blargg/cpu_instrs","blargg/cpu_instrs/individual/11-op a,(hl).gb",crash,0
2026-07-26T04:20:50Z,c029c52,"blargg/dmg_sound","blargg/dmg_sound/dmg_sound.gb",crash,0
2026-07-26T04:20:50Z,c029c52,"blargg/dmg_sound","blargg/dmg_sound/rom_singles/01-registers.gb",crash,0
2026-07-26T04:20:50Z,c029c52,"blargg/dmg_sound","blargg/dmg_sound/rom_singles/02-len ctr.gb",crash,0
2026-07-26T04:20:50Z,c029c52,"blargg/dmg_sound","blargg/dmg_sound/rom_singles/03-trigger.gb",crash,0
2026-07-26T04:20:50Z,c029c52,"blargg/dmg_sound","blargg/dmg_sound/rom_singles/04-sweep.gb",crash,0
2026-07-26T04:20:50Z,c029c52,"blargg/dmg_sound","blargg/dmg_sound/rom_singles/05-sweep details.gb",crash,0
2026-07-26T04:20:50Z,c029c52,"blargg/dmg_sound","blargg/dmg_sound/rom_singles/06-overflow on trigger.gb",crash,0
2026-07-26T04:20:50Z,c029c52,"blargg/dmg_sound","blargg/dmg_sound/rom_singles/07-len sweep period sync.gb",crash,0
2026-07-26T04:20:50Z,c029c52,"blargg/dmg_sound","blargg/dmg_sound/rom_singles/08-len ctr during power.gb",crash,0
2026-07-26T04:20:50Z,c029c52,"blargg/dmg_sound","blargg/dmg_sound/rom_singles/09-wave read while on.gb",crash,0
2026-07-26T04:20:50Z,c029c52,"blargg/dmg_sound","blargg/dmg_sound/rom_singles/10-wave trigger while on.gb",crash,0
2026-07-26T04:20:50Z,c029c52,"blargg/dmg_sound","blargg/dmg_sound/rom_singles/11-regs after power.gb",crash,0
2026-07-26T04:20:50Z,c029c52,"blargg/dmg_sound","blargg/dmg_sound/rom_singles/12-wave write while on.gb",crash,0
2026-07-26T04:20:50Z,c029c52,"blargg/halt_bug","blargg/halt_bug.gb",crash,0
2026-07-26T04:20:50Z,c029c52,"blargg/instr_timing","blargg/instr_timing/instr_timing.gb",crash,0
2026-07-26T04:20:50Z,c029c52,"blargg/interrupt_time","blargg/interrupt_time/interrupt_time.gb",crash,0
2026-07-26T04:20:50Z,c029c52,"blargg/mem_timing-2","blargg/mem_timing-2/mem_timing.gb",crash,0
2026-07-26T04:20:50Z,c029c52,"blargg/mem_timing-2","blargg/mem_timing-2/rom_singles/01-read_timing.gb",crash,0
2026-07-26T04:20:50Z,c029c52,"blargg/mem_timing-2","blargg/mem_timing-2/rom_singles/02-write_timing.gb",crash,0
2026-07-26T04:20:50Z,c029c52,"blargg/mem_timing-2","blargg/mem_timing-2/rom_singles/03-modify_timing.gb",crash,0
2026-07-26T04:20:50Z,c029c52,"blargg/mem_timing","blargg/mem_timing/individual/01-read_timing.gb",crash,0
2026-07-26T04:20:50Z,c029c52,"blargg/mem_timing","blargg/mem_timing/individual/02-write_timing.gb",crash,0
2026-07-26T04:20:50Z,c029c52,"blargg/mem_timing","blargg/mem_timing/individual/03-modify_timing.gb",crash,0
2026-07-26T04:20:50Z,c029c52,"blargg/mem_timing","blargg/mem_timing/mem_timing.gb",crash,0
2026-07-26T04:20:50Z,c029c52,"blargg/oam_bug","blargg/oam_bug/oam_bug.gb",crash,0
2026-07-26T04:20:50Z,c029c52,"blargg/oam_bug","blargg/oam_bug/rom_singles/1-lcd_sync.gb",crash,0
2026-07-26T04:20:50Z,c029c52,"blargg/oam_bug","blargg/oam_bug/rom_singles/2-causes.gb",crash,0
2026-07-26T04:20:50Z,c029c52,"blargg/oam_bug","blargg/oam_bug/rom_singles/3-non_causes.gb",crash,0
2026-07-26T04:20:50Z,c029c52,"blargg/oam_bug","blargg/oam_bug/rom_singles/4-scanline_timing.gb",crash,0
2026-07-26T04:20:50Z,c029c52,"blargg/oam_bug","blargg/oam_bug/rom_singles/5-timing_bug.gb",crash,0
2026-07-26T04:20:50Z,c029c52,"blargg/oam_bug","blargg/oam_bug/rom_singles/6-timing_no_bug.gb",crash,0
2026-07-26T04:20:50Z,c029c52,"blargg/oam_bug","blargg/oam_bug/rom_singles/7-timing_effect.gb",crash,0
2026-07-26T04:20:50Z,c029c52,"blargg/oam_bug","blargg/oam_bug/rom_singles/8-instr_effect.gb",crash,0
2026-07-26T04:20:50Z,c029c52,"dmg-acid2","dmg-acid2/dmg-acid2.gb",crash,0
2026-07-26T04:20:50Z,c029c52,"mooneye/acceptance","mooneye/acceptance/add_sp_e_timing.gb",crash,0
2026-07-26T04:20:50Z,c029c52,"mooneye/acceptance","mooneye/acceptance/bits/mem_oam.gb",crash,0
2026-07-26T04:20:50Z,c029c52,"mooneye/acceptance","mooneye/acceptance/bits/reg_f.gb",crash,0
2026-07-26T04:20:50Z,c029c52,"mooneye/acceptance","mooneye/acceptance/bits/unused_hwio-GS.gb",crash,0
2026-07-26T04:20:50Z,c029c52,"mooneye/acceptance-nondmg","mooneye/acceptance/boot_div2-S.gb",crash,0
2026-07-26T04:20:50Z,c029c52,"mooneye/acceptance-nondmg","mooneye/acceptance/boot_div-dmg0.gb",crash,0
2026-07-26T04:20:50Z,c029c52,"mooneye/acceptance","mooneye/acceptance/boot_div-dmgABCmgb.gb",crash,0
2026-07-26T04:20:50Z,c029c52,"mooneye/acceptance-nondmg","mooneye/acceptance/boot_div-S.gb",crash,0
2026-07-26T04:20:50Z,c029c52,"mooneye/acceptance-nondmg","mooneye/acceptance/boot_hwio-dmg0.gb",crash,0
2026-07-26T04:20:50Z,c029c52,"mooneye/acceptance","mooneye/acceptance/boot_hwio-dmgABCmgb.gb",crash,0
2026-07-26T04:20:50Z,c029c52,"mooneye/acceptance-nondmg","mooneye/acceptance/boot_hwio-S.gb",crash,0
2026-07-26T04:20:50Z,c029c52,"mooneye/acceptance-nondmg","mooneye/acceptance/boot_regs-dmg0.gb",crash,0
2026-07-26T04:20:50Z,c029c52,"mooneye/acceptance","mooneye/acceptance/boot_regs-dmgABC.gb",crash,0
2026-07-26T04:20:50Z,c029c52,"mooneye/acceptance-nondmg","mooneye/acceptance/boot_regs-mgb.gb",crash,0
2026-07-26T04:20:50Z,c029c52,"mooneye/acceptance-nondmg","mooneye/acceptance/boot_regs-sgb2.gb",crash,0
2026-07-26T04:20:50Z,c029c52,"mooneye/acceptance-nondmg","mooneye/acceptance/boot_regs-sgb.gb",crash,0
2026-07-26T04:20:50Z,c029c52,"mooneye/acceptance","mooneye/acceptance/call_cc_timing2.gb",crash,0
2026-07-26T04:20:50Z,c029c52,"mooneye/acceptance","mooneye/acceptance/call_cc_timing.gb",crash,0
2026-07-26T04:20:50Z,c029c52,"mooneye/acceptance","mooneye/acceptance/call_timing2.gb",crash,0
2026-07-26T04:20:50Z,c029c52,"mooneye/acceptance","mooneye/acceptance/call_timing.gb",crash,0
2026-07-26T04:20:50Z,c029c52,"mooneye/acceptance","mooneye/acceptance/di_timing-GS.gb",crash,0
2026-07-26T04:20:50Z,c029c52,"mooneye/acceptance","mooneye/acceptance/div_timing.gb",crash,0
2026-07-26T04:20:50Z,c029c52,"mooneye/acceptance","mooneye/acceptance/ei_sequence.gb",crash,0
2026-07-26T04:20:50Z,c029c52,"mooneye/acceptance","mooneye/acceptance/ei_timing.gb",crash,0
2026-07-26T04:20:50Z,c029c52,"mooneye/acceptance","mooneye/acceptance/halt_ime0_ei.gb",crash,0
2026-07-26T04:20:50Z,c029c52,"mooneye/acceptance","mooneye/acceptance/halt_ime0_nointr_timing.gb",crash,0
2026-07-26T04:20:50Z,c029c52,"mooneye/acceptance","mooneye/acceptance/halt_ime1_timing2-GS.gb",crash,0
2026-07-26T04:20:50Z,c029c52,"mooneye/acceptance","mooneye/acceptance/halt_ime1_timing.gb",crash,0
2026-07-26T04:20:50Z,c029c52,"mooneye/acceptance","mooneye/acceptance/if_ie_registers.gb",crash,0
2026-07-26T04:20:50Z,c029c52,"mooneye/acceptance","mooneye/acceptance/instr/daa.gb",crash,0
2026-07-26T04:20:50Z,c029c52,"mooneye/acceptance","mooneye/acceptance/interrupts/ie_push.gb",crash,0
2026-07-26T04:20:50Z,c029c52,"mooneye/acceptance","mooneye/acceptance/intr_timing.gb",crash,0
2026-07-26T04:20:50Z,c029c52,"mooneye/acceptance","mooneye/acceptance/jp_cc_timing.gb",crash,0
2026-07-26T04:20:50Z,c029c52,"mooneye/acceptance","mooneye/acceptance/jp_timing.gb",crash,0
2026-07-26T04:20:50Z,c029c52,"mooneye/acceptance","mooneye/acceptance/ld_hl_sp_e_timing.gb",crash,0
2026-07-26T04:20:50Z,c029c52,"mooneye/acceptance","mooneye/acceptance/oam_dma/basic.gb",crash,0
2026-07-26T04:20:50Z,c029c52,"mooneye/acceptance","mooneye/acceptance/oam_dma/reg_read.gb",crash,0
2026-07-26T04:20:50Z,c029c52,"mooneye/acceptance","mooneye/acceptance/oam_dma_restart.gb",crash,0
2026-07-26T04:20:50Z,c029c52,"mooneye/acceptance","mooneye/acceptance/oam_dma/sources-GS.gb",crash,0
2026-07-26T04:20:50Z,c029c52,"mooneye/acceptance","mooneye/acceptance/oam_dma_start.gb",crash,0
2026-07-26T04:20:50Z,c029c52,"mooneye/acceptance","mooneye/acceptance/oam_dma_timing.gb",crash,0
2026-07-26T04:20:50Z,c029c52,"mooneye/acceptance","mooneye/acceptance/pop_timing.gb",crash,0
2026-07-26T04:20:50Z,c029c52,"mooneye/acceptance","mooneye/acceptance/ppu/hblank_ly_scx_timing-GS.gb",crash,0
2026-07-26T04:20:50Z,c029c52,"mooneye/acceptance","mooneye/acceptance/ppu/intr_1_2_timing-GS.gb",crash,0
2026-07-26T04:20:50Z,c029c52,"mooneye/acceptance","mooneye/acceptance/ppu/intr_2_0_timing.gb",crash,0
2026-07-26T04:20:50Z,c029c52,"mooneye/acceptance","mooneye/acceptance/ppu/intr_2_mode0_timing.gb",crash,0
2026-07-26T04:20:50Z,c029c52,"mooneye/acceptance","mooneye/acceptance/ppu/intr_2_mode0_timing_sprites.gb",crash,0
2026-07-26T04:20:50Z,c029c52,"mooneye/acceptance","mooneye/acceptance/ppu/intr_2_mode3_timing.gb",crash,0
2026-07-26T04:20:50Z,c029c52,"mooneye/acceptance","mooneye/acceptance/ppu/intr_2_oam_ok_timing.gb",crash,0
2026-07-26T04:20:50Z,c029c52,"mooneye/acceptance","mooneye/acceptance/ppu/lcdon_timing-GS.gb",crash,0
2026-07-26T04:20:50Z,c029c52,"mooneye/acceptance","mooneye/acceptance/ppu/lcdon_write_timing-GS.gb",crash,0
2026-07-26T04:20:50Z,c029c52,"mooneye/acceptance","mooneye/acceptance/ppu/stat_irq_blocking.gb",crash,0
2026-07-26T04:20:50Z,c029c52,"mooneye/acceptance","mooneye/acceptance/ppu/stat_lyc_onoff.gb",crash,0
2026-07-26T04:20:50Z,c029c52,"mooneye/acceptance","mooneye/acceptance/ppu/vblank_stat_intr-GS.gb",crash,0
2026-07-26T04:20:50Z,c029c52,"mooneye/acceptance","mooneye/acceptance/push_timing.gb",crash,0
2026-07-26T04:20:50Z,c029c52,"mooneye/acceptance","mooneye/acceptance/rapid_di_ei.gb",crash,0
2026-07-26T04:20:50Z,c029c52,"mooneye/acceptance","mooneye/acceptance/ret_cc_timing.gb",crash,0
2026-07-26T04:20:50Z,c029c52,"mooneye/acceptance","mooneye/acceptance/reti_intr_timing.gb",crash,0
2026-07-26T04:20:50Z,c029c52,"mooneye/acceptance","mooneye/acceptance/reti_timing.gb",crash,0
2026-07-26T04:20:50Z,c029c52,"mooneye/acceptance","mooneye/acceptance/ret_timing.gb",crash,0
2026-07-26T04:20:50Z,c029c52,"mooneye/acceptance","mooneye/acceptance/rst_timing.gb",crash,0
2026-07-26T04:20:50Z,c029c52,"mooneye/acceptance","mooneye/acceptance/serial/boot_sclk_align-dmgABCmgb.gb",crash,0
2026-07-26T04:20:50Z,c029c52,"mooneye/acceptance","mooneye/acceptance/timer/div_write.gb",crash,0
2026-07-26T04:20:50Z,c029c52,"mooneye/acceptance","mooneye/acceptance/timer/rapid_toggle.gb",crash,0
2026-07-26T04:20:50Z,c029c52,"mooneye/acceptance","mooneye/acceptance/timer/tim00_div_trigger.gb",crash,0
2026-07-26T04:20:50Z,c029c52,"mooneye/acceptance","mooneye/acceptance/timer/tim00.gb",crash,0
2026-07-26T04:20:50Z,c029c52,"mooneye/acceptance","mooneye/acceptance/timer/tim01_div_trigger.gb",crash,0
2026-07-26T04:20:50Z,c029c52,"mooneye/acceptance","mooneye/acceptance/timer/tim01.gb",crash,0
2026-07-26T04:20:50Z,c029c52,"mooneye/acceptance","mooneye/acceptance/timer/tim10_div_trigger.gb",crash,0
2026-07-26T04:20:50Z,c029c52,"mooneye/acceptance","mooneye/acceptance/timer/tim10.gb",crash,0
2026-07-26T04:20:50Z,c029c52,"mooneye/acceptance","mooneye/acceptance/timer/tim11_div_trigger.gb",crash,0
2026-07-26T04:20:50Z,c029c52,"mooneye/acceptance","mooneye/acceptance/timer/tim11.gb",crash,0
2026-07-26T04:20:50Z,c029c52,"mooneye/acceptance","mooneye/acceptance/timer/tima_reload.gb",crash,0
2026-07-26T04:20:50Z,c029c52,"mooneye/acceptance","mooneye/acceptance/timer/tima_write_reloading.gb",crash,0
2026-07-26T04:20:50Z,c029c52,"mooneye/acceptance","mooneye/acceptance/timer/tma_write_reloading.gb",crash,0
2026-07-26T05:00:56Z,dc2a40b,"blargg/cpu_instrs","blargg/cpu_instrs/cpu_instrs.gb",crash,0
2026-07-26T05:00:56Z,dc2a40b,"blargg/cpu_instrs","blargg/cpu_instrs/individual/01-special.gb",crash,0
2026-07-26T05:00:56Z,dc2a40b,"blargg/cpu_instrs","blargg/cpu_instrs/individual/02-interrupts.gb",crash,0
2026-07-26T05:00:56Z,dc2a40b,"blargg/cpu_instrs","blargg/cpu_instrs/individual/03-op sp,hl.gb",crash,0
2026-07-26T05:00:56Z,dc2a40b,"blargg/cpu_instrs","blargg/cpu_instrs/individual/04-op r,imm.gb",crash,0
2026-07-26T05:00:56Z,dc2a40b,"blargg/cpu_instrs","blargg/cpu_instrs/individual/05-op rp.gb",crash,0
2026-07-26T05:00:56Z,dc2a40b,"blargg/cpu_instrs","blargg/cpu_instrs/individual/06-ld r,r.gb",crash,0
2026-07-26T05:00:56Z,dc2a40b,"blargg/cpu_instrs","blargg/cpu_instrs/individual/07-jr,jp,call,ret,rst.gb",crash,0
2026-07-26T05:00:56Z,dc2a40b,"blargg/cpu_instrs","blargg/cpu_instrs/individual/08-misc instrs.gb",crash,0
2026-07-26T05:00:56Z,dc2a40b,"blargg/cpu_instrs","blargg/cpu_instrs/individual/09-op r,r.gb",crash,0
2026-07-26T05:00:56Z,dc2a40b,"blargg/cpu_instrs","blargg/cpu_instrs/individual/10-bit ops.gb",crash,0
2026-07-26T05:00:56Z,dc2a40b,"blargg/cpu_instrs","blargg/cpu_instrs/individual/11-op a,(hl).gb",crash,0
2026-07-26T05:00:56Z,dc2a40b,"blargg/dmg_sound","blargg/dmg_sound/dmg_sound.gb",crash,0
2026-07-26T05:00:56Z,dc2a40b,"blargg/dmg_sound","blargg/dmg_sound/rom_singles/01-registers.gb",crash,0
2026-07-26T05:00:56Z,dc2a40b,"blargg/dmg_sound","blargg/dmg_sound/rom_singles/02-len ctr.gb",crash,0
2026-07-26T05:00:56Z,dc2a40b,"blargg/dmg_sound","blargg/dmg_sound/rom_singles/03-trigger.gb",crash,0
2026-07-26T05:00:56Z,dc2a40b,"blargg/dmg_sound","blargg/dmg_sound/rom_singles/04-sweep.gb",crash,0
2026-07-26T05:00:56Z,dc2a40b,"blargg/dmg_sound","blargg/dmg_sound/rom_singles/05-sweep details.gb",crash,0
2026-07-26T05:00:56Z,dc2a40b,"blargg/dmg_sound","blargg/dmg_sound/rom_singles/06-overflow on trigger.gb",crash,0
2026-07-26T05:00:56Z,dc2a40b,"blargg/dmg_sound","blargg/dmg_sound/rom_singles/07-len sweep period sync.gb",crash,0
2026-07-26T05:00:56Z,dc2a40b,"blargg/dmg_sound","blargg/dmg_sound/rom_singles/08-len ctr during power.gb",crash,0
2026-07-26T05:00:56Z,dc2a40b,"blargg/dmg_sound","blargg/dmg_sound/rom_singles/09-wave read while on.gb",crash,0
2026-07-26T05:00:56Z,dc2a40b,"blargg/dmg_sound","blargg/dmg_sound/rom_singles/10-wave trigger while on.gb",crash,0
2026-07-26T05:00:56Z,dc2a40b,"blargg/dmg_sound","blargg/dmg_sound/rom_singles/11-regs after power.gb",crash,0
2026-07-26T05:00:56Z,dc2a40b,"blargg/dmg_sound","blargg/dmg_sound/rom_singles/12-wave write while on.gb",crash,0
2026-07-26T05:00:56Z,dc2a40b,"blargg/halt_bug","blargg/halt_bug.gb",crash,0
2026-07-26T05:00:56Z,dc2a40b,"blargg/instr_timing","blargg/instr_timing/instr_timing.gb",crash,0
2026-07-26T05:00:56Z,dc2a40b,"blargg/interrupt_time","blargg/interrupt_time/interrupt_time.gb",crash,0
2026-07-26T05:00:56Z,dc2a40b,"blargg/mem_timing-2","blargg/mem_timing-2/mem_timing.gb",crash,0
2026-07-26T05:00:56Z,dc2a40b,"blargg/mem_timing-2","blargg/mem_timing-2/rom_singles/01-read_timing.gb",crash,0
2026-07-26T05:00:56Z,dc2a40b,"blargg/mem_timing-2","blargg/mem_timing-2/rom_singles/02-write_timing.gb",crash,0
2026-07-26T05:00:56Z,dc2a40b,"blargg/mem_timing-2","blargg/mem_timing-2/rom_singles/03-modify_timing.gb",crash,0
2026-07-26T05:00:56Z,dc2a40b,"blargg/mem_timing","blargg/mem_timing/individual/01-read_timing.gb",crash,0
2026-07-26T05:00:56Z,dc2a40b,"blargg/mem_timing","blargg/mem_timing/individual/02-write_timing.gb",crash,0
2026-07-26T05:00:56Z,dc2a40b,"blargg/mem_timing","blargg/mem_timing/individual/03-modify_timing.gb",crash,0
2026-07-26T05:00:56Z,dc2a40b,"blargg/mem_timing","blargg/mem_timing/mem_timing.gb",crash,0
2026-07-26T05:00:56Z,dc2a40b,"blargg/oam_bug","blargg/oam_bug/oam_bug.gb",crash,0
2026-07-26T05:00:56Z,dc2a40b,"blargg/oam_bug","blargg/oam_bug/rom_singles/1-lcd_sync.gb",crash,0
2026-07-26T05:00:56Z,dc2a40b,"blargg/oam_bug","blargg/oam_bug/rom_singles/2-causes.gb",crash,0
2026-07-26T05:00:56Z,dc2a40b,"blargg/oam_bug","blargg/oam_bug/rom_singles/3-non_causes.gb",crash,0
2026-07-26T05:00:56Z,dc2a40b,"blargg/oam_bug","blargg/oam_bug/rom_singles/4-scanline_timing.gb",crash,0
2026-07-26T05:00:56Z,dc2a40b,"blargg/oam_bug","blargg/oam_bug/rom_singles/5-timing_bug.gb",crash,0
2026-07-26T05:00:56Z,dc2a40b,"blargg/oam_bug","blargg/oam_bug/rom_singles/6-timing_no_bug.gb",crash,0
2026-07-26T05:00:56Z,dc2a40b,"blargg/oam_bug","blargg/oam_bug/rom_singles/7-timing_effect.gb",crash,0
2026-07-26T05:00:56Z,dc2a40b,"blargg/oam_bug","blargg/oam_bug/rom_singles/8-instr_effect.gb",crash,0
2026-07-26T05:00:56Z,dc2a40b,"dmg-acid2","dmg-acid2/dmg-acid2.gb",crash,0
2026-07-26T05:00:56Z,dc2a40b,"mooneye/acceptance","mooneye/acceptance/add_sp_e_timing.gb",crash,0
2026-07-26T05:00:56Z,dc2a40b,"mooneye/acceptance","mooneye/acceptance/bits/mem_oam.gb",crash,0
2026-07-26T05:00:56Z,dc2a40b,"mooneye/acceptance","mooneye/acceptance/bits/reg_f.gb",crash,0
2026-07-26T05:00:56Z,dc2a40b,"mooneye/acceptance","mooneye/acceptance/bits/unused_hwio-GS.gb",crash,0
2026-07-26T05:00:56Z,dc2a40b,"mooneye/acceptance-nondmg","mooneye/acceptance/boot_div2-S.gb",crash,0
2026-07-26T05:00:56Z,dc2a40b,"mooneye/acceptance-nondmg","mooneye/acceptance/boot_div-dmg0.gb",crash,0
2026-07-26T05:00:56Z,dc2a40b,"mooneye/acceptance","mooneye/acceptance/boot_div-dmgABCmgb.gb",crash,0
2026-07-26T05:00:56Z,dc2a40b,"mooneye/acceptance-nondmg","mooneye/acceptance/boot_div-S.gb",crash,0
2026-07-26T05:00:56Z,dc2a40b,"mooneye/acceptance-nondmg","mooneye/acceptance/boot_hwio-dmg0.gb",crash,0
2026-07-26T05:00:56Z,dc2a40b,"mooneye/acceptance","mooneye/acceptance/boot_hwio-dmgABCmgb.gb",crash,0
2026-07-26T05:00:56Z,dc2a40b,"mooneye/acceptance-nondmg","mooneye/acceptance/boot_hwio-S.gb",crash,0
2026-07-26T05:00:56Z,dc2a40b,"mooneye/acceptance-nondmg","mooneye/acceptance/boot_regs-dmg0.gb",crash,0
2026-07-26T05:00:56Z,dc2a40b,"mooneye/acceptance","mooneye/acceptance/boot_regs-dmgABC.gb",crash,0
2026-07-26T05:00:56Z,dc2a40b,"mooneye/acceptance-nondmg","mooneye/acceptance/boot_regs-mgb.gb",crash,0
2026-07-26T05:00:56Z,dc2a40b,"mooneye/acceptance-nondmg","mooneye/acceptance/boot_regs-sgb2.gb",crash,0
2026-07-26T05:00:56Z,dc2a40b,"mooneye/acceptance-nondmg","mooneye/acceptance/boot_regs-sgb.gb",crash,0
2026-07-26T05:00:56Z,dc2a40b,"mooneye/acceptance","mooneye/acceptance/call_cc_timing2.gb",crash,0
2026-07-26T05:00:56Z,dc2a40b,"mooneye/acceptance","mooneye/acceptance/call_cc_timing.gb",crash,0
2026-07-26T05:00:56Z,dc2a40b,"mooneye/acceptance","mooneye/acceptance/call_timing2.gb",crash,0
2026-07-26T05:00:56Z,dc2a40b,"mooneye/acceptance","mooneye/acceptance/call_timing.gb",crash,0
2026-07-26T05:00:56Z,dc2a40b,"mooneye/acceptance","mooneye/acceptance/di_timing-GS.gb",crash,0
2026-07-26T05:00:56Z,dc2a40b,"mooneye/acceptance","mooneye/acceptance/div_timing.gb",crash,0
2026-07-26T05:00:56Z,dc2a40b,"mooneye/acceptance","mooneye/acceptance/ei_sequence.gb",crash,0
2026-07-26T05:00:56Z,dc2a40b,"mooneye/acceptance","mooneye/acceptance/ei_timing.gb",crash,0
2026-07-26T05:00:56Z,dc2a40b,"mooneye/acceptance","mooneye/acceptance/halt_ime0_ei.gb",crash,0
2026-07-26T05:00:56Z,dc2a40b,"mooneye/acceptance","mooneye/acceptance/halt_ime0_nointr_timing.gb",crash,0
2026-07-26T05:00:56Z,dc2a40b,"mooneye/acceptance","mooneye/acceptance/halt_ime1_timing2-GS.gb",crash,0
2026-07-26T05:00:56Z,dc2a40b,"mooneye/acceptance","mooneye/acceptance/halt_ime1_timing.gb",crash,0
2026-07-26T05:00:56Z,dc2a40b,"mooneye/acceptance","mooneye/acceptance/if_ie_registers.gb",crash,0
2026-07-26T05:00:56Z,dc2a40b,"mooneye/acceptance","mooneye/acceptance/instr/daa.gb",crash,0
2026-07-26T05:00:56Z,dc2a40b,"mooneye/acceptance","mooneye/acceptance/interrupts/ie_push.gb",crash,0
2026-07-26T05:00:56Z,dc2a40b,"mooneye/acceptance","mooneye/acceptance/intr_timing.gb",crash,0
2026-07-26T05:00:56Z,dc2a40b,"mooneye/acceptance","mooneye/acceptance/jp_cc_timing.gb",crash,0
2026-07-26T05:00:56Z,dc2a40b,"mooneye/acceptance","mooneye/acceptance/jp_timing.gb",crash,0
2026-07-26T05:00:56Z,dc2a40b,"mooneye/acceptance","mooneye/acceptance/ld_hl_sp_e_timing.gb",crash,0
2026-07-26T05:00:56Z,dc2a40b,"mooneye/acceptance","mooneye/acceptance/oam_dma/basic.gb",crash,0
2026-07-26T05:00:56Z,dc2a40b,"mooneye/acceptance","mooneye/acceptance/oam_dma/reg_read.gb",crash,0
2026-07-26T05:00:56Z,dc2a40b,"mooneye/acceptance","mooneye/acceptance/oam_dma_restart.gb",crash,0
2026-07-26T05:00:56Z,dc2a40b,"mooneye/acceptance","mooneye/acceptance/oam_dma/sources-GS.gb",crash,0
2026-07-26T05:00:56Z,dc2a40b,"mooneye/acceptance","mooneye/acceptance/oam_dma_start.gb",crash,0
2026-07-26T05:00:56Z,dc2a40b,"mooneye/acceptance","mooneye/acceptance/oam_dma_timing.gb",crash,0
2026-07-26T05:00:56Z,dc2a40b,"mooneye/acceptance","mooneye/acceptance/pop_timing.gb",crash,0
2026-07-26T05:00:56Z,dc2a40b,"mooneye/acceptance","mooneye/acceptance/ppu/hblank_ly_scx_timing-GS.gb",crash,0
2026-07-26T05:00:56Z,dc2a40b,"mooneye/acceptance","mooneye/acceptance/ppu/intr_1_2_timing-GS.gb",crash,0
2026-07-26T05:00:56Z,dc2a40b,"mooneye/acceptance","mooneye/acceptance/ppu/intr_2_0_timing.gb",crash,0
2026-07-26T05:00:56Z,dc2a40b,"mooneye/acceptance","mooneye/acceptance/ppu/intr_2_mode0_timing.gb",crash,0
2026-07-26T05:00:56Z,dc2a40b,"mooneye/acceptance","mooneye/acceptance/ppu/intr_2_mode0_timing_sprites.gb",crash,0
2026-07-26T05:00:56Z,dc2a40b,"mooneye/acceptance","mooneye/acceptance/ppu/intr_2_mode3_timing.gb",crash,0
2026-07-26T05:00:56Z,dc2a40b,"mooneye/acceptance","mooneye/acceptance/ppu/intr_2_oam_ok_timing.gb",crash,0
2026-07-26T05:00:56Z,dc2a40b,"mooneye/acceptance","mooneye/acceptance/ppu/lcdon_timing-GS.gb",crash,0
2026-07-26T05:00:56Z,dc2a40b,"mooneye/acceptance","mooneye/acceptance/ppu/lcdon_write_timing-GS.gb",crash,0
2026-07-26T05:00:56Z,dc2a40b,"mooneye/acceptance","mooneye/acceptance/ppu/stat_irq_blocking.gb",crash,0
2026-07-26T05:00:56Z,dc2a40b,"mooneye/acceptance","mooneye/acceptance/ppu/stat_lyc_onoff.gb",crash,0
2026-07-26T05:00:56Z,dc2a40b,"mooneye/acceptance","mooneye/acceptance/ppu/vblank_stat_intr-GS.gb",crash,0
2026-07-26T05:00:56Z,dc2a40b,"mooneye/acceptance","mooneye/acceptance/push_timing.gb",crash,0
2026-07-26T05:00:56Z,dc2a40b,"mooneye/acceptance","mooneye/acceptance/rapid_di_ei.gb",crash,0
2026-07-26T05:00:56Z,dc2a40b,"mooneye/acceptance","mooneye/acceptance/ret_cc_timing.gb",crash,0
2026-07-26T05:00:56Z,dc2a40b,"mooneye/acceptance","mooneye/acceptance/reti_intr_timing.gb",crash,0
2026-07-26T05:00:56Z,dc2a40b,"mooneye/acceptance","mooneye/acceptance/reti_timing.gb",crash,0
2026-07-26T05:00:56Z,dc2a40b,"mooneye/acceptance","mooneye/acceptance/ret_timing.gb",crash,0
2026-07-26T05:00:56Z,dc2a40b,"mooneye/acceptance","mooneye/acceptance/rst_timing.gb",crash,0
2026-07-26T05:00:56Z,dc2a40b,"mooneye/acceptance","mooneye/acceptance/serial/boot_sclk_align-dmgABCmgb.gb",crash,0
2026-07-26T05:00:56Z,dc2a40b,"mooneye/acceptance","mooneye/acceptance/timer/div_write.gb",crash,0
2026-07-26T05:00:56Z,dc2a40b,"mooneye/acceptance","mooneye/acceptance/timer/rapid_toggle.gb",crash,0
2026-07-26T05:00:56Z,dc2a40b,"mooneye/acceptance","mooneye/acceptance/timer/tim00_div_trigger.gb",crash,0
2026-07-26T05:00:56Z,dc2a40b,"mooneye/acceptance","mooneye/acceptance/timer/tim00.gb",crash,0
2026-07-26T05:00:56Z,dc2a40b,"mooneye/acceptance","mooneye/acceptance/timer/tim01_div_trigger.gb",crash,0
2026-07-26T05:00:56Z,dc2a40b,"mooneye/acceptance","mooneye/acceptance/timer/tim01.gb",crash,0
2026-07-26T05:00:56Z,dc2a40b,"mooneye/acceptance","mooneye/acceptance/timer/tim10_div_trigger.gb",crash,0
2026-07-26T05:00:56Z,dc2a40b,"mooneye/acceptance","mooneye/acceptance/timer/tim10.gb",crash,0
2026-07-26T05:00:56Z,dc2a40b,"mooneye/acceptance","mooneye/acceptance/timer/tim11_div_trigger.gb",crash,0
2026-07-26T05:00:56Z,dc2a40b,"mooneye/acceptance","mooneye/acceptance/timer/tim11.gb",crash,0
2026-07-26T05:00:56Z,dc2a40b,"mooneye/acceptance","mooneye/acceptance/timer/tima_reload.gb",crash,0
2026-07-26T05:00:56Z,dc2a40b,"mooneye/acceptance","mooneye/acceptance/timer/tima_write_reloading.gb",crash,0
2026-07-26T05:00:56Z,dc2a40b,"mooneye/acceptance","mooneye/acceptance/timer/tma_write_reloading.gb",crash,0
2026-07-26T06:21:03Z,49aa78f,"blargg/cpu_instrs","blargg/cpu_instrs/cpu_instrs.gb",crash,0
2026-07-26T06:21:03Z,49aa78f,"blargg/cpu_instrs","blargg/cpu_instrs/individual/01-special.gb",crash,0
2026-07-26T06:21:03Z,49aa78f,"blargg/cpu_instrs","blargg/cpu_instrs/individual/02-interrupts.gb",crash,0
2026-07-26T06:21:03Z,49aa78f,"blargg/cpu_instrs","blargg/cpu_instrs/individual/03-op sp,hl.gb",crash,0
2026-07-26T06:21:03Z,49aa78f,"blargg/cpu_instrs","blargg/cpu_instrs/individual/04-op r,imm.gb",crash,0
2026-07-26T06:21:03Z,49aa78f,"blargg/cpu_instrs","blargg/cpu_instrs/individual/05-op rp.gb",crash,0
2026-07-26T06:21:03Z,49aa78f,"blargg/cpu_instrs","blargg/cpu_instrs/individual/06-ld r,r.gb",crash,0
2026-07-26T06:21:03Z,49aa78f,"blargg/cpu_instrs","blargg/cpu_instrs/individual/07-jr,jp,call,ret,rst.gb",crash,0
2026-07-26T06:21:03Z,49aa78f,"blargg/cpu_instrs","blargg/cpu_instrs/individual/08-misc instrs.gb",crash,0
2026-07-26T06:21:03Z,49aa78f,"blargg/cpu_instrs","blargg/cpu_instrs/individual/09-op r,r.gb",crash,0
2026-07-26T06:21:03Z,49aa78f,"blargg/cpu_instrs","blargg/cpu_instrs/individual/10-bit ops.gb",crash,0
2026-07-26T06:21:03Z,49aa78f,"blargg/cpu_instrs","blargg/cpu_instrs/individual/11-op a,(hl).gb",crash,0
2026-07-26T06:21:03Z,49aa78f,"blargg/dmg_sound","blargg/dmg_sound/dmg_sound.gb",crash,0
2026-07-26T06:21:03Z,49aa78f,"blargg/dmg_sound","blargg/dmg_sound/rom_singles/01-registers.gb",crash,0
2026-07-26T06:21:03Z,49aa78f,"blargg/dmg_sound","blargg/dmg_sound/rom_singles/02-len ctr.gb",crash,0
2026-07-26T06:21:03Z,49aa78f,"blargg/dmg_sound","blargg/dmg_sound/rom_singles/03-trigger.gb",crash,0
2026-07-26T06:21:03Z,49aa78f,"blargg/dmg_sound","blargg/dmg_sound/rom_singles/04-sweep.gb",crash,0
2026-07-26T06:21:03Z,49aa78f,"blargg/dmg_sound","blargg/dmg_sound/rom_singles/05-sweep details.gb",crash,0
2026-07-26T06:21:03Z,49aa78f,"blargg/dmg_sound","blargg/dmg_sound/rom_singles/06-overflow on trigger.gb",crash,0
2026-07-26T06:21:03Z,49aa78f,"blargg/dmg_sound","blargg/dmg_sound/rom_singles/07-len sweep period sync.gb",crash,0
2026-07-26T06:21:03Z,49aa78f,"blargg/dmg_sound","blargg/dmg_sound/rom_singles/08-len ctr during power.gb",crash,0
2026-07-26T06:21:03Z,49aa78f,"blargg/dmg_sound","blargg/dmg_sound/rom_singles/09-wave read while on.gb",crash,0
2026-07-26T06:21:03Z,49aa78f,"blargg/dmg_sound","blargg/dmg_sound/rom_singles/10-wave trigger while on.gb",crash,0
2026-07-26T06:21:03Z,49aa78f,"blargg/dmg_sound","blargg/dmg_sound/rom_singles/11-regs after power.gb",crash,0
2026-07-26T06:21:03Z,49aa78f,"blargg/dmg_sound","blargg/dmg_sound/rom_singles/12-wave write while on.gb",crash,0
2026-07-26T06:21:03Z,49aa78f,"blargg/halt_bug","blargg/halt_bug.gb",crash,0
2026-07-26T06:21:03Z,49aa78f,"blargg/instr_timing","blargg/instr_timing/instr_timing.gb",crash,0
2026-07-26T06:21:03Z,49aa78f,"blargg/interrupt_time","blargg/interrupt_time/interrupt_time.gb",crash,0
2026-07-26T06:21:03Z,49aa78f,"blargg/mem_timing-2","blargg/mem_timing-2/mem_timing.gb",crash,0
2026-07-26T06:21:03Z,49aa78f,"blargg/mem_timing-2","blargg/mem_timing-2/rom_singles/01-read_timing.gb",crash,0
2026-07-26T06:21:03Z,49aa78f,"blargg/mem_timing-2","blargg/mem_timing-2/rom_singles/02-write_timing.gb",crash,0
2026-07-26T06:21:03Z,49aa78f,"blargg/mem_timing-2","blargg/mem_timing-2/rom_singles/03-modify_timing.gb",crash,0
2026-07-26T06:21:03Z,49aa78f,"blargg/mem_timing","blargg/mem_timing/individual/01-read_timing.gb",crash,0
2026-07-26T06:21:03Z,49aa78f,"blargg/mem_timing","blargg/mem_timing/individual/02-write_timing.gb",crash,0
2026-07-26T06:21:03Z,49aa78f,"blargg/mem_timing","blargg/mem_timing/individual/03-modify_timing.gb",crash,0
2026-07-26T06:21:03Z,49aa78f,"blargg/mem_timing","blargg/mem_timing/mem_timing.gb",crash,0
2026-07-26T06:21:03Z,49aa78f,"blargg/oam_bug","blargg/oam_bug/oam_bug.gb",crash,0
2026-07-26T06:21:03Z,49aa78f,"blargg/oam_bug","blargg/oam_bug/rom_singles/1-lcd_sync.gb",crash,0
2026-07-26T06:21:03Z,49aa78f,"blargg/oam_bug","blargg/oam_bug/rom_singles/2-causes.gb",crash,0
2026-07-26T06:21:03Z,49aa78f,"blargg/oam_bug","blargg/oam_bug/rom_singles/3-non_causes.gb",crash,0
2026-07-26T06:21:03Z,49aa78f,"blargg/oam_bug","blargg/oam_bug/rom_singles/4-scanline_timing.gb",crash,0
2026-07-26T06:21:03Z,49aa78f,"blargg/oam_bug","blargg/oam_bug/rom_singles/5-timing_bug.gb",crash,0
2026-07-26T06:21:03Z,49aa78f,"blargg/oam_bug","blargg/oam_bug/rom_singles/6-timing_no_bug.gb",crash,0
2026-07-26T06:21:03Z,49aa78f,"blargg/oam_bug","blargg/oam_bug/rom_singles/7-timing_effect.gb",crash,0
2026-07-26T06:21:03Z,49aa78f,"blargg/oam_bug","blargg/oam_bug/rom_singles/8-instr_effect.gb",crash,0
2026-07-26T06:21:03Z,49aa78f,"dmg-acid2","dmg-acid2/dmg-acid2.gb",crash,0
2026-07-26T06:21:03Z,49aa78f,"mooneye/acceptance","mooneye/acceptance/add_sp_e_timing.gb",crash,0
2026-07-26T06:21:03Z,49aa78f,"mooneye/acceptance","mooneye/acceptance/bits/mem_oam.gb",crash,0
2026-07-26T06:21:03Z,49aa78f,"mooneye/acceptance","mooneye/acceptance/bits/reg_f.gb",crash,0
2026-07-26T06:21:03Z,49aa78f,"mooneye/acceptance","mooneye/acceptance/bits/unused_hwio-GS.gb",crash,0
2026-07-26T06:21:03Z,49aa78f,"mooneye/acceptance-nondmg","mooneye/acceptance/boot_div2-S.gb",crash,0
2026-07-26T06:21:03Z,49aa78f,"mooneye/acceptance-nondmg","mooneye/acceptance/boot_div-dmg0.gb",crash,0
2026-07-26T06:21:03Z,49aa78f,"mooneye/acceptance","mooneye/acceptance/boot_div-dmgABCmgb.gb",crash,0
2026-07-26T06:21:03Z,49aa78f,"mooneye/acceptance-nondmg","mooneye/acceptance/boot_div-S.gb",crash,0
2026-07-26T06:21:03Z,49aa78f,"mooneye/acceptance-nondmg","mooneye/acceptance/boot_hwio-dmg0.gb",crash,0
2026-07-26T06:21:03Z,49aa78f,"mooneye/acceptance","mooneye/acceptance/boot_hwio-dmgABCmgb.gb",crash,0
2026-07-26T06:21:03Z,49aa78f,"mooneye/acceptance-nondmg","mooneye/acceptance/boot_hwio-S.gb",crash,0
2026-07-26T06:21:03Z,49aa78f,"mooneye/acceptance-nondmg","mooneye/acceptance/boot_regs-dmg0.gb",crash,0
2026-07-26T06:21:03Z,49aa78f,"mooneye/acceptance","mooneye/acceptance/boot_regs-dmgABC.gb",crash,0
2026-07-26T06:21:03Z,49aa78f,"mooneye/acceptance-nondmg","mooneye/acceptance/boot_regs-mgb.gb",crash,0
2026-07-26T06:21:03Z,49aa78f,"mooneye/acceptance-nondmg","mooneye/acceptance/boot_regs-sgb2.gb",crash,0
2026-07-26T06:21:03Z,49aa78f,"mooneye/acceptance-nondmg","mooneye/acceptance/boot_regs-sgb.gb",crash,0
2026-07-26T06:21:03Z,49aa78f,"mooneye/acceptance","mooneye/acceptance/call_cc_timing2.gb",crash,0
2026-07-26T06:21:03Z,49aa78f,"mooneye/acceptance","mooneye/acceptance/call_cc_timing.gb",crash,0
2026-07-26T06:21:03Z,49aa78f,"mooneye/acceptance","mooneye/acceptance/call_timing2.gb",crash,0
2026-07-26T06:21:03Z,49aa78f,"mooneye/acceptance","mooneye/acceptance/call_timing.gb",crash,0
2026-07-26T06:21:03Z,49aa78f,"mooneye/acceptance","mooneye/acceptance/di_timing-GS.gb",crash,0
2026-07-26T06:21:03Z,49aa78f,"mooneye/acceptance","mooneye/acceptance/div_timing.gb",crash,0
2026-07-26T06:21:03Z,49aa78f,"mooneye/acceptance","mooneye/acceptance/ei_sequence.gb",crash,0
2026-07-26T06:21:03Z,49aa78f,"mooneye/acceptance","mooneye/acceptance/ei_timing.gb",crash,0
2026-07-26T06:21:03Z,49aa78f,"mooneye/acceptance","mooneye/acceptance/halt_ime0_ei.gb",crash,0
2026-07-26T06:21:03Z,49aa78f,"mooneye/acceptance","mooneye/acceptance/halt_ime0_nointr_timing.gb",crash,0
2026-07-26T06:21:03Z,49aa78f,"mooneye/acceptance","mooneye/acceptance/halt_ime1_timing2-GS.gb",crash,0
2026-07-26T06:21:03Z,49aa78f,"mooneye/acceptance","mooneye/acceptance/halt_ime1_timing.gb",crash,0
2026-07-26T06:21:03Z,49aa78f,"mooneye/acceptance","mooneye/acceptance/if_ie_registers.gb",crash,0
2026-07-26T06:21:03Z,49aa78f,"mooneye/acceptance","mooneye/acceptance/instr/daa.gb",crash,0
2026-07-26T06:21:03Z,49aa78f,"mooneye/acceptance","mooneye/acceptance/interrupts/ie_push.gb",crash,0
2026-07-26T06:21:03Z,49aa78f,"mooneye/acceptance","mooneye/acceptance/intr_timing.gb",crash,0
2026-07-26T06:21:03Z,49aa78f,"mooneye/acceptance","mooneye/acceptance/jp_cc_timing.gb",crash,0
2026-07-26T06:21:03Z,49aa78f,"mooneye/acceptance","mooneye/acceptance/jp_timing.gb",crash,0
2026-07-26T06:21:03Z,49aa78f,"mooneye/acceptance","mooneye/acceptance/ld_hl_sp_e_timing.gb",crash,0
2026-07-26T06:21:03Z,49aa78f,"mooneye/acceptance","mooneye/acceptance/oam_dma/basic.gb",crash,0
2026-07-26T06:21:03Z,49aa78f,"mooneye/acceptance","mooneye/acceptance/oam_dma/reg_read.gb",crash,0
2026-07-26T06:21:03Z,49aa78f,"mooneye/acceptance","mooneye/acceptance/oam_dma_restart.gb",crash,0
2026-07-26T06:21:03Z,49aa78f,"mooneye/acceptance","mooneye/acceptance/oam_dma/sources-GS.gb",crash,0
2026-07-26T06:21:03Z,49aa78f,"mooneye/acceptance","mooneye/acceptance/oam_dma_start.gb",crash,0
2026-07-26T06:21:03Z,49aa78f,"mooneye/acceptance","mooneye/acceptance/oam_dma_timing.gb",crash,0
2026-07-26T06:21:03Z,49aa78f,"mooneye/acceptance","mooneye/acceptance/pop_timing.gb",crash,0
2026-07-26T06:21:03Z,49aa78f,"mooneye/acceptance","mooneye/acceptance/ppu/hblank_ly_scx_timing-GS.gb",crash,0
2026-07-26T06:21:03Z,49aa78f,"mooneye/acceptance","mooneye/acceptance/ppu/intr_1_2_timing-GS.gb",crash,0
2026-07-26T06:21:03Z,49aa78f,"mooneye/acceptance","mooneye/acceptance/ppu/intr_2_0_timing.gb",crash,0
2026-07-26T06:21:03Z,49aa78f,"mooneye/acceptance","mooneye/acceptance/ppu/intr_2_mode0_timing.gb",crash,0
2026-07-26T06:21:03Z,49aa78f,"mooneye/acceptance","mooneye/acceptance/ppu/intr_2_mode0_timing_sprites.gb",crash,0
2026-07-26T06:21:03Z,49aa78f,"mooneye/acceptance","mooneye/acceptance/ppu/intr_2_mode3_timing.gb",crash,0
2026-07-26T06:21:03Z,49aa78f,"mooneye/acceptance","mooneye/acceptance/ppu/intr_2_oam_ok_timing.gb",crash,0
2026-07-26T06:21:03Z,49aa78f,"mooneye/acceptance","mooneye/acceptance/ppu/lcdon_timing-GS.gb",crash,0
2026-07-26T06:21:03Z,49aa78f,"mooneye/acceptance","mooneye/acceptance/ppu/lcdon_write_timing-GS.gb",crash,0
2026-07-26T06:21:03Z,49aa78f,"mooneye/acceptance","mooneye/acceptance/ppu/stat_irq_blocking.gb",crash,0
2026-07-26T06:21:03Z,49aa78f,"mooneye/acceptance","mooneye/acceptance/ppu/stat_lyc_onoff.gb",crash,0
2026-07-26T06:21:03Z,49aa78f,"mooneye/acceptance","mooneye/acceptance/ppu/vblank_stat_intr-GS.gb",crash,0
2026-07-26T06:21:03Z,49aa78f,"mooneye/acceptance","mooneye/acceptance/push_timing.gb",crash,0
2026-07-26T06:21:03Z,49aa78f,"mooneye/acceptance","mooneye/acceptance/rapid_di_ei.gb",crash,0
2026-07-26T06:21:03Z,49aa78f,"mooneye/acceptance","mooneye/acceptance/ret_cc_timing.gb",crash,0
2026-07-26T06:21:03Z,49aa78f,"mooneye/acceptance","mooneye/acceptance/reti_intr_timing.gb",crash,0
2026-07-26T06:21:03Z,49aa78f,"mooneye/acceptance","mooneye/acceptance/reti_timing.gb",crash,0
2026-07-26T06:21:03Z,49aa78f,"mooneye/acceptance","mooneye/acceptance/ret_timing.gb",crash,0
2026-07-26T06:21:03Z,49aa78f,"mooneye/acceptance","mooneye/acceptance/rst_timing.gb",crash,0
2026-07-26T06:21:03Z,49aa78f,"mooneye/acceptance","mooneye/acceptance/serial/boot_sclk_align-dmgABCmgb.gb",crash,0
2026-07-26T06:21:03Z,49aa78f,"mooneye/acceptance","mooneye/acceptance/timer/div_write.gb",crash,0
2026-07-26T06:21:03Z,49aa78f,"mooneye/acceptance","mooneye/acceptance/timer/rapid_toggle.gb",crash,0
2026-07-26T06:21:03Z,49aa78f,"mooneye/acceptance","mooneye/acceptance/timer/tim00_div_trigger.gb",crash,0
2026-07-26T06:21:03Z,49aa78f,"mooneye/acceptance","mooneye/acceptance/timer/tim00.gb",crash,0
2026-07-26T06:21:03Z,49aa78f,"mooneye/acceptance","mooneye/acceptance/timer/tim01_div_trigger.gb",crash,0
2026-07-26T06:21:03Z,49aa78f,"mooneye/acceptance","mooneye/acceptance/timer/tim01.gb",crash,0
2026-07-26T06:21:03Z,49aa78f,"mooneye/acceptance","mooneye/acceptance/timer/tim10_div_trigger.gb",crash,0
2026-07-26T06:21:03Z,49aa78f,"mooneye/acceptance","mooneye/acceptance/timer/tim10.gb",crash,0
2026-07-26T06:21:03Z,49aa78f,"mooneye/acceptance","mooneye/acceptance/timer/tim11_div_trigger.gb",crash,0
2026-07-26T06:21:03Z,49aa78f,"mooneye/acceptance","mooneye/acceptance/timer/tim11.gb",crash,0
2026-07-26T06:21:03Z,49aa78f,"mooneye/acceptance","mooneye/acceptance/timer/tima_reload.gb",crash,0
2026-07-26T06:21:03Z,49aa78f,"mooneye/acceptance","mooneye/acceptance/timer/tima_write_reloading.gb",crash,0
2026-07-26T06:21:03Z,49aa78f,"mooneye/acceptance","mooneye/acceptance/timer/tma_write_reloading.gb",crash,0
2026-07-26T06:33:35Z,5889f9f,"blargg/cpu_instrs","blargg/cpu_instrs/cpu_instrs.gb",crash,0
2026-07-26T06:33:35Z,5889f9f,"blargg/cpu_instrs","blargg/cpu_instrs/individual/01-special.gb",crash,0
2026-07-26T06:33:35Z,5889f9f,"blargg/cpu_instrs","blargg/cpu_instrs/individual/02-interrupts.gb",crash,0
2026-07-26T06:33:35Z,5889f9f,"blargg/cpu_instrs","blargg/cpu_instrs/individual/03-op sp,hl.gb",crash,0
2026-07-26T06:33:35Z,5889f9f,"blargg/cpu_instrs","blargg/cpu_instrs/individual/04-op r,imm.gb",crash,0
2026-07-26T06:33:35Z,5889f9f,"blargg/cpu_instrs","blargg/cpu_instrs/individual/05-op rp.gb",crash,0
2026-07-26T06:33:35Z,5889f9f,"blargg/cpu_instrs","blargg/cpu_instrs/individual/06-ld r,r.gb",crash,0
2026-07-26T06:33:35Z,5889f9f,"blargg/cpu_instrs","blargg/cpu_instrs/individual/07-jr,jp,call,ret,rst.gb",crash,0
2026-07-26T06:33:35Z,5889f9f,"blargg/cpu_instrs","blargg/cpu_instrs/individual/08-misc instrs.gb",crash,0
2026-07-26T06:33:35Z,5889f9f,"blargg/cpu_instrs","blargg/cpu_instrs/individual/09-op r,r.gb",crash,0
2026-07-26T06:33:35Z,5889f9f,"blargg/cpu_instrs","blargg/cpu_instrs/individual/10-bit ops.gb",crash,0
2026-07-26T06:33:35Z,5889f9f,"blargg/cpu_instrs","blargg/cpu_instrs/individual/11-op a,(hl).gb",crash,0
2026-07-26T06:33:35Z,5889f9f,"blargg/dmg_sound","blargg/dmg_sound/dmg_sound.gb",crash,0
2026-07-26T06:33:35Z,5889f9f,"blargg/dmg_sound","blargg/dmg_sound/rom_singles/01-registers.gb",crash,0
2026-07-26T06:33:35Z,5889f9f,"blargg/dmg_sound","blargg/dmg_sound/rom_singles/02-len ctr.gb",crash,0
2026-07-26T06:33:35Z,5889f9f,"blargg/dmg_sound","blargg/dmg_sound/rom_singles/03-trigger.gb",crash,0
2026-07-26T06:33:35Z,5889f9f,"blargg/dmg_sound","blargg/dmg_sound/rom_singles/04-sweep.gb",crash,0
2026-07-26T06:33:35Z,5889f9f,"blargg/dmg_sound","blargg/dmg_sound/rom_singles/05-sweep details.gb",crash,0
2026-07-26T06:33:35Z,5889f9f,"blargg/dmg_sound","blargg/dmg_sound/rom_singles/06-overflow on trigger.gb",crash,0
2026-07-26T06:33:35Z,5889f9f,"blargg/dmg_sound","blargg/dmg_sound/rom_singles/07-len sweep period sync.gb",crash,0
2026-07-26T06:33:35Z,5889f9f,"blargg/dmg_sound","blargg/dmg_sound/rom_singles/08-len ctr during power.gb",crash,0
2026-07-26T06:33:35Z,5889f9f,"blargg/dmg_sound","blargg/dmg_sound/rom_singles/09-wave read while on.gb",crash,0
2026-07-26T06:33:35Z,5889f9f,"blargg/dmg_sound","blargg/dmg_sound/rom_singles/10-wave trigger while on.gb",crash,0
2026-07-26T06:33:35Z,5889f9f,"blargg/dmg_sound","blargg/dmg_sound/rom_singles/11-regs after power.gb",crash,0
2026-07-26T06:33:35Z,5889f9f,"blargg/dmg_sound","blargg/dmg_sound/rom_singles/12-wave write while on.gb",crash,0
2026-07-26T06:33:35Z,5889f9f,"blargg/halt_bug","blargg/halt_bug.gb",crash,0
2026-07-26T06:33:35Z,5889f9f,"blargg/instr_timing","blargg/instr_timing/instr_timing.gb",crash,0
2026-07-26T06:33:35Z,5889f9f,"blargg/interrupt_time","blargg/interrupt_time/interrupt_time.gb",crash,0
2026-07-26T06:33:35Z,5889f9f,"blargg/mem_timing-2","blargg/mem_timing-2/mem_timing.gb",crash,0
2026-07-26T06:33:35Z,5889f9f,"blargg/mem_timing-2","blargg/mem_timing-2/rom_singles/01-read_timing.gb",crash,0
2026-07-26T06:33:35Z,5889f9f,"blargg/mem_timing-2","blargg/mem_timing-2/rom_singles/02-write_timing.gb",crash,0
2026-07-26T06:33:35Z,5889f9f,"blargg/mem_timing-2","blargg/mem_timing-2/rom_singles/03-modify_timing.gb",crash,0
2026-07-26T06:33:35Z,5889f9f,"blargg/mem_timing","blargg/mem_timing/individual/01-read_timing.gb",crash,0
2026-07-26T06:33:35Z,5889f9f,"blargg/mem_timing","blargg/mem_timing/individual/02-write_timing.gb",crash,0
2026-07-26T06:33:35Z,5889f9f,"blargg/mem_timing","blargg/mem_timing/individual/03-modify_timing.gb",crash,0
2026-07-26T06:33:35Z,5889f9f,"blargg/mem_timing","blargg/mem_timing/mem_timing.gb",crash,0
2026-07-26T06:33:35Z,5889f9f,"blargg/oam_bug","blargg/oam_bug/oam_bug.gb",crash,0
2026-07-26T06:33:35Z,5889f9f,"blargg/oam_bug","blargg/oam_bug/rom_singles/1-lcd_sync.gb",crash,0
2026-07-26T06:33:35Z,5889f9f,"blargg/oam_bug","blargg/oam_bug/rom_singles/2-causes.gb",crash,0
2026-07-26T06:33:35Z,5889f9f,"blargg/oam_bug","blargg/oam_bug/rom_singles/3-non_causes.gb",crash,0
2026-07-26T06:33:35Z,5889f9f,"blargg/oam_bug","blargg/oam_bug/rom_singles/4-scanline_timing.gb",crash,0
2026-07-26T06:33:35Z,5889f9f,"blargg/oam_bug","blargg/oam_bug/rom_singles/5-timing_bug.gb",crash,0
2026-07-26T06:33:35Z,5889f9f,"blargg/oam_bug","blargg/oam_bug/rom_singles/6-timing_no_bug.gb",crash,0
2026-07-26T06:33:35Z,5889f9f,"blargg/oam_bug","blargg/oam_bug/rom_singles/7-timing_effect.gb",crash,0
2026-07-26T06:33:35Z,5889f9f,"blargg/oam_bug","blargg/oam_bug/rom_singles/8-instr_effect.gb",crash,0
2026-07-26T06:33:35Z,5889f9f,"dmg-acid2","dmg-acid2/dmg-acid2.gb",crash,0
2026-07-26T06:33:35Z,5889f9f,"mooneye/acceptance","mooneye/acceptance/add_sp_e_timing.gb",crash,0
2026-07-26T06:33:35Z,5889f9f,"mooneye/acceptance","mooneye/acceptance/bits/mem_oam.gb",crash,0
2026-07-26T06:33:35Z,5889f9f,"mooneye/acceptance","mooneye/acceptance/bits/reg_f.gb",crash,0
2026-07-26T06:33:35Z,5889f9f,"mooneye/acceptance","mooneye/acceptance/bits/unused_hwio-GS.gb",crash,0
2026-07-26T06:33:35Z,5889f9f,"mooneye/acceptance-nondmg","mooneye/acceptance/boot_div2-S.gb",crash,0
2026-07-26T06:33:35Z,5889f9f,"mooneye/acceptance-nondmg","mooneye/acceptance/boot_div-dmg0.gb",crash,0
2026-07-26T06:33:35Z,5889f9f,"mooneye/acceptance","mooneye/acceptance/boot_div-dmgABCmgb.gb",crash,0
2026-07-26T06:33:35Z,5889f9f,"mooneye/acceptance-nondmg","mooneye/acceptance/boot_div-S.gb",crash,0
2026-07-26T06:33:35Z,5889f9f,"mooneye/acceptance-nondmg","mooneye/acceptance/boot_hwio-dmg0.gb",crash,0
2026-07-26T06:33:35Z,5889f9f,"mooneye/acceptance","mooneye/acceptance/boot_hwio-dmgABCmgb.gb",crash,0
2026-07-26T06:33:35Z,5889f9f,"mooneye/acceptance-nondmg","mooneye/acceptance/boot_hwio-S.gb",crash,0
2026-07-26T06:33:35Z,5889f9f,"mooneye/acceptance-nondmg","mooneye/acceptance/boot_regs-dmg0.gb",crash,0
2026-07-26T06:33:35Z,5889f9f,"mooneye/acceptance","mooneye/acceptance/boot_regs-dmgABC.gb",crash,0
2026-07-26T06:33:35Z,5889f9f,"mooneye/acceptance-nondmg","mooneye/acceptance/boot_regs-mgb.gb",crash,0
2026-07-26T06:33:35Z,5889f9f,"mooneye/acceptance-nondmg","mooneye/acceptance/boot_regs-sgb2.gb",crash,0
2026-07-26T06:33:35Z,5889f9f,"mooneye/acceptance-nondmg","mooneye/acceptance/boot_regs-sgb.gb",crash,0
2026-07-26T06:33:35Z,5889f9f,"mooneye/acceptance","mooneye/acceptance/call_cc_timing2.gb",crash,0
2026-07-26T06:33:35Z,5889f9f,"mooneye/acceptance","mooneye/acceptance/call_cc_timing.gb",crash,0
2026-07-26T06:33:35Z,5889f9f,"mooneye/acceptance","mooneye/acceptance/call_timing2.gb",crash,0
2026-07-26T06:33:35Z,5889f9f,"mooneye/acceptance","mooneye/acceptance/call_timing.gb",crash,0
2026-07-26T06:33:35Z,5889f9f,"mooneye/acceptance","mooneye/acceptance/di_timing-GS.gb",crash,0
2026-07-26T06:33:35Z,5889f9f,"mooneye/acceptance","mooneye/acceptance/div_timing.gb",crash,0
2026-07-26T06:33:35Z,5889f9f,"mooneye/acceptance","mooneye/acceptance/ei_sequence.gb",crash,0
2026-07-26T06:33:35Z,5889f9f,"mooneye/acceptance","mooneye/acceptance/ei_timing.gb",crash,0
2026-07-26T06:33:35Z,5889f9f,"mooneye/acceptance","mooneye/acceptance/halt_ime0_ei.gb",crash,0
2026-07-26T06:33:35Z,5889f9f,"mooneye/acceptance","mooneye/acceptance/halt_ime0_nointr_timing.gb",crash,0
2026-07-26T06:33:35Z,5889f9f,"mooneye/acceptance","mooneye/acceptance/halt_ime1_timing2-GS.gb",crash,0
2026-07-26T06:33:35Z,5889f9f,"mooneye/acceptance","mooneye/acceptance/halt_ime1_timing.gb",crash,0
2026-07-26T06:33:35Z,5889f9f,"mooneye/acceptance","mooneye/acceptance/if_ie_registers.gb",crash,0
2026-07-26T06:33:35Z,5889f9f,"mooneye/acceptance","mooneye/acceptance/instr/daa.gb",crash,0
2026-07-26T06:33:35Z,5889f9f,"mooneye/acceptance","mooneye/acceptance/interrupts/ie_push.gb",crash,0
2026-07-26T06:33:35Z,5889f9f,"mooneye/acceptance","mooneye/acceptance/intr_timing.gb",crash,0
2026-07-26T06:33:35Z,5889f9f,"mooneye/acceptance","mooneye/acceptance/jp_cc_timing.gb",crash,0
2026-07-26T06:33:35Z,5889f9f,"mooneye/acceptance","mooneye/acceptance/jp_timing.gb",crash,0
2026-07-26T06:33:35Z,5889f9f,"mooneye/acceptance","mooneye/acceptance/ld_hl_sp_e_timing.gb",crash,0
2026-07-26T06:33:35Z,5889f9f,"mooneye/acceptance","mooneye/acceptance/oam_dma/basic.gb",crash,0
2026-07-26T06:33:35Z,5889f9f,"mooneye/acceptance","mooneye/acceptance/oam_dma/reg_read.gb",crash,0
2026-07-26T06:33:35Z,5889f9f,"mooneye/acceptance","mooneye/acceptance/oam_dma_restart.gb",crash,0
2026-07-26T06:33:35Z,5889f9f,"mooneye/acceptance","mooneye/acceptance/oam_dma/sources-GS.gb",crash,0
2026-07-26T06:33:35Z,5889f9f,"mooneye/acceptance","mooneye/acceptance/oam_dma_start.gb",crash,0
2026-07-26T06:33:35Z,5889f9f,"mooneye/acceptance","mooneye/acceptance/oam_dma_timing.gb",crash,0
2026-07-26T06:33:35Z,5889f9f,"mooneye/acceptance","mooneye/acceptance/pop_timing.gb",crash,0
2026-07-26T06:33:35Z,5889f9f,"mooneye/acceptance","mooneye/acceptance/ppu/hblank_ly_scx_timing-GS.gb",crash,0
2026-07-26T06:33:35Z,5889f9f,"mooneye/acceptance","mooneye/acceptance/ppu/intr_1_2_timing-GS.gb",crash,0
2026-07-26T06:33:35Z,5889f9f,"mooneye/acceptance","mooneye/acceptance/ppu/intr_2_0_timing.gb",crash,0
2026-07-26T06:33:35Z,5889f9f,"mooneye/acceptance","mooneye/acceptance/ppu/intr_2_mode0_timing.gb",crash,0
2026-07-26T06:33:35Z,5889f9f,"mooneye/acceptance","mooneye/acceptance/ppu/intr_2_mode0_timing_sprites.gb",crash,0
2026-07-26T06:33:35Z,5889f9f,"mooneye/acceptance","mooneye/acceptance/ppu/intr_2_mode3_timing.gb",crash,0
2026-07-26T06:33:35Z,5889f9f,"mooneye/acceptance","mooneye/acceptance/ppu/intr_2_oam_ok_timing.gb",crash,0
2026-07-26T06:33:35Z,5889f9f,"mooneye/acceptance","mooneye/acceptance/ppu/lcdon_timing-GS.gb",crash,0
2026-07-26T06:33:35Z,5889f9f,"mooneye/acceptance","mooneye/acceptance/ppu/lcdon_write_timing-GS.gb",crash,0
2026-07-26T06:33:35Z,5889f9f,"mooneye/acceptance","mooneye/acceptance/ppu/stat_irq_blocking.gb",crash,0
2026-07-26T06:33:35Z,5889f9f,"mooneye/acceptance","mooneye/acceptance/ppu/stat_lyc_onoff.gb",crash,0
2026-07-26T06:33:35Z,5889f9f,"mooneye/acceptance","mooneye/acceptance/ppu/vblank_stat_intr-GS.gb",crash,0
2026-07-26T06:33:35Z,5889f9f,"mooneye/acceptance","mooneye/acceptance/push_timing.gb",crash,0
2026-07-26T06:33:35Z,5889f9f,"mooneye/acceptance","mooneye/acceptance/rapid_di_ei.gb",crash,0
2026-07-26T06:33:35Z,5889f9f,"mooneye/acceptance","mooneye/acceptance/ret_cc_timing.gb",crash,0
2026-07-26T06:33:35Z,5889f9f,"mooneye/acceptance","mooneye/acceptance/reti_intr_timing.gb",crash,0
2026-07-26T06:33:35Z,5889f9f,"mooneye/acceptance","mooneye/acceptance/reti_timing.gb",crash,0
2026-07-26T06:33:35Z,5889f9f,"mooneye/acceptance","mooneye/acceptance/ret_timing.gb",crash,0
2026-07-26T06:33:35Z,5889f9f,"mooneye/acceptance","mooneye/acceptance/rst_timing.gb",crash,0
2026-07-26T06:33:35Z,5889f9f,"mooneye/acceptance","mooneye/acceptance/serial/boot_sclk_align-dmgABCmgb.gb",crash,0
2026-07-26T06:33:35Z,5889f9f,"mooneye/acceptance","mooneye/acceptance/timer/div_write.gb",crash,0
2026-07-26T06:33:35Z,5889f9f,"mooneye/acceptance","mooneye/acceptance/timer/rapid_toggle.gb",crash,0
2026-07-26T06:33:35Z,5889f9f,"mooneye/acceptance","mooneye/acceptance/timer/tim00_div_trigger.gb",crash,0
2026-07-26T06:33:35Z,5889f9f,"mooneye/acceptance","mooneye/acceptance/timer/tim00.gb",crash,0
2026-07-26T06:33:35Z,5889f9f,"mooneye/acceptance","mooneye/acceptance/timer/tim01_div_trigger.gb",crash,0
2026-07-26T06:33:35Z,5889f9f,"mooneye/acceptance","mooneye/acceptance/timer/tim01.gb",crash,0
2026-07-26T06:33:35Z,5889f9f,"mooneye/acceptance","mooneye/acceptance/timer/tim10_div_trigger.gb",crash,0
2026-07-26T06:33:35Z,5889f9f,"mooneye/acceptance","mooneye/acceptance/timer/tim10.gb",crash,0
2026-07-26T06:33:35Z,5889f9f,"mooneye/acceptance","mooneye/acceptance/timer/tim11_div_trigger.gb",crash,0
2026-07-26T06:33:35Z,5889f9f,"mooneye/acceptance","mooneye/acceptance/timer/tim11.gb",crash,0
2026-07-26T06:33:35Z,5889f9f,"mooneye/acceptance","mooneye/acceptance/timer/tima_reload.gb",crash,0
2026-07-26T06:33:35Z,5889f9f,"mooneye/acceptance","mooneye/acceptance/timer/tima_write_reloading.gb",crash,0
2026-07-26T06:33:35Z,5889f9f,"mooneye/acceptance","mooneye/acceptance/timer/tma_write_reloading.gb",crash,0
2026-07-26T06:48:11Z,ea1ebc4,"blargg/cpu_instrs","blargg/cpu_instrs/cpu_instrs.gb",crash,0
2026-07-26T06:48:11Z,ea1ebc4,"blargg/cpu_instrs","blargg/cpu_instrs/individual/01-special.gb",crash,0
2026-07-26T06:48:11Z,ea1ebc4,"blargg/cpu_instrs","blargg/cpu_instrs/individual/02-interrupts.gb",crash,0
2026-07-26T06:48:11Z,ea1ebc4,"blargg/cpu_instrs","blargg/cpu_instrs/individual/03-op sp,hl.gb",crash,0
2026-07-26T06:48:11Z,ea1ebc4,"blargg/cpu_instrs","blargg/cpu_instrs/individual/04-op r,imm.gb",crash,0
2026-07-26T06:48:11Z,ea1ebc4,"blargg/cpu_instrs","blargg/cpu_instrs/individual/05-op rp.gb",crash,0
2026-07-26T06:48:11Z,ea1ebc4,"blargg/cpu_instrs","blargg/cpu_instrs/individual/06-ld r,r.gb",crash,0
2026-07-26T06:48:11Z,ea1ebc4,"blargg/cpu_instrs","blargg/cpu_instrs/individual/07-jr,jp,call,ret,rst.gb",crash,0
2026-07-26T06:48:11Z,ea1ebc4,"blargg/cpu_instrs","blargg/cpu_instrs/individual/08-misc instrs.gb",crash,0
2026-07-26T06:48:11Z,ea1ebc4,"blargg/cpu_instrs","blargg/cpu_instrs/individual/09-op r,r.gb",crash,0
2026-07-26T06:48:11Z,ea1ebc4,"blargg/cpu_instrs","blargg/cpu_instrs/individual/10-bit ops.gb",crash,0
2026-07-26T06:48:11Z,ea1ebc4,"blargg/cpu_instrs","blargg/cpu_instrs/individual/11-op a,(hl).gb",crash,0
2026-07-26T06:48:11Z,ea1ebc4,"blargg/dmg_sound","blargg/dmg_sound/dmg_sound.gb",crash,0
2026-07-26T06:48:11Z,ea1ebc4,"blargg/dmg_sound","blargg/dmg_sound/rom_singles/01-registers.gb",crash,0
2026-07-26T06:48:11Z,ea1ebc4,"blargg/dmg_sound","blargg/dmg_sound/rom_singles/02-len ctr.gb",crash,0
2026-07-26T06:48:11Z,ea1ebc4,"blargg/dmg_sound","blargg/dmg_sound/rom_singles/03-trigger.gb",crash,0
2026-07-26T06:48:11Z,ea1ebc4,"blargg/dmg_sound","blargg/dmg_sound/rom_singles/04-sweep.gb",crash,0
2026-07-26T06:48:11Z,ea1ebc4,"blargg/dmg_sound","blargg/dmg_sound/rom_singles/05-sweep details.gb",crash,0
2026-07-26T06:48:11Z,ea1ebc4,"blargg/dmg_sound","blargg/dmg_sound/rom_singles/06-overflow on trigger.gb",crash,0
2026-07-26T06:48:11Z,ea1ebc4,"blargg/dmg_sound","blargg/dmg_sound/rom_singles/07-len sweep period sync.gb",crash,0
2026-07-26T06:48:11Z,ea1ebc4,"blargg/dmg_sound","blargg/dmg_sound/rom_singles/08-len ctr during power.gb",crash,0
2026-07-26T06:48:11Z,ea1ebc4,"blargg/dmg_sound","blargg/dmg_sound/rom_singles/09-wave read while on.gb",crash,0
2026-07-26T06:48:11Z,ea1ebc4,"blargg/dmg_sound","blargg/dmg_sound/rom_singles/10-wave trigger while on.gb",crash,0
2026-07-26T06:48:11Z,ea1ebc4,"blargg/dmg_sound","blargg/dmg_sound/rom_singles/11-regs after power.gb",crash,0
2026-07-26T06:48:11Z,ea1ebc4,"blargg/dmg_sound","blargg/dmg_sound/rom_singles/12-wave write while on.gb",crash,0
2026-07-26T06:48:11Z,ea1ebc4,"blargg/halt_bug","blargg/halt_bug.gb",crash,0
2026-07-26T06:48:11Z,ea1ebc4,"blargg/instr_timing","blargg/instr_timing/instr_timing.gb",crash,0
2026-07-26T06:48:11Z,ea1ebc4,"blargg/interrupt_time","blargg/interrupt_time/interrupt_time.gb",crash,0
2026-07-26T06:48:11Z,ea1ebc4,"blargg/mem_timing-2","blargg/mem_timing-2/mem_timing.gb",crash,0
2026-07-26T06:48:11Z,ea1ebc4,"blargg/mem_timing-2","blargg/mem_timing-2/rom_singles/01-read_timing.gb",crash,0
2026-07-26T06:48:11Z,ea1ebc4,"blargg/mem_timing-2","blargg/mem_timing-2/rom_singles/02-write_timing.gb",crash,0
2026-07-26T06:48:11Z,ea1ebc4,"blargg/mem_timing-2","blargg/mem_timing-2/rom_singles/03-modify_timing.gb",crash,0
2026-07-26T06:48:11Z,ea1ebc4,"blargg/mem_timing","blargg/mem_timing/individual/01-read_timing.gb",crash,0
2026-07-26T06:48:11Z,ea1ebc4,"blargg/mem_timing","blargg/mem_timing/individual/02-write_timing.gb",crash,0
2026-07-26T06:48:11Z,ea1ebc4,"blargg/mem_timing","blargg/mem_timing/individual/03-modify_timing.gb",crash,0
2026-07-26T06:48:11Z,ea1ebc4,"blargg/mem_timing","blargg/mem_timing/mem_timing.gb",crash,0
2026-07-26T06:48:11Z,ea1ebc4,"blargg/oam_bug","blargg/oam_bug/oam_bug.gb",crash,0
2026-07-26T06:48:11Z,ea1ebc4,"blargg/oam_bug","blargg/oam_bug/rom_singles/1-lcd_sync.gb",crash,0
2026-07-26T06:48:11Z,ea1ebc4,"blargg/oam_bug","blargg/oam_bug/rom_singles/2-causes.gb",crash,0
2026-07-26T06:48:11Z,ea1ebc4,"blargg/oam_bug","blargg/oam_bug/rom_singles/3-non_causes.gb",crash,0
2026-07-26T06:48:11Z,ea1ebc4,"blargg/oam_bug","blargg/oam_bug/rom_singles/4-scanline_timing.gb",crash,0
2026-07-26T06:48:11Z,ea1ebc4,"blargg/oam_bug","blargg/oam_bug/rom_singles/5-timing_bug.gb",crash,0
2026-07-26T06:48:11Z,ea1ebc4,"blargg/oam_bug","blargg/oam_bug/rom_singles/6-timing_no_bug.gb",crash,0
2026-07-26T06:48:11Z,ea1ebc4,"blargg/oam_bug","blargg/oam_bug/rom_singles/7-timing_effect.gb",crash,0
2026-07-26T06:48:11Z,ea1ebc4,"blargg/oam_bug","blargg/oam_bug/rom_singles/8-instr_effect.gb",crash,0
2026-07-26T06:48:11Z,ea1ebc4,"dmg-acid2","dmg-acid2/dmg-acid2.gb",crash,0
2026-07-26T06:48:11Z,ea1ebc4,"mooneye/acceptance","mooneye/acceptance/add_sp_e_timing.gb",crash,0
2026-07-26T06:48:11Z,ea1ebc4,"mooneye/acceptance","mooneye/acceptance/bits/mem_oam.gb",crash,0
2026-07-26T06:48:11Z,ea1ebc4,"mooneye/acceptance","mooneye/acceptance/bits/reg_f.gb",crash,0
2026-07-26T06:48:11Z,ea1ebc4,"mooneye/acceptance","mooneye/acceptance/bits/unused_hwio-GS.gb",crash,0
2026-07-26T06:48:11Z,ea1ebc4,"mooneye/acceptance-nondmg","mooneye/acceptance/boot_div2-S.gb",crash,0
2026-07-26T06:48:11Z,ea1ebc4,"mooneye/acceptance-nondmg","mooneye/acceptance/boot_div-dmg0.gb",crash,0
2026-07-26T06:48:11Z,ea1ebc4,"mooneye/acceptance","mooneye/acceptance/boot_div-dmgABCmgb.gb",crash,0
2026-07-26T06:48:11Z,ea1ebc4,"mooneye/acceptance-nondmg","mooneye/acceptance/boot_div-S.gb",crash,0
2026-07-26T06:48:11Z,ea1ebc4,"mooneye/acceptance-nondmg","mooneye/acceptance/boot_hwio-dmg0.gb",crash,0
2026-07-26T06:48:11Z,ea1ebc4,"mooneye/acceptance","mooneye/acceptance/boot_hwio-dmgABCmgb.gb",crash,0
2026-07-26T06:48:11Z,ea1ebc4,"mooneye/acceptance-nondmg","mooneye/acceptance/boot_hwio-S.gb",crash,0
2026-07-26T06:48:11Z,ea1ebc4,"mooneye/acceptance-nondmg","mooneye/acceptance/boot_regs-dmg0.gb",crash,0
2026-07-26T06:48:11Z,ea1ebc4,"mooneye/acceptance","mooneye/acceptance/boot_regs-dmgABC.gb",crash,0
2026-07-26T06:48:11Z,ea1ebc4,"mooneye/acceptance-nondmg","mooneye/acceptance/boot_regs-mgb.gb",crash,0
2026-07-26T06:48:11Z,ea1ebc4,"mooneye/acceptance-nondmg","mooneye/acceptance/boot_regs-sgb2.gb",crash,0
2026-07-26T06:48:11Z,ea1ebc4,"mooneye/acceptance-nondmg","mooneye/acceptance/boot_regs-sgb.gb",crash,0
2026-07-26T06:48:11Z,ea1ebc4,"mooneye/acceptance","mooneye/acceptance/call_cc_timing2.gb",crash,0
2026-07-26T06:48:11Z,ea1ebc4,"mooneye/acceptance","mooneye/acceptance/call_cc_timing.gb",crash,0
2026-07-26T06:48:11Z,ea1ebc4,"mooneye/acceptance","mooneye/acceptance/call_timing2.gb",crash,0
2026-07-26T06:48:11Z,ea1ebc4,"mooneye/acceptance","mooneye/acceptance/call_timing.gb",crash,0
2026-07-26T06:48:11Z,ea1ebc4,"mooneye/acceptance","mooneye/acceptance/di_timing-GS.gb",crash,0
2026-07-26T06:48:11Z,ea1ebc4,"mooneye/acceptance","mooneye/acceptance/div_timing.gb",crash,0
2026-07-26T06:48:11Z,ea1ebc4,"mooneye/acceptance","mooneye/acceptance/ei_sequence.gb",crash,0
2026-07-26T06:48:11Z,ea1ebc4,"mooneye/acceptance","mooneye/acceptance/ei_timing.gb",crash,0
2026-07-26T06:48:11Z,ea1ebc4,"mooneye/acceptance","mooneye/acceptance/halt_ime0_ei.gb",crash,0
2026-07-26T06:48:11Z,ea1ebc4,"mooneye/acceptance","mooneye/acceptance/halt_ime0_nointr_timing.gb",crash,0
2026-07-26T06:48:11Z,ea1ebc4,"mooneye/acceptance","mooneye/acceptance/halt_ime1_timing2-GS.gb",crash,0
2026-07-26T06:48:11Z,ea1ebc4,"mooneye/acceptance","mooneye/acceptance/halt_ime1_timing.gb",crash,0
2026-07-26T06:48:11Z,ea1ebc4,"mooneye/acceptance","mooneye/acceptance/if_ie_registers.gb",crash,0
2026-07-26T06:48:11Z,ea1ebc4,"mooneye/acceptance","mooneye/acceptance/instr/daa.gb",crash,0
2026-07-26T06:48:11Z,ea1ebc4,"mooneye/acceptance","mooneye/acceptance/interrupts/ie_push.gb",crash,0
2026-07-26T06:48:11Z,ea1ebc4,"mooneye/acceptance","mooneye/acceptance/intr_timing.gb",crash,0
2026-07-26T06:48:11Z,ea1ebc4,"mooneye/acceptance","mooneye/acceptance/jp_cc_timing.gb",crash,0
2026-07-26T06:48:11Z,ea1ebc4,"mooneye/acceptance","mooneye/acceptance/jp_timing.gb",crash,0
2026-07-26T06:48:11Z,ea1ebc4,"mooneye/acceptance","mooneye/acceptance/ld_hl_sp_e_timing.gb",crash,0
2026-07-26T06:48:11Z,ea1ebc4,"mooneye/acceptance","mooneye/acceptance/oam_dma/basic.gb",crash,0
2026-07-26T06:48:11Z,ea1ebc4,"mooneye/acceptance","mooneye/acceptance/oam_dma/reg_read.gb",crash,0
2026-07-26T06:48:11Z,ea1ebc4,"mooneye/acceptance","mooneye/acceptance/oam_dma_restart.gb",crash,0
2026-07-26T06:48:11Z,ea1ebc4,"mooneye/acceptance","mooneye/acceptance/oam_dma/sources-GS.gb",crash,0
2026-07-26T06:48:11Z,ea1ebc4,"mooneye/acceptance","mooneye/acceptance/oam_dma_start.gb",crash,0
2026-07-26T06:48:11Z,ea1ebc4,"mooneye/acceptance","mooneye/acceptance/oam_dma_timing.gb",crash,0
2026-07-26T06:48:11Z,ea1ebc4,"mooneye/acceptance","mooneye/acceptance/pop_timing.gb",crash,0
2026-07-26T06:48:11Z,ea1ebc4,"mooneye/acceptance","mooneye/acceptance/ppu/hblank_ly_scx_timing-GS.gb",crash,0
2026-07-26T06:48:11Z,ea1ebc4,"mooneye/acceptance","mooneye/acceptance/ppu/intr_1_2_timing-GS.gb",crash,0
2026-07-26T06:48:11Z,ea1ebc4,"mooneye/acceptance","mooneye/acceptance/ppu/intr_2_0_timing.gb",crash,0
2026-07-26T06:48:11Z,ea1ebc4,"mooneye/acceptance","mooneye/acceptance/ppu/intr_2_mode0_timing.gb",crash,0
2026-07-26T06:48:11Z,ea1ebc4,"mooneye/acceptance","mooneye/acceptance/ppu/intr_2_mode0_timing_sprites.gb",crash,0
2026-07-26T06:48:11Z,ea1ebc4,"mooneye/acceptance","mooneye/acceptance/ppu/intr_2_mode3_timing.gb",crash,0
2026-07-26T06:48:11Z,ea1ebc4,"mooneye/acceptance","mooneye/acceptance/ppu/intr_2_oam_ok_timing.gb",crash,0
2026-07-26T06:48:11Z,ea1ebc4,"mooneye/acceptance","mooneye/acceptance/ppu/lcdon_timing-GS.gb",crash,0
2026-07-26T06:48:11Z,ea1ebc4,"mooneye/acceptance","mooneye/acceptance/ppu/lcdon_write_timing-GS.gb",crash,0
2026-07-26T06:48:11Z,ea1ebc4,"mooneye/acceptance","mooneye/acceptance/ppu/stat_irq_blocking.gb",crash,0
2026-07-26T06:48:11Z,ea1ebc4,"mooneye/acceptance","mooneye/acceptance/ppu/stat_lyc_onoff.gb",crash,0
2026-07-26T06:48:11Z,ea1ebc4,"mooneye/acceptance","mooneye/acceptance/ppu/vblank_stat_intr-GS.gb",crash,0
2026-07-26T06:48:11Z,ea1ebc4,"mooneye/acceptance","mooneye/acceptance/push_timing.gb",crash,0
2026-07-26T06:48:11Z,ea1ebc4,"mooneye/acceptance","mooneye/acceptance/rapid_di_ei.gb",crash,0
2026-07-26T06:48:11Z,ea1ebc4,"mooneye/acceptance","mooneye/acceptance/ret_cc_timing.gb",crash,0
2026-07-26T06:48:11Z,ea1ebc4,"mooneye/acceptance","mooneye/acceptance/reti_intr_timing.gb",crash,0
2026-07-26T06:48:11Z,ea1ebc4,"mooneye/acceptance","mooneye/acceptance/reti_timing.gb",crash,0
2026-07-26T06:48:11Z,ea1ebc4,"mooneye/acceptance","mooneye/acceptance/ret_timing.gb",crash,0
2026-07-26T06:48:11Z,ea1ebc4,"mooneye/acceptance","mooneye/acceptance/rst_timing.gb",crash,0
2026-07-26T06:48:11Z,ea1ebc4,"mooneye/acceptance","mooneye/acceptance/serial/boot_sclk_align-dmgABCmgb.gb",crash,0
2026-07-26T06:48:11Z,ea1ebc4,"mooneye/acceptance","mooneye/acceptance/timer/div_write.gb",crash,0
2026-07-26T06:48:11Z,ea1ebc4,"mooneye/acceptance","mooneye/acceptance/timer/rapid_toggle.gb",crash,0
2026-07-26T06:48:11Z,ea1ebc4,"mooneye/acceptance","mooneye/acceptance/timer/tim00_div_trigger.gb",crash,0
2026-07-26T06:48:11Z,ea1ebc4,"mooneye/acceptance","mooneye/acceptance/timer/tim00.gb",crash,0
2026-07-26T06:48:11Z,ea1ebc4,"mooneye/acceptance","mooneye/acceptance/timer/tim01_div_trigger.gb",crash,0
2026-07-26T06:48:11Z,ea1ebc4,"mooneye/acceptance","mooneye/acceptance/timer/tim01.gb",crash,0
2026-07-26T06:48:11Z,ea1ebc4,"mooneye/acceptance","mooneye/acceptance/timer/tim10_div_trigger.gb",crash,0
2026-07-26T06:48:11Z,ea1ebc4,"mooneye/acceptance","mooneye/acceptance/timer/tim10.gb",crash,0
2026-07-26T06:48:11Z,ea1ebc4,"mooneye/acceptance","mooneye/acceptance/timer/tim11_div_trigger.gb",crash,0
2026-07-26T06:48:11Z,ea1ebc4,"mooneye/acceptance","mooneye/acceptance/timer/tim11.gb",crash,0
2026-07-26T06:48:11Z,ea1ebc4,"mooneye/acceptance","mooneye/acceptance/timer/tima_reload.gb",crash,0
2026-07-26T06:48:11Z,ea1ebc4,"mooneye/acceptance","mooneye/acceptance/timer/tima_write_reloading.gb",crash,0
2026-07-26T06:48:11Z,ea1ebc4,"mooneye/acceptance","mooneye/acceptance/timer/tma_write_reloading.gb",crash,0
2026-07-26T07:13:08Z,0a10d05,"blargg/cpu_instrs","blargg/cpu_instrs/cpu_instrs.gb",crash,0
2026-07-26T07:13:08Z,0a10d05,"blargg/cpu_instrs","blargg/cpu_instrs/individual/01-special.gb",crash,0
2026-07-26T07:13:08Z,0a10d05,"blargg/cpu_instrs","blargg/cpu_instrs/individual/02-interrupts.gb",crash,0
2026-07-26T07:13:08Z,0a10d05,"blargg/cpu_instrs","blargg/cpu_instrs/individual/03-op sp,hl.gb",crash,0
2026-07-26T07:13:08Z,0a10d05,"blargg/cpu_instrs","blargg/cpu_instrs/individual/04-op r,imm.gb",crash,0
2026-07-26T07:13:08Z,0a10d05,"blargg/cpu_instrs","blargg/cpu_instrs/individual/05-op rp.gb",crash,0
2026-07-26T07:13:08Z,0a10d05,"blargg/cpu_instrs","blargg/cpu_instrs/individual/06-ld r,r.gb",crash,0
2026-07-26T07:13:08Z,0a10d05,"blargg/cpu_instrs","blargg/cpu_instrs/individual/07-jr,jp,call,ret,rst.gb",crash,0
2026-07-26T07:13:08Z,0a10d05,"blargg/cpu_instrs","blargg/cpu_instrs/individual/08-misc instrs.gb",crash,0
2026-07-26T07:13:08Z,0a10d05,"blargg/cpu_instrs","blargg/cpu_instrs/individual/09-op r,r.gb",crash,0
2026-07-26T07:13:08Z,0a10d05,"blargg/cpu_instrs","blargg/cpu_instrs/individual/10-bit ops.gb",crash,0
2026-07-26T07:13:08Z,0a10d05,"blargg/cpu_instrs","blargg/cpu_instrs/individual/11-op a,(hl).gb",crash,0
2026-07-26T07:13:08Z,0a10d05,"blargg/dmg_sound","blargg/dmg_sound/dmg_sound.gb",crash,0
2026-07-26T07:13:08Z,0a10d05,"blargg/dmg_sound","blargg/dmg_sound/rom_singles/01-registers.gb",crash,0
2026-07-26T07:13:08Z,0a10d05,"blargg/dmg_sound","blargg/dmg_sound/rom_singles/02-len ctr.gb",crash,0
2026-07-26T07:13:08Z,0a10d05,"blargg/dmg_sound","blargg/dmg_sound/rom_singles/03-trigger.gb",crash,0
2026-07-26T07:13:08Z,0a10d05,"blargg/dmg_sound","blargg/dmg_sound/rom_singles/04-sweep.gb",crash,0
2026-07-26T07:13:08Z,0a10d05,"blargg/dmg_sound","blargg/dmg_sound/rom_singles/05-sweep details.gb",crash,0
2026-07-26T07:13:08Z,0a10d05,"blargg/dmg_sound","blargg/dmg_sound/rom_singles/06-overflow on trigger.gb",crash,0
2026-07-26T07:13:08Z,0a10d05,"blargg/dmg_sound","blargg/dmg_sound/rom_singles/07-len sweep period sync.gb",crash,0
2026-07-26T07:13:08Z,0a10d05,"blargg/dmg_sound","blargg/dmg_sound/rom_singles/08-len ctr during power.gb",crash,0
2026-07-26T07:13:08Z,0a10d05,"blargg/dmg_sound","blargg/dmg_sound/rom_singles/09-wave read while on.gb",crash,0
2026-07-26T07:13:08Z,0a10d05,"blargg/dmg_sound","blargg/dmg_sound/rom_singles/10-wave trigger while on.gb",crash,0
2026-07-26T07:13:08Z,0a10d05,"blargg/dmg_sound","blargg/dmg_sound/rom_singles/11-regs after power.gb",crash,0
2026-07-26T07:13:08Z,0a10d05,"blargg/dmg_sound","blargg/dmg_sound/rom_singles/12-wave write while on.gb",crash,0
2026-07-26T07:13:08Z,0a10d05,"blargg/halt_bug","blargg/halt_bug.gb",crash,0
2026-07-26T07:13:08Z,0a10d05,"blargg/instr_timing","blargg/instr_timing/instr_timing.gb",crash,0
2026-07-26T07:13:08Z,0a10d05,"blargg/interrupt_time","blargg/interrupt_time/interrupt_time.gb",crash,0
2026-07-26T07:13:08Z,0a10d05,"blargg/mem_timing-2","blargg/mem_timing-2/mem_timing.gb",crash,0
2026-07-26T07:13:08Z,0a10d05,"blargg/mem_timing-2","blargg/mem_timing-2/rom_singles/01-read_timing.gb",crash,0
2026-07-26T07:13:08Z,0a10d05,"blargg/mem_timing-2","blargg/mem_timing-2/rom_singles/02-write_timing.gb",crash,0
2026-07-26T07:13:08Z,0a10d05,"blargg/mem_timing-2","blargg/mem_timing-2/rom_singles/03-modify_timing.gb",crash,0
2026-07-26T07:13:08Z,0a10d05,"blargg/mem_timing","blargg/mem_timing/individual/01-read_timing.gb",crash,0
2026-07-26T07:13:08Z,0a10d05,"blargg/mem_timing","blargg/mem_timing/individual/02-write_timing.gb",crash,0
2026-07-26T07:13:08Z,0a10d05,"blargg/mem_timing","blargg/mem_timing/individual/03-modify_timing.gb",crash,0
2026-07-26T07:13:08Z,0a10d05,"blargg/mem_timing","blargg/mem_timing/mem_timing.gb",crash,0
2026-07-26T07:13:08Z,0a10d05,"blargg/oam_bug","blargg/oam_bug/oam_bug.gb",crash,0
2026-07-26T07:13:08Z,0a10d05,"blargg/oam_bug","blargg/oam_bug/rom_singles/1-lcd_sync.gb",crash,0
2026-07-26T07:13:08Z,0a10d05,"blargg/oam_bug","blargg/oam_bug/rom_singles/2-causes.gb",crash,0
2026-07-26T07:13:08Z,0a10d05,"blargg/oam_bug","blargg/oam_bug/rom_singles/3-non_causes.gb",crash,0
2026-07-26T07:13:08Z,0a10d05,"blargg/oam_bug","blargg/oam_bug/rom_singles/4-scanline_timing.gb",crash,0
2026-07-26T07:13:08Z,0a10d05,"blargg/oam_bug","blargg/oam_bug/rom_singles/5-timing_bug.gb",crash,0
2026-07-26T07:13:08Z,0a10d05,"blargg/oam_bug","blargg/oam_bug/rom_singles/6-timing_no_bug.gb",crash,0
2026-07-26T07:13:08Z,0a10d05,"blargg/oam_bug","blargg/oam_bug/rom_singles/7-timing_effect.gb",crash,0
2026-07-26T07:13:08Z,0a10d05,"blargg/oam_bug","blargg/oam_bug/rom_singles/8-instr_effect.gb",crash,0
2026-07-26T07:13:08Z,0a10d05,"dmg-acid2","dmg-acid2/dmg-acid2.gb",crash,0
2026-07-26T07:13:08Z,0a10d05,"mooneye/acceptance","mooneye/acceptance/add_sp_e_timing.gb",crash,0
2026-07-26T07:13:08Z,0a10d05,"mooneye/acceptance","mooneye/acceptance/bits/mem_oam.gb",crash,0
2026-07-26T07:13:08Z,0a10d05,"mooneye/acceptance","mooneye/acceptance/bits/reg_f.gb",crash,0
2026-07-26T07:13:08Z,0a10d05,"mooneye/acceptance","mooneye/acceptance/bits/unused_hwio-GS.gb",crash,0
2026-07-26T07:13:08Z,0a10d05,"mooneye/acceptance-nondmg","mooneye/acceptance/boot_div2-S.gb",crash,0
2026-07-26T07:13:08Z,0a10d05,"mooneye/acceptance-nondmg","mooneye/acceptance/boot_div-dmg0.gb",crash,0
2026-07-26T07:13:08Z,0a10d05,"mooneye/acceptance","mooneye/acceptance/boot_div-dmgABCmgb.gb",crash,0
2026-07-26T07:13:08Z,0a10d05,"mooneye/acceptance-nondmg","mooneye/acceptance/boot_div-S.gb",crash,0
2026-07-26T07:13:08Z,0a10d05,"mooneye/acceptance-nondmg","mooneye/acceptance/boot_hwio-dmg0.gb",crash,0
2026-07-26T07:13:08Z,0a10d05,"mooneye/acceptance","mooneye/acceptance/boot_hwio-dmgABCmgb.gb",crash,0
2026-07-26T07:13:08Z,0a10d05,"mooneye/acceptance-nondmg","mooneye/acceptance/boot_hwio-S.gb",crash,0
2026-07-26T07:13:08Z,0a10d05,"mooneye/acceptance-nondmg","mooneye/acceptance/boot_regs-dmg0.gb",crash,0
2026-07-26T07:13:08Z,0a10d05,"mooneye/acceptance","mooneye/acceptance/boot_regs-dmgABC.gb",crash,0
2026-07-26T07:13:08Z,0a10d05,"mooneye/acceptance-nondmg","mooneye/acceptance/boot_regs-mgb.gb",crash,0
2026-07-26T07:13:08Z,0a10d05,"mooneye/acceptance-nondmg","mooneye/acceptance/boot_regs-sgb2.gb",crash,0
2026-07-26T07:13:08Z,0a10d05,"mooneye/acceptance-nondmg","mooneye/acceptance/boot_regs-sgb.gb",crash,0
2026-07-26T07:13:08Z,0a10d05,"mooneye/acceptance","mooneye/acceptance/call_cc_timing2.gb",crash,0
2026-07-26T07:13:08Z,0a10d05,"mooneye/acceptance","mooneye/acceptance/call_cc_timing.gb",crash,0
2026-07-26T07:13:08Z,0a10d05,"mooneye/acceptance","mooneye/acceptance/call_timing2.gb",crash,0
2026-07-26T07:13:08Z,0a10d05,"mooneye/acceptance","mooneye/acceptance/call_timing.gb",crash,0
2026-07-26T07:13:08Z,0a10d05,"mooneye/acceptance","mooneye/acceptance/di_timing-GS.gb",crash,0
2026-07-26T07:13:08Z,0a10d05,"mooneye/acceptance","mooneye/acceptance/div_timing.gb",crash,0
2026-07-26T07:13:08Z,0a10d05,"mooneye/acceptance","mooneye/acceptance/ei_sequence.gb",crash,0
2026-07-26T07:13:08Z,0a10d05,"mooneye/acceptance","mooneye/acceptance/ei_timing.gb",crash,0
2026-07-26T07:13:08Z,0a10d05,"mooneye/acceptance","mooneye/acceptance/halt_ime0_ei.gb",crash,0
2026-07-26T07:13:08Z,0a10d05,"mooneye/acceptance","mooneye/acceptance/halt_ime0_nointr_timing.gb",crash,0
2026-07-26T07:13:08Z,0a10d05,"mooneye/acceptance","mooneye/acceptance/halt_ime1_timing2-GS.gb",crash,0
2026-07-26T07:13:08Z,0a10d05,"mooneye/acceptance","mooneye/acceptance/halt_ime1_timing.gb",crash,0
2026-07-26T07:13:08Z,0a10d05,"mooneye/acceptance","mooneye/acceptance/if_ie_registers.gb",crash,0
2026-07-26T07:13:08Z,0a10d05,"mooneye/acceptance","mooneye/acceptance/instr/daa.gb",crash,0
2026-07-26T07:13:08Z,0a10d05,"mooneye/acceptance","mooneye/acceptance/interrupts/ie_push.gb",crash,0
2026-07-26T07:13:08Z,0a10d05,"mooneye/acceptance","mooneye/acceptance/intr_timing.gb",crash,0
2026-07-26T07:13:08Z,0a10d05,"mooneye/acceptance","mooneye/acceptance/jp_cc_timing.gb",crash,0
2026-07-26T07:13:08Z,0a10d05,"mooneye/acceptance","mooneye/acceptance/jp_timing.gb",crash,0
2026-07-26T07:13:08Z,0a10d05,"mooneye/acceptance","mooneye/acceptance/ld_hl_sp_e_timing.gb",crash,0
2026-07-26T07:13:08Z,0a10d05,"mooneye/acceptance","mooneye/acceptance/oam_dma/basic.gb",crash,0
2026-07-26T07:13:08Z,0a10d05,"mooneye/acceptance","mooneye/acceptance/oam_dma/reg_read.gb",crash,0
2026-07-26T07:13:08Z,0a10d05,"mooneye/acceptance","mooneye/acceptance/oam_dma_restart.gb",crash,0
2026-07-26T07:13:08Z,0a10d05,"mooneye/acceptance","mooneye/acceptance/oam_dma/sources-GS.gb",crash,0
2026-07-26T07:13:08Z,0a10d05,"mooneye/acceptance","mooneye/acceptance/oam_dma_start.gb",crash,0
2026-07-26T07:13:08Z,0a10d05,"mooneye/acceptance","mooneye/acceptance/oam_dma_timing.gb",crash,0
2026-07-26T07:13:08Z,0a10d05,"mooneye/acceptance","mooneye/acceptance/pop_timing.gb",crash,0
2026-07-26T07:13:08Z,0a10d05,"mooneye/acceptance","mooneye/acceptance/ppu/hblank_ly_scx_timing-GS.gb",crash,0
2026-07-26T07:13:08Z,0a10d05,"mooneye/acceptance","mooneye/acceptance/ppu/intr_1_2_timing-GS.gb",crash,0
2026-07-26T07:13:08Z,0a10d05,"mooneye/acceptance","mooneye/acceptance/ppu/intr_2_0_timing.gb",crash,0
2026-07-26T07:13:08Z,0a10d05,"mooneye/acceptance","mooneye/acceptance/ppu/intr_2_mode0_timing.gb",crash,0
2026-07-26T07:13:08Z,0a10d05,"mooneye/acceptance","mooneye/acceptance/ppu/intr_2_mode0_timing_sprites.gb",crash,0
2026-07-26T07:13:08Z,0a10d05,"mooneye/acceptance","mooneye/acceptance/ppu/intr_2_mode3_timing.gb",crash,0
2026-07-26T07:13:08Z,0a10d05,"mooneye/acceptance","mooneye/acceptance/ppu/intr_2_oam_ok_timing.gb",crash,0
2026-07-26T07:13:08Z,0a10d05,"mooneye/acceptance","mooneye/acceptance/ppu/lcdon_timing-GS.gb",crash,0
2026-07-26T07:13:08Z,0a10d05,"mooneye/acceptance","mooneye/acceptance/ppu/lcdon_write_timing-GS.gb",crash,0
2026-07-26T07:13:08Z,0a10d05,"mooneye/acceptance","mooneye/acceptance/ppu/stat_irq_blocking.gb",crash,0
2026-07-26T07:13:08Z,0a10d05,"mooneye/acceptance","mooneye/acceptance/ppu/stat_lyc_onoff.gb",crash,0
2026-07-26T07:13:08Z,0a10d05,"mooneye/acceptance","mooneye/acceptance/ppu/vblank_stat_intr-GS.gb",crash,0
2026-07-26T07:13:08Z,0a10d05,"mooneye/acceptance","mooneye/acceptance/push_timing.gb",crash,0
2026-07-26T07:13:08Z,0a10d05,"mooneye/acceptance","mooneye/acceptance/rapid_di_ei.gb",crash,0
2026-07-26T07:13:08Z,0a10d05,"mooneye/acceptance","mooneye/acceptance/ret_cc_timing.gb",crash,0
2026-07-26T07:13:08Z,0a10d05,"mooneye/acceptance","mooneye/acceptance/reti_intr_timing.gb",crash,0
2026-07-26T07:13:08Z,0a10d05,"mooneye/acceptance","mooneye/acceptance/reti_timing.gb",crash,0
2026-07-26T07:13:08Z,0a10d05,"mooneye/acceptance","mooneye/acceptance/ret_timing.gb",crash,0
2026-07-26T07:13:08Z,0a10d05,"mooneye/acceptance","mooneye/acceptance/rst_timing.gb",crash,0
2026-07-26T07:13:08Z,0a10d05,"mooneye/acceptance","mooneye/acceptance/serial/boot_sclk_align-dmgABCmgb.gb",crash,0
2026-07-26T07:13:08Z,0a10d05,"mooneye/acceptance","mooneye/acceptance/timer/div_write.gb",crash,0
2026-07-26T07:13:08Z,0a10d05,"mooneye/acceptance","mooneye/acceptance/timer/rapid_toggle.gb",crash,0
2026-07-26T07:13:08Z,0a10d05,"mooneye/acceptance","mooneye/acceptance/timer/tim00_div_trigger.gb",crash,0
2026-07-26T07:13:08Z,0a10d05,"mooneye/acceptance","mooneye/acceptance/timer/tim00.gb",crash,0
2026-07-26T07:13:08Z,0a10d05,"mooneye/acceptance","mooneye/acceptance/timer/tim01_div_trigger.gb",crash,0
2026-07-26T07:13:08Z,0a10d05,"mooneye/acceptance","mooneye/acceptance/timer/tim01.gb",crash,0
2026-07-26T07:13:08Z,0a10d05,"mooneye/acceptance","mooneye/acceptance/timer/tim10_div_trigger.gb",crash,0
2026-07-26T07:13:08Z,0a10d05,"mooneye/acceptance","mooneye/acceptance/timer/tim10.gb",crash,0
2026-07-26T07:13:08Z,0a10d05,"mooneye/acceptance","mooneye/acceptance/timer/tim11_div_trigger.gb",crash,0
2026-07-26T07:13:08Z,0a10d05,"mooneye/acceptance","mooneye/acceptance/timer/tim11.gb",crash,0
2026-07-26T07:13:08Z,0a10d05,"mooneye/acceptance","mooneye/acceptance/timer/tima_reload.gb",crash,0
2026-07-26T07:13:08Z,0a10d05,"mooneye/acceptance","mooneye/acceptance/timer/tima_write_reloading.gb",crash,0
2026-07-26T07:13:08Z,0a10d05,"mooneye/acceptance","mooneye/acceptance/timer/tma_write_reloading.gb",crash,0
2026-07-26T07:28:54Z,1c648b1,"blargg/cpu_instrs","blargg/cpu_instrs/cpu_instrs.gb",crash,0
2026-07-26T07:28:54Z,1c648b1,"blargg/cpu_instrs","blargg/cpu_instrs/individual/01-special.gb",crash,0
2026-07-26T07:28:54Z,1c648b1,"blargg/cpu_instrs","blargg/cpu_instrs/individual/02-interrupts.gb",crash,0
2026-07-26T07:28:54Z,1c648b1,"blargg/cpu_instrs","blargg/cpu_instrs/individual/03-op sp,hl.gb",crash,0
2026-07-26T07:28:54Z,1c648b1,"blargg/cpu_instrs","blargg/cpu_instrs/individual/04-op r,imm.gb",crash,0
2026-07-26T07:28:54Z,1c648b1,"blargg/cpu_instrs","blargg/cpu_instrs/individual/05-op rp.gb",crash,0
2026-07-26T07:28:54Z,1c648b1,"blargg/cpu_instrs","blargg/cpu_instrs/individual/06-ld r,r.gb",crash,0
2026-07-26T07:28:54Z,1c648b1,"blargg/cpu_instrs","blargg/cpu_instrs/individual/07-jr,jp,call,ret,rst.gb",crash,0
2026-07-26T07:28:54Z,1c648b1,"blargg/cpu_instrs","blargg/cpu_instrs/individual/08-misc instrs.gb",crash,0
2026-07-26T07:28:54Z,1c648b1,"blargg/cpu_instrs","blargg/cpu_instrs/individual/09-op r,r.gb",crash,0
2026-07-26T07:28:54Z,1c648b1,"blargg/cpu_instrs","blargg/cpu_instrs/individual/10-bit ops.gb",crash,0
2026-07-26T07:28:54Z,1c648b1,"blargg/cpu_instrs","blargg/cpu_instrs/individual/11-op a,(hl).gb",crash,0
2026-07-26T07:28:54Z,1c648b1,"blargg/dmg_sound","blargg/dmg_sound/dmg_sound.gb",crash,0
2026-07-26T07:28:54Z,1c648b1,"blargg/dmg_sound","blargg/dmg_sound/rom_singles/01-registers.gb",crash,0
2026-07-26T07:28:54Z,1c648b1,"blargg/dmg_sound","blargg/dmg_sound/rom_singles/02-len ctr.gb",crash,0
2026-07-26T07:28:54Z,1c648b1,"blargg/dmg_sound","blargg/dmg_sound/rom_singles/03-trigger.gb",crash,0
2026-07-26T07:28:54Z,1c648b1,"blargg/dmg_sound","blargg/dmg_sound/rom_singles/04-sweep.gb",crash,0
2026-07-26T07:28:54Z,1c648b1,"blargg/dmg_sound","blargg/dmg_sound/rom_singles/05-sweep details.gb",crash,0
2026-07-26T07:28:54Z,1c648b1,"blargg/dmg_sound","blargg/dmg_sound/rom_singles/06-overflow on trigger.gb",crash,0
2026-07-26T07:28:54Z,1c648b1,"blargg/dmg_sound","blargg/dmg_sound/rom_singles/07-len sweep period sync.gb",crash,0
2026-07-26T07:28:54Z,1c648b1,"blargg/dmg_sound","blargg/dmg_sound/rom_singles/08-len ctr during power.gb",crash,0
2026-07-26T07:28:54Z,1c648b1,"blargg/dmg_sound","blargg/dmg_sound/rom_singles/09-wave read while on.gb",crash,0
2026-07-26T07:28:54Z,1c648b1,"blargg/dmg_sound","blargg/dmg_sound/rom_singles/10-wave trigger while on.gb",crash,0
2026-07-26T07:28:54Z,1c648b1,"blargg/dmg_sound","blargg/dmg_sound/rom_singles/11-regs after power.gb",crash,0
2026-07-26T07:28:54Z,1c648b1,"blargg/dmg_sound","blargg/dmg_sound/rom_singles/12-wave write while on.gb",crash,0
2026-07-26T07:28:54Z,1c648b1,"blargg/halt_bug","blargg/halt_bug.gb",crash,0
2026-07-26T07:28:54Z,1c648b1,"blargg/instr_timing","blargg/instr_timing/instr_timing.gb",crash,0
2026-07-26T07:28:54Z,1c648b1,"blargg/interrupt_time","blargg/interrupt_time/interrupt_time.gb",crash,0
2026-07-26T07:28:54Z,1c648b1,"blargg/mem_timing-2","blargg/mem_timing-2/mem_timing.gb",crash,0
2026-07-26T07:28:54Z,1c648b1,"blargg/mem_timing-2","blargg/mem_timing-2/rom_singles/01-read_timing.gb",crash,0
2026-07-26T07:28:54Z,1c648b1,"blargg/mem_timing-2","blargg/mem_timing-2/rom_singles/02-write_timing.gb",crash,0
2026-07-26T07:28:54Z,1c648b1,"blargg/mem_timing-2","blargg/mem_timing-2/rom_singles/03-modify_timing.gb",crash,0
2026-07-26T07:28:54Z,1c648b1,"blargg/mem_timing","blargg/mem_timing/individual/01-read_timing.gb",crash,0
2026-07-26T07:28:54Z,1c648b1,"blargg/mem_timing","blargg/mem_timing/individual/02-write_timing.gb",crash,0
2026-07-26T07:28:54Z,1c648b1,"blargg/mem_timing","blargg/mem_timing/individual/03-modify_timing.gb",crash,0
2026-07-26T07:28:54Z,1c648b1,"blargg/mem_timing","blargg/mem_timing/mem_timing.gb",crash,0
2026-07-26T07:28:54Z,1c648b1,"blargg/oam_bug","blargg/oam_bug/oam_bug.gb",crash,0
2026-07-26T07:28:54Z,1c648b1,"blargg/oam_bug","blargg/oam_bug/rom_singles/1-lcd_sync.gb",crash,0
2026-07-26T07:28:54Z,1c648b1,"blargg/oam_bug","blargg/oam_bug/rom_singles/2-causes.gb",crash,0
2026-07-26T07:28:54Z,1c648b1,"blargg/oam_bug","blargg/oam_bug/rom_singles/3-non_causes.gb",crash,0
2026-07-26T07:28:54Z,1c648b1,"blargg/oam_bug","blargg/oam_bug/rom_singles/4-scanline_timing.gb",crash,0
2026-07-26T07:28:54Z,1c648b1,"blargg/oam_bug","blargg/oam_bug/rom_singles/5-timing_bug.gb",crash,0
2026-07-26T07:28:54Z,1c648b1,"blargg/oam_bug","blargg/oam_bug/rom_singles/6-timing_no_bug.gb",crash,0
2026-07-26T07:28:54Z,1c648b1,"blargg/oam_bug","blargg/oam_bug/rom_singles/7-timing_effect.gb",crash,0
2026-07-26T07:28:54Z,1c648b1,"blargg/oam_bug","blargg/oam_bug/rom_singles/8-instr_effect.gb",crash,0
2026-07-26T07:28:54Z,1c648b1,"dmg-acid2","dmg-acid2/dmg-acid2.gb",crash,0
2026-07-26T07:28:54Z,1c648b1,"mooneye/acceptance","mooneye/acceptance/add_sp_e_timing.gb",crash,0
2026-07-26T07:28:54Z,1c648b1,"mooneye/acceptance","mooneye/acceptance/bits/mem_oam.gb",crash,0
2026-07-26T07:28:54Z,1c648b1,"mooneye/acceptance","mooneye/acceptance/bits/reg_f.gb",crash,0
2026-07-26T07:28:54Z,1c648b1,"mooneye/acceptance","mooneye/acceptance/bits/unused_hwio-GS.gb",crash,0
2026-07-26T07:28:54Z,1c648b1,"mooneye/acceptance-nondmg","mooneye/acceptance/boot_div2-S.gb",crash,0
2026-07-26T07:28:54Z,1c648b1,"mooneye/acceptance-nondmg","mooneye/acceptance/boot_div-dmg0.gb",crash,0
2026-07-26T07:28:54Z,1c648b1,"mooneye/acceptance","mooneye/acceptance/boot_div-dmgABCmgb.gb",crash,0
2026-07-26T07:28:54Z,1c648b1,"mooneye/acceptance-nondmg","mooneye/acceptance/boot_div-S.gb",crash,0
2026-07-26T07:28:54Z,1c648b1,"mooneye/acceptance-nondmg","mooneye/acceptance/boot_hwio-dmg0.gb",crash,0
2026-07-26T07:28:54Z,1c648b1,"mooneye/acceptance","mooneye/acceptance/boot_hwio-dmgABCmgb.gb",crash,0
2026-07-26T07:28:54Z,1c648b1,"mooneye/acceptance-nondmg","mooneye/acceptance/boot_hwio-S.gb",crash,0
2026-07-26T07:28:54Z,1c648b1,"mooneye/acceptance-nondmg","mooneye/acceptance/boot_regs-dmg0.gb",crash,0
2026-07-26T07:28:54Z,1c648b1,"mooneye/acceptance","mooneye/acceptance/boot_regs-dmgABC.gb",crash,0
2026-07-26T07:28:54Z,1c648b1,"mooneye/acceptance-nondmg","mooneye/acceptance/boot_regs-mgb.gb",crash,0
2026-07-26T07:28:54Z,1c648b1,"mooneye/acceptance-nondmg","mooneye/acceptance/boot_regs-sgb2.gb",crash,0
2026-07-26T07:28:54Z,1c648b1,"mooneye/acceptance-nondmg","mooneye/acceptance/boot_regs-sgb.gb",crash,0
2026-07-26T07:28:54Z,1c648b1,"mooneye/acceptance","mooneye/acceptance/call_cc_timing2.gb",crash,0
2026-07-26T07:28:54Z,1c648b1,"mooneye/acceptance","mooneye/acceptance/call_cc_timing.gb",crash,0
2026-07-26T07:28:54Z,1c648b1,"mooneye/acceptance","mooneye/acceptance/call_timing2.gb",crash,0
2026-07-26T07:28:54Z,1c648b1,"mooneye/acceptance","mooneye/acceptance/call_timing.gb",crash,0
2026-07-26T07:28:54Z,1c648b1,"mooneye/acceptance","mooneye/acceptance/di_timing-GS.gb",crash,0
2026-07-26T07:28:54Z,1c648b1,"mooneye/acceptance","mooneye/acceptance/div_timing.gb",crash,0
2026-07-26T07:28:54Z,1c648b1,"mooneye/acceptance","mooneye/acceptance/ei_sequence.gb",crash,0
2026-07-26T07:28:54Z,1c648b1,"mooneye/acceptance","mooneye/acceptance/ei_timing.gb",crash,0
2026-07-26T07:28:54Z,1c648b1,"mooneye/acceptance","mooneye/acceptance/halt_ime0_ei.gb",crash,0
2026-07-26T07:28:54Z,1c648b1,"mooneye/acceptance","mooneye/acceptance/halt_ime0_nointr_timing.gb",crash,0
2026-07-26T07:28:54Z,1c648b1,"mooneye/acceptance","mooneye/acceptance/halt_ime1_timing2-GS.gb",crash,0
2026-07-26T07:28:54Z,1c648b1,"mooneye/acceptance","mooneye/acceptance/halt_ime1_timing.gb",crash,0
2026-07-26T07:28:54Z,1c648b1,"mooneye/acceptance","mooneye/acceptance/if_ie_registers.gb",crash,0
2026-07-26T07:28:54Z,1c648b1,"mooneye/acceptance","mooneye/acceptance/instr/daa.gb",crash,0
2026-07-26T07:28:54Z,1c648b1,"mooneye/acceptance","mooneye/acceptance/interrupts/ie_push.gb",crash,0
2026-07-26T07:28:54Z,1c648b1,"mooneye/acceptance","mooneye/acceptance/intr_timing.gb",crash,0
2026-07-26T07:28:54Z,1c648b1,"mooneye/acceptance","mooneye/acceptance/jp_cc_timing.gb",crash,0
2026-07-26T07:28:54Z,1c648b1,"mooneye/acceptance","mooneye/acceptance/jp_timing.gb",crash,0
2026-07-26T07:28:54Z,1c648b1,"mooneye/acceptance","mooneye/acceptance/ld_hl_sp_e_timing.gb",crash,0
2026-07-26T07:28:54Z,1c648b1,"mooneye/acceptance","mooneye/acceptance/oam_dma/basic.gb",crash,0
2026-07-26T07:28:54Z,1c648b1,"mooneye/acceptance","mooneye/acceptance/oam_dma/reg_read.gb",crash,0
2026-07-26T07:28:54Z,1c648b1,"mooneye/acceptance","mooneye/acceptance/oam_dma_restart.gb",crash,0
2026-07-26T07:28:54Z,1c648b1,"mooneye/acceptance","mooneye/acceptance/oam_dma/sources-GS.gb",crash,0
2026-07-26T07:28:54Z,1c648b1,"mooneye/acceptance","mooneye/acceptance/oam_dma_start.gb",crash,0
2026-07-26T07:28:54Z,1c648b1,"mooneye/acceptance","mooneye/acceptance/oam_dma_timing.gb",crash,0
2026-07-26T07:28:54Z,1c648b1,"mooneye/acceptance","mooneye/acceptance/pop_timing.gb",crash,0
2026-07-26T07:28:54Z,1c648b1,"mooneye/acceptance","mooneye/acceptance/ppu/hblank_ly_scx_timing-GS.gb",crash,0
2026-07-26T07:28:54Z,1c648b1,"mooneye/acceptance","mooneye/acceptance/ppu/intr_1_2_timing-GS.gb",crash,0
2026-07-26T07:28:54Z,1c648b1,"mooneye/acceptance","mooneye/acceptance/ppu/intr_2_0_timing.gb",crash,0
2026-07-26T07:28:54Z,1c648b1,"mooneye/acceptance","mooneye/acceptance/ppu/intr_2_mode0_timing.gb",crash,0
2026-07-26T07:28:54Z,1c648b1,"mooneye/acceptance","mooneye/acceptance/ppu/intr_2_mode0_timing_sprites.gb",crash,0
2026-07-26T07:28:54Z,1c648b1,"mooneye/acceptance","mooneye/acceptance/ppu/intr_2_mode3_timing.gb",crash,0
2026-07-26T07:28:54Z,1c648b1,"mooneye/acceptance","mooneye/acceptance/ppu/intr_2_oam_ok_timing.gb",crash,0
2026-07-26T07:28:54Z,1c648b1,"mooneye/acceptance","mooneye/acceptance/ppu/lcdon_timing-GS.gb",crash,0
2026-07-26T07:28:54Z,1c648b1,"mooneye/acceptance","mooneye/acceptance/ppu/lcdon_write_timing-GS.gb",crash,0
2026-07-26T07:28:54Z,1c648b1,"mooneye/acceptance","mooneye/acceptance/ppu/stat_irq_blocking.gb",crash,0
2026-07-26T07:28:54Z,1c648b1,"mooneye/acceptance","mooneye/acceptance/ppu/stat_lyc_onoff.gb",crash,0
2026-07-26T07:28:54Z,1c648b1,"mooneye/acceptance","mooneye/acceptance/ppu/vblank_stat_intr-GS.gb",crash,0
2026-07-26T07:28:54Z,1c648b1,"mooneye/acceptance","mooneye/acceptance/push_timing.gb",crash,0
2026-07-26T07:28:54Z,1c648b1,"mooneye/acceptance","mooneye/acceptance/rapid_di_ei.gb",crash,0
2026-07-26T07:28:54Z,1c648b1,"mooneye/acceptance","mooneye/acceptance/ret_cc_timing.gb",crash,0
2026-07-26T07:28:54Z,1c648b1,"mooneye/acceptance","mooneye/acceptance/reti_intr_timing.gb",crash,0
2026-07-26T07:28:54Z,1c648b1,"mooneye/acceptance","mooneye/acceptance/reti_timing.gb",crash,0
2026-07-26T07:28:54Z,1c648b1,"mooneye/acceptance","mooneye/acceptance/ret_timing.gb",crash,0
2026-07-26T07:28:54Z,1c648b1,"mooneye/acceptance","mooneye/acceptance/rst_timing.gb",crash,0
2026-07-26T07:28:54Z,1c648b1,"mooneye/acceptance","mooneye/acceptance/serial/boot_sclk_align-dmgABCmgb.gb",crash,0
2026-07-26T07:28:54Z,1c648b1,"mooneye/acceptance","mooneye/acceptance/timer/div_write.gb",crash,0
2026-07-26T07:28:54Z,1c648b1,"mooneye/acceptance","mooneye/acceptance/timer/rapid_toggle.gb",crash,0
2026-07-26T07:28:54Z,1c648b1,"mooneye/acceptance","mooneye/acceptance/timer/tim00_div_trigger.gb",crash,0
2026-07-26T07:28:54Z,1c648b1,"mooneye/acceptance","mooneye/acceptance/timer/tim00.gb",crash,0
2026-07-26T07:28:54Z,1c648b1,"mooneye/acceptance","mooneye/acceptance/timer/tim01_div_trigger.gb",crash,0
2026-07-26T07:28:54Z,1c648b1,"mooneye/acceptance","mooneye/acceptance/timer/tim01.gb",crash,0
2026-07-26T07:28:54Z,1c648b1,"mooneye/acceptance","mooneye/acceptance/timer/tim10_div_trigger.gb",crash,0
2026-07-26T07:28:54Z,1c648b1,"mooneye/acceptance","mooneye/acceptance/timer/tim10.gb",crash,0
2026-07-26T07:28:54Z,1c648b1,"mooneye/acceptance","mooneye/acceptance/timer/tim11_div_trigger.gb",crash,0
2026-07-26T07:28:54Z,1c648b1,"mooneye/acceptance","mooneye/acceptance/timer/tim11.gb",crash,0
2026-07-26T07:28:54Z,1c648b1,"mooneye/acceptance","mooneye/acceptance/timer/tima_reload.gb",crash,0
2026-07-26T07:28:54Z,1c648b1,"mooneye/acceptance","mooneye/acceptance/timer/tima_write_reloading.gb",crash,0
2026-07-26T07:28:54Z,1c648b1,"mooneye/acceptance","mooneye/acceptance/timer/tma_write_reloading.gb",crash,0
2026-07-26T07:34:54Z,1c648b1,"blargg/cpu_instrs","blargg/cpu_instrs/cpu_instrs.gb",crash,0
2026-07-26T07:34:54Z,1c648b1,"blargg/cpu_instrs","blargg/cpu_instrs/individual/01-special.gb",crash,0
2026-07-26T07:34:54Z,1c648b1,"blargg/cpu_instrs","blargg/cpu_instrs/individual/02-interrupts.gb",crash,0
2026-07-26T07:34:54Z,1c648b1,"blargg/cpu_instrs","blargg/cpu_instrs/individual/03-op sp,hl.gb",crash,0
2026-07-26T07:34:54Z,1c648b1,"blargg/cpu_instrs","blargg/cpu_instrs/individual/04-op r,imm.gb",crash,0
2026-07-26T07:34:54Z,1c648b1,"blargg/cpu_instrs","blargg/cpu_instrs/individual/05-op rp.gb",crash,0
2026-07-26T07:34:54Z,1c648b1,"blargg/cpu_instrs","blargg/cpu_instrs/individual/06-ld r,r.gb",crash,0
2026-07-26T07:34:54Z,1c648b1,"blargg/cpu_instrs","blargg/cpu_instrs/individual/07-jr,jp,call,ret,rst.gb",crash,0
2026-07-26T07:34:54Z,1c648b1,"blargg/cpu_instrs","blargg/cpu_instrs/individual/08-misc instrs.gb",crash,0
2026-07-26T07:34:54Z,1c648b1,"blargg/cpu_instrs","blargg/cpu_instrs/individual/09-op r,r.gb",crash,0
2026-07-26T07:34:54Z,1c648b1,"blargg/cpu_instrs","blargg/cpu_instrs/individual/10-bit ops.gb",crash,0
2026-07-26T07:34:54Z,1c648b1,"blargg/cpu_instrs","blargg/cpu_instrs/individual/11-op a,(hl).gb",crash,0
2026-07-26T07:34:54Z,1c648b1,"blargg/dmg_sound","blargg/dmg_sound/dmg_sound.gb",crash,0
2026-07-26T07:34:54Z,1c648b1,"blargg/dmg_sound","blargg/dmg_sound/rom_singles/01-registers.gb",crash,0
2026-07-26T07:34:54Z,1c648b1,"blargg/dmg_sound","blargg/dmg_sound/rom_singles/02-len ctr.gb",crash,0
2026-07-26T07:34:54Z,1c648b1,"blargg/dmg_sound","blargg/dmg_sound/rom_singles/03-trigger.gb",crash,0
2026-07-26T07:34:54Z,1c648b1,"blargg/dmg_sound","blargg/dmg_sound/rom_singles/04-sweep.gb",crash,0
2026-07-26T07:34:54Z,1c648b1,"blargg/dmg_sound","blargg/dmg_sound/rom_singles/05-sweep details.gb",crash,0
2026-07-26T07:34:54Z,1c648b1,"blargg/dmg_sound","blargg/dmg_sound/rom_singles/06-overflow on trigger.gb",crash,0
2026-07-26T07:34:54Z,1c648b1,"blargg/dmg_sound","blargg/dmg_sound/rom_singles/07-len sweep period sync.gb",crash,0
2026-07-26T07:34:54Z,1c648b1,"blargg/dmg_sound","blargg/dmg_sound/rom_singles/08-len ctr during power.gb",crash,0
2026-07-26T07:34:54Z,1c648b1,"blargg/dmg_sound","blargg/dmg_sound/rom_singles/09-wave read while on.gb",crash,0
2026-07-26T07:34:54Z,1c648b1,"blargg/dmg_sound","blargg/dmg_sound/rom_singles/10-wave trigger while on.gb",crash,0
2026-07-26T07:34:54Z,1c648b1,"blargg/dmg_sound","blargg/dmg_sound/rom_singles/11-regs after power.gb",crash,0
2026-07-26T07:34:54Z,1c648b1,"blargg/dmg_sound","blargg/dmg_sound/rom_singles/12-wave write while on.gb",crash,0
2026-07-26T07:34:54Z,1c648b1,"blargg/halt_bug","blargg/halt_bug.gb",crash,0
2026-07-26T07:34:54Z,1c648b1,"blargg/instr_timing","blargg/instr_timing/instr_timing.gb",crash,0
2026-07-26T07:34:54Z,1c648b1,"blargg/interrupt_time","blargg/interrupt_time/interrupt_time.gb",crash,0
2026-07-26T07:34:54Z,1c648b1,"blargg/mem_timing-2","blargg/mem_timing-2/mem_timing.gb",crash,0
2026-07-26T07:34:54Z,1c648b1,"blargg/mem_timing-2","blargg/mem_timing-2/rom_singles/01-read_timing.gb",crash,0
2026-07-26T07:34:54Z,1c648b1,"blargg/mem_timing-2","blargg/mem_timing-2/rom_singles/02-write_timing.gb",crash,0
2026-07-26T07:34:54Z,1c648b1,"blargg/mem_timing-2","blargg/mem_timing-2/rom_singles/03-modify_timing.gb",crash,0
2026-07-26T07:34:54Z,1c648b1,"blargg/mem_timing","blargg/mem_timing/individual/01-read_timing.gb",crash,0
2026-07-26T07:34:54Z,1c648b1,"blargg/mem_timing","blargg/mem_timing/individual/02-write_timing.gb",crash,0
2026-07-26T07:34:54Z,1c648b1,"blargg/mem_timing","blargg/mem_timing/individual/03-modify_timing.gb",crash,0
2026-07-26T07:34:54Z,1c648b1,"blargg/mem_timing","blargg/mem_timing/mem_timing.gb",crash,0
2026-07-26T07:34:54Z,1c648b1,"blargg/oam_bug","blargg/oam_bug/oam_bug.gb",crash,0
2026-07-26T07:34:54Z,1c648b1,"blargg/oam_bug","blargg/oam_bug/rom_singles/1-lcd_sync.gb",crash,0
2026-07-26T07:34:54Z,1c648b1,"blargg/oam_bug","blargg/oam_bug/rom_singles/2-causes.gb",crash,0
2026-07-26T07:34:54Z,1c648b1,"blargg/oam_bug","blargg/oam_bug/rom_singles/3-non_causes.gb",crash,0
2026-07-26T07:34:54Z,1c648b1,"blargg/oam_bug","blargg/oam_bug/rom_singles/4-scanline_timing.gb",crash,0
2026-07-26T07:34:54Z,1c648b1,"blargg/oam_bug","blargg/oam_bug/rom_singles/5-timing_bug.gb",crash,0
2026-07-26T07:34:54Z,1c648b1,"blargg/oam_bug","blargg/oam_bug/rom_singles/6-timing_no_bug.gb",crash,0
2026-07-26T07:34:54Z,1c648b1,"blargg/oam_bug","blargg/oam_bug/rom_singles/7-timing_effect.gb",crash,0
2026-07-26T07:34:54Z,1c648b1,"blargg/oam_bug","blargg/oam_bug/rom_singles/8-instr_effect.gb",crash,0
2026-07-26T07:34:54Z,1c648b1,"dmg-acid2","dmg-acid2/dmg-acid2.gb",crash,0
2026-07-26T07:34:54Z,1c648b1,"mooneye/acceptance","mooneye/acceptance/add_sp_e_timing.gb",crash,0
2026-07-26T07:34:54Z,1c648b1,"mooneye/acceptance","mooneye/acceptance/bits/mem_oam.gb",crash,0
2026-07-26T07:34:54Z,1c648b1,"mooneye/acceptance","mooneye/acceptance/bits/reg_f.gb",crash,0
2026-07-26T07:34:54Z,1c648b1,"mooneye/acceptance","mooneye/acceptance/bits/unused_hwio-GS.gb",crash,0
2026-07-26T07:34:54Z,1c648b1,"mooneye/acceptance-nondmg","mooneye/acceptance/boot_div2-S.gb",crash,0
2026-07-26T07:34:54Z,1c648b1,"mooneye/acceptance-nondmg","mooneye/acceptance/boot_div-dmg0.gb",crash,0
2026-07-26T07:34:54Z,1c648b1,"mooneye/acceptance","mooneye/acceptance/boot_div-dmgABCmgb.gb",crash,0
2026-07-26T07:34:54Z,1c648b1,"mooneye/acceptance-nondmg","mooneye/acceptance/boot_div-S.gb",crash,0
2026-07-26T07:34:54Z,1c648b1,"mooneye/acceptance-nondmg","mooneye/acceptance/boot_hwio-dmg0.gb",crash,0
2026-07-26T07:34:54Z,1c648b1,"mooneye/acceptance","mooneye/acceptance/boot_hwio-dmgABCmgb.gb",crash,0
2026-07-26T07:34:54Z,1c648b1,"mooneye/acceptance-nondmg","mooneye/acceptance/boot_hwio-S.gb",crash,0
2026-07-26T07:34:54Z,1c648b1,"mooneye/acceptance-nondmg","mooneye/acceptance/boot_regs-dmg0.gb",crash,0
2026-07-26T07:34:54Z,1c648b1,"mooneye/acceptance","mooneye/acceptance/boot_regs-dmgABC.gb",crash,0
2026-07-26T07:34:54Z,1c648b1,"mooneye/acceptance-nondmg","mooneye/acceptance/boot_regs-mgb.gb",crash,0
2026-07-26T07:34:54Z,1c648b1,"mooneye/acceptance-nondmg","mooneye/acceptance/boot_regs-sgb2.gb",crash,0
2026-07-26T07:34:54Z,1c648b1,"mooneye/acceptance-nondmg","mooneye/acceptance/boot_regs-sgb.gb",crash,0
2026-07-26T07:34:54Z,1c648b1,"mooneye/acceptance","mooneye/acceptance/call_cc_timing2.gb",crash,0
2026-07-26T07:34:54Z,1c648b1,"mooneye/acceptance","mooneye/acceptance/call_cc_timing.gb",crash,0
2026-07-26T07:34:54Z,1c648b1,"mooneye/acceptance","mooneye/acceptance/call_timing2.gb",crash,0
2026-07-26T07:34:54Z,1c648b1,"mooneye/acceptance","mooneye/acceptance/call_timing.gb",crash,0
2026-07-26T07:34:54Z,1c648b1,"mooneye/acceptance","mooneye/acceptance/di_timing-GS.gb",crash,0
2026-07-26T07:34:54Z,1c648b1,"mooneye/acceptance","mooneye/acceptance/div_timing.gb",crash,0
2026-07-26T07:34:54Z,1c648b1,"mooneye/acceptance","mooneye/acceptance/ei_sequence.gb",crash,0
2026-07-26T07:34:54Z,1c648b1,"mooneye/acceptance","mooneye/acceptance/ei_timing.gb",crash,0
2026-07-26T07:34:54Z,1c648b1,"mooneye/acceptance","mooneye/acceptance/halt_ime0_ei.gb",crash,0
2026-07-26T07:34:54Z,1c648b1,"mooneye/acceptance","mooneye/acceptance/halt_ime0_nointr_timing.gb",crash,0
2026-07-26T07:34:54Z,1c648b1,"mooneye/acceptance","mooneye/acceptance/halt_ime1_timing2-GS.gb",crash,0
2026-07-26T07:34:54Z,1c648b1,"mooneye/acceptance","mooneye/acceptance/halt_ime1_timing.gb",crash,0
2026-07-26T07:34:54Z,1c648b1,"mooneye/acceptance","mooneye/acceptance/if_ie_registers.gb",crash,0
2026-07-26T07:34:54Z,1c648b1,"mooneye/acceptance","mooneye/acceptance/instr/daa.gb",crash,0
2026-07-26T07:34:54Z,1c648b1,"mooneye/acceptance","mooneye/acceptance/interrupts/ie_push.gb",crash,0
2026-07-26T07:34:54Z,1c648b1,"mooneye/acceptance","mooneye/acceptance/intr_timing.gb",crash,0
2026-07-26T07:34:54Z,1c648b1,"mooneye/acceptance","mooneye/acceptance/jp_cc_timing.gb",crash,0
2026-07-26T07:34:54Z,1c648b1,"mooneye/acceptance","mooneye/acceptance/jp_timing.gb",crash,0
2026-07-26T07:34:54Z,1c648b1,"mooneye/acceptance","mooneye/acceptance/ld_hl_sp_e_timing.gb",crash,0
2026-07-26T07:34:54Z,1c648b1,"mooneye/acceptance","mooneye/acceptance/oam_dma/basic.gb",crash,0
2026-07-26T07:34:54Z,1c648b1,"mooneye/acceptance","mooneye/acceptance/oam_dma/reg_read.gb",crash,0
2026-07-26T07:34:54Z,1c648b1,"mooneye/acceptance","mooneye/acceptance/oam_dma_restart.gb",crash,0
2026-07-26T07:34:54Z,1c648b1,"mooneye/acceptance","mooneye/acceptance/oam_dma/sources-GS.gb",crash,0
2026-07-26T07:34:54Z,1c648b1,"mooneye/acceptance","mooneye/acceptance/oam_dma_start.gb",crash,0
2026-07-26T07:34:54Z,1c648b1,"mooneye/acceptance","mooneye/acceptance/oam_dma_timing.gb",crash,0
2026-07-26T07:34:54Z,1c648b1,"mooneye/acceptance","mooneye/acceptance/pop_timing.gb",crash,0
2026-07-26T07:34:54Z,1c648b1,"mooneye/acceptance","mooneye/acceptance/ppu/hblank_ly_scx_timing-GS.gb",crash,0
2026-07-26T07:34:54Z,1c648b1,"mooneye/acceptance","mooneye/acceptance/ppu/intr_1_2_timing-GS.gb",crash,0
2026-07-26T07:34:54Z,1c648b1,"mooneye/acceptance","mooneye/acceptance/ppu/intr_2_0_timing.gb",crash,0
2026-07-26T07:34:54Z,1c648b1,"mooneye/acceptance","mooneye/acceptance/ppu/intr_2_mode0_timing.gb",crash,0
2026-07-26T07:34:54Z,1c648b1,"mooneye/acceptance","mooneye/acceptance/ppu/intr_2_mode0_timing_sprites.gb",crash,0
2026-07-26T07:34:54Z,1c648b1,"mooneye/acceptance","mooneye/acceptance/ppu/intr_2_mode3_timing.gb",crash,0
2026-07-26T07:34:54Z,1c648b1,"mooneye/acceptance","mooneye/acceptance/ppu/intr_2_oam_ok_timing.gb",crash,0
2026-07-26T07:34:54Z,1c648b1,"mooneye/acceptance","mooneye/acceptance/ppu/lcdon_timing-GS.gb",crash,0
2026-07-26T07:34:54Z,1c648b1,"mooneye/acceptance","mooneye/acceptance/ppu/lcdon_write_timing-GS.gb",crash,0
2026-07-26T07:34:54Z,1c648b1,"mooneye/acceptance","mooneye/acceptance/ppu/stat_irq_blocking.gb",crash,0
2026-07-26T07:34:54Z,1c648b1,"mooneye/acceptance","mooneye/acceptance/ppu/stat_lyc_onoff.gb",crash,0
2026-07-26T07:34:54Z,1c648b1,"mooneye/acceptance","mooneye/acceptance/ppu/vblank_stat_intr-GS.gb",crash,0
2026-07-26T07:34:54Z,1c648b1,"mooneye/acceptance","mooneye/acceptance/push_timing.gb",crash,0
2026-07-26T07:34:54Z,1c648b1,"mooneye/acceptance","mooneye/acceptance/rapid_di_ei.gb",crash,0
2026-07-26T07:34:54Z,1c648b1,"mooneye/acceptance","mooneye/acceptance/ret_cc_timing.gb",crash,0
2026-07-26T07:34:54Z,1c648b1,"mooneye/acceptance","mooneye/acceptance/reti_intr_timing.gb",crash,0
2026-07-26T07:34:54Z,1c648b1,"mooneye/acceptance","mooneye/acceptance/reti_timing.gb",crash,0
2026-07-26T07:34:54Z,1c648b1,"mooneye/acceptance","mooneye/acceptance/ret_timing.gb",crash,0
2026-07-26T07:34:54Z,1c648b1,"mooneye/acceptance","mooneye/acceptance/rst_timing.gb",crash,0
2026-07-26T07:34:54Z,1c648b1,"mooneye/acceptance","mooneye/acceptance/serial/boot_sclk_align-dmgABCmgb.gb",crash,0
2026-07-26T07:34:54Z,1c648b1,"mooneye/acceptance","mooneye/acceptance/timer/div_write.gb",crash,0
2026-07-26T07:34:54Z,1c648b1,"mooneye/acceptance","mooneye/acceptance/timer/rapid_toggle.gb",crash,0
2026-07-26T07:34:54Z,1c648b1,"mooneye/acceptance","mooneye/acceptance/timer/tim00_div_trigger.gb",crash,0
2026-07-26T07:34:54Z,1c648b1,"mooneye/acceptance","mooneye/acceptance/timer/tim00.gb",crash,0
2026-07-26T07:34:54Z,1c648b1,"mooneye/acceptance","mooneye/acceptance/timer/tim01_div_trigger.gb",crash,0
2026-07-26T07:34:54Z,1c648b1,"mooneye/acceptance","mooneye/acceptance/timer/tim01.gb",crash,0
2026-07-26T07:34:54Z,1c648b1,"mooneye/acceptance","mooneye/acceptance/timer/tim10_div_trigger.gb",crash,0
2026-07-26T07:34:54Z,1c648b1,"mooneye/acceptance","mooneye/acceptance/timer/tim10.gb",crash,0
2026-07-26T07:34:54Z,1c648b1,"mooneye/acceptance","mooneye/acceptance/timer/tim11_div_trigger.gb",crash,0
2026-07-26T07:34:54Z,1c648b1,"mooneye/acceptance","mooneye/acceptance/timer/tim11.gb",crash,0
2026-07-26T07:34:54Z,1c648b1,"mooneye/acceptance","mooneye/acceptance/timer/tima_reload.gb",crash,0
2026-07-26T07:34:54Z,1c648b1,"mooneye/acceptance","mooneye/acceptance/timer/tima_write_reloading.gb",crash,0
2026-07-26T07:34:54Z,1c648b1,"mooneye/acceptance","mooneye/acceptance/timer/tma_write_reloading.gb",crash,0
2026-07-26T07:45:17Z,ff6bb4c,"blargg/cpu_instrs","blargg/cpu_instrs/cpu_instrs.gb",crash,0
2026-07-26T07:45:17Z,ff6bb4c,"blargg/cpu_instrs","blargg/cpu_instrs/individual/01-special.gb",crash,0
2026-07-26T07:45:17Z,ff6bb4c,"blargg/cpu_instrs","blargg/cpu_instrs/individual/02-interrupts.gb",crash,0
2026-07-26T07:45:17Z,ff6bb4c,"blargg/cpu_instrs","blargg/cpu_instrs/individual/03-op sp,hl.gb",crash,0
2026-07-26T07:45:17Z,ff6bb4c,"blargg/cpu_instrs","blargg/cpu_instrs/individual/04-op r,imm.gb",crash,0
2026-07-26T07:45:17Z,ff6bb4c,"blargg/cpu_instrs","blargg/cpu_instrs/individual/05-op rp.gb",crash,0
2026-07-26T07:45:17Z,ff6bb4c,"blargg/cpu_instrs","blargg/cpu_instrs/individual/06-ld r,r.gb",crash,0
2026-07-26T07:45:17Z,ff6bb4c,"blargg/cpu_instrs","blargg/cpu_instrs/individual/07-jr,jp,call,ret,rst.gb",crash,0
2026-07-26T07:45:17Z,ff6bb4c,"blargg/cpu_instrs","blargg/cpu_instrs/individual/08-misc instrs.gb",crash,0
2026-07-26T07:45:17Z,ff6bb4c,"blargg/cpu_instrs","blargg/cpu_instrs/individual/09-op r,r.gb",crash,0
2026-07-26T07:45:17Z,ff6bb4c,"blargg/cpu_instrs","blargg/cpu_instrs/individual/10-bit ops.gb",crash,0
2026-07-26T07:45:17Z,ff6bb4c,"blargg/cpu_instrs","blargg/cpu_instrs/individual/11-op a,(hl).gb",crash,0
2026-07-26T07:45:17Z,ff6bb4c,"blargg/dmg_sound","blargg/dmg_sound/dmg_sound.gb",crash,0
2026-07-26T07:45:17Z,ff6bb4c,"blargg/dmg_sound","blargg/dmg_sound/rom_singles/01-registers.gb",crash,0
2026-07-26T07:45:17Z,ff6bb4c,"blargg/dmg_sound","blargg/dmg_sound/rom_singles/02-len ctr.gb",crash,0
2026-07-26T07:45:17Z,ff6bb4c,"blargg/dmg_sound","blargg/dmg_sound/rom_singles/03-trigger.gb",crash,0
2026-07-26T07:45:17Z,ff6bb4c,"blargg/dmg_sound","blargg/dmg_sound/rom_singles/04-sweep.gb",crash,0
2026-07-26T07:45:17Z,ff6bb4c,"blargg/dmg_sound","blargg/dmg_sound/rom_singles/05-sweep details.gb",crash,0
2026-07-26T07:45:17Z,ff6bb4c,"blargg/dmg_sound","blargg/dmg_sound/rom_singles/06-overflow on trigger.gb",crash,0
2026-07-26T07:45:17Z,ff6bb4c,"blargg/dmg_sound","blargg/dmg_sound/rom_singles/07-len sweep period sync.gb",crash,0
2026-07-26T07:45:17Z,ff6bb4c,"blargg/dmg_sound","blargg/dmg_sound/rom_singles/08-len ctr during power.gb",crash,0
2026-07-26T07:45:17Z,ff6bb4c,"blargg/dmg_sound","blargg/dmg_sound/rom_singles/09-wave read while on.gb",crash,0
2026-07-26T07:45:17Z,ff6bb4c,"blargg/dmg_sound","blargg/dmg_sound/rom_singles/10-wave trigger while on.gb",crash,0
2026-07-26T07:45:17Z,ff6bb4c,"blargg/dmg_sound","blargg/dmg_sound/rom_singles/11-regs after power.gb",crash,0
2026-07-26T07:45:17Z,ff6bb4c,"blargg/dmg_sound","blargg/dmg_sound/rom_singles/12-wave write while on.gb",crash,0
2026-07-26T07:45:17Z,ff6bb4c,"blargg/halt_bug","blargg/halt_bug.gb",crash,0
2026-07-26T07:45:17Z,ff6bb4c,"blargg/instr_timing","blargg/instr_timing/instr_timing.gb",crash,0
2026-07-26T07:45:17Z,ff6bb4c,"blargg/interrupt_time","blargg/interrupt_time/interrupt_time.gb",crash,0
2026-07-26T07:45:17Z,ff6bb4c,"blargg/mem_timing-2","blargg/mem_timing-2/mem_timing.gb",crash,0
2026-07-26T07:45:17Z,ff6bb4c,"blargg/mem_timing-2","blargg/mem_timing-2/rom_singles/01-read_timing.gb",crash,0
2026-07-26T07:45:17Z,ff6bb4c,"blargg/mem_timing-2","blargg/mem_timing-2/rom_singles/02-write_timing.gb",crash,0
2026-07-26T07:45:17Z,ff6bb4c,"blargg/mem_timing-2","blargg/mem_timing-2/rom_singles/03-modify_timing.gb",crash,0
2026-07-26T07:45:17Z,ff6bb4c,"blargg/mem_timing","blargg/mem_timing/individual/01-read_timing.gb",crash,0
2026-07-26T07:45:17Z,ff6bb4c,"blargg/mem_timing","blargg/mem_timing/individual/02-write_timing.gb",crash,0
2026-07-26T07:45:17Z,ff6bb4c,"blargg/mem_timing","blargg/mem_timing/individual/03-modify_timing.gb",crash,0
2026-07-26T07:45:17Z,ff6bb4c,"blargg/mem_timing","blargg/mem_timing/mem_timing.gb",crash,0
2026-07-26T07:45:17Z,ff6bb4c,"blargg/oam_bug","blargg/oam_bug/oam_bug.gb",crash,0
2026-07-26T07:45:17Z,ff6bb4c,"blargg/oam_bug","blargg/oam_bug/rom_singles/1-lcd_sync.gb",crash,0
2026-07-26T07:45:17Z,ff6bb4c,"blargg/oam_bug","blargg/oam_bug/rom_singles/2-causes.gb",crash,0
2026-07-26T07:45:17Z,ff6bb4c,"blargg/oam_bug","blargg/oam_bug/rom_singles/3-non_causes.gb",crash,0
2026-07-26T07:45:17Z,ff6bb4c,"blargg/oam_bug","blargg/oam_bug/rom_singles/4-scanline_timing.gb",crash,0
2026-07-26T07:45:17Z,ff6bb4c,"blargg/oam_bug","blargg/oam_bug/rom_singles/5-timing_bug.gb",crash,0
2026-07-26T07:45:17Z,ff6bb4c,"blargg/oam_bug","blargg/oam_bug/rom_singles/6-timing_no_bug.gb",crash,0
2026-07-26T07:45:17Z,ff6bb4c,"blargg/oam_bug","blargg/oam_bug/rom_singles/7-timing_effect.gb",crash,0
2026-07-26T07:45:17Z,ff6bb4c,"blargg/oam_bug","blargg/oam_bug/rom_singles/8-instr_effect.gb",crash,0
2026-07-26T07:45:17Z,ff6bb4c,"dmg-acid2","dmg-acid2/dmg-acid2.gb",crash,0
2026-07-26T07:45:17Z,ff6bb4c,"mooneye/acceptance","mooneye/acceptance/add_sp_e_timing.gb",crash,0
2026-07-26T07:45:17Z,ff6bb4c,"mooneye/acceptance","mooneye/acceptance/bits/mem_oam.gb",crash,0
2026-07-26T07:45:17Z,ff6bb4c,"mooneye/acceptance","mooneye/acceptance/bits/reg_f.gb",crash,0
2026-07-26T07:45:17Z,ff6bb4c,"mooneye/acceptance","mooneye/acceptance/bits/unused_hwio-GS.gb",crash,0
2026-07-26T07:45:17Z,ff6bb4c,"mooneye/acceptance-nondmg","mooneye/acceptance/boot_div2-S.gb",crash,0
2026-07-26T07:45:17Z,ff6bb4c,"mooneye/acceptance-nondmg","mooneye/acceptance/boot_div-dmg0.gb",crash,0
2026-07-26T07:45:17Z,ff6bb4c,"mooneye/acceptance","mooneye/acceptance/boot_div-dmgABCmgb.gb",crash,0
2026-07-26T07:45:17Z,ff6bb4c,"mooneye/acceptance-nondmg","mooneye/acceptance/boot_div-S.gb",crash,0
2026-07-26T07:45:17Z,ff6bb4c,"mooneye/acceptance-nondmg","mooneye/acceptance/boot_hwio-dmg0.gb",crash,0
2026-07-26T07:45:17Z,ff6bb4c,"mooneye/acceptance","mooneye/acceptance/boot_hwio-dmgABCmgb.gb",crash,0
2026-07-26T07:45:17Z,ff6bb4c,"mooneye/acceptance-nondmg","mooneye/acceptance/boot_hwio-S.gb",crash,0
2026-07-26T07:45:17Z,ff6bb4c,"mooneye/acceptance-nondmg","mooneye/acceptance/boot_regs-dmg0.gb",crash,0
2026-07-26T07:45:17Z,ff6bb4c,"mooneye/acceptance","mooneye/acceptance/boot_regs-dmgABC.gb",crash,0
2026-07-26T07:45:17Z,ff6bb4c,"mooneye/acceptance-nondmg","mooneye/acceptance/boot_regs-mgb.gb",crash,0
2026-07-26T07:45:17Z,ff6bb4c,"mooneye/acceptance-nondmg","mooneye/acceptance/boot_regs-sgb2.gb",crash,0
2026-07-26T07:45:17Z,ff6bb4c,"mooneye/acceptance-nondmg","mooneye/acceptance/boot_regs-sgb.gb",crash,0
2026-07-26T07:45:17Z,ff6bb4c,"mooneye/acceptance","mooneye/acceptance/call_cc_timing2.gb",crash,0
2026-07-26T07:45:17Z,ff6bb4c,"mooneye/acceptance","mooneye/acceptance/call_cc_timing.gb",crash,0
2026-07-26T07:45:17Z,ff6bb4c,"mooneye/acceptance","mooneye/acceptance/call_timing2.gb",crash,0
2026-07-26T07:45:17Z,ff6bb4c,"mooneye/acceptance","mooneye/acceptance/call_timing.gb",crash,0
2026-07-26T07:45:17Z,ff6bb4c,"mooneye/acceptance","mooneye/acceptance/di_timing-GS.gb",crash,0
2026-07-26T07:45:17Z,ff6bb4c,"mooneye/acceptance","mooneye/acceptance/div_timing.gb",crash,0
2026-07-26T07:45:17Z,ff6bb4c,"mooneye/acceptance","mooneye/acceptance/ei_sequence.gb",crash,0
2026-07-26T07:45:17Z,ff6bb4c,"mooneye/acceptance","mooneye/acceptance/ei_timing.gb",crash,0
2026-07-26T07:45:17Z,ff6bb4c,"mooneye/acceptance","mooneye/acceptance/halt_ime0_ei.gb",crash,0
2026-07-26T07:45:17Z,ff6bb4c,"mooneye/acceptance","mooneye/acceptance/halt_ime0_nointr_timing.gb",crash,0
2026-07-26T07:45:17Z,ff6bb4c,"mooneye/acceptance","mooneye/acceptance/halt_ime1_timing2-GS.gb",crash,0
2026-07-26T07:45:17Z,ff6bb4c,"mooneye/acceptance","mooneye/acceptance/halt_ime1_timing.gb",crash,0
2026-07-26T07:45:17Z,ff6bb4c,"mooneye/acceptance","mooneye/acceptance/if_ie_registers.gb",crash,0
2026-07-26T07:45:17Z,ff6bb4c,"mooneye/acceptance","mooneye/acceptance/instr/daa.gb",crash,0
2026-07-26T07:45:17Z,ff6bb4c,"mooneye/acceptance","mooneye/acceptance/interrupts/ie_push.gb",crash,0
2026-07-26T07:45:17Z,ff6bb4c,"mooneye/acceptance","mooneye/acceptance/intr_timing.gb",crash,0
2026-07-26T07:45:17Z,ff6bb4c,"mooneye/acceptance","mooneye/acceptance/jp_cc_timing.gb",crash,0
2026-07-26T07:45:17Z,ff6bb4c,"mooneye/acceptance","mooneye/acceptance/jp_timing.gb",crash,0
2026-07-26T07:45:17Z,ff6bb4c,"mooneye/acceptance","mooneye/acceptance/ld_hl_sp_e_timing.gb",crash,0
2026-07-26T07:45:17Z,ff6bb4c,"mooneye/acceptance","mooneye/acceptance/oam_dma/basic.gb",crash,0
2026-07-26T07:45:17Z,ff6bb4c,"mooneye/acceptance","mooneye/acceptance/oam_dma/reg_read.gb",crash,0
2026-07-26T07:45:17Z,ff6bb4c,"mooneye/acceptance","mooneye/acceptance/oam_dma_restart.gb",crash,0
2026-07-26T07:45:17Z,ff6bb4c,"mooneye/acceptance","mooneye/acceptance/oam_dma/sources-GS.gb",crash,0
2026-07-26T07:45:17Z,ff6bb4c,"mooneye/acceptance","mooneye/acceptance/oam_dma_start.gb",crash,0
2026-07-26T07:45:17Z,ff6bb4c,"mooneye/acceptance","mooneye/acceptance/oam_dma_timing.gb",crash,0
2026-07-26T07:45:17Z,ff6bb4c,"mooneye/acceptance","mooneye/acceptance/pop_timing.gb",crash,0
2026-07-26T07:45:17Z,ff6bb4c,"mooneye/acceptance","mooneye/acceptance/ppu/hblank_ly_scx_timing-GS.gb",crash,0
2026-07-26T07:45:17Z,ff6bb4c,"mooneye/acceptance","mooneye/acceptance/ppu/intr_1_2_timing-GS.gb",crash,0
2026-07-26T07:45:17Z,ff6bb4c,"mooneye/acceptance","mooneye/acceptance/ppu/intr_2_0_timing.gb",crash,0
2026-07-26T07:45:17Z,ff6bb4c,"mooneye/acceptance","mooneye/acceptance/ppu/intr_2_mode0_timing.gb",crash,0
2026-07-26T07:45:17Z,ff6bb4c,"mooneye/acceptance","mooneye/acceptance/ppu/intr_2_mode0_timing_sprites.gb",crash,0
2026-07-26T07:45:17Z,ff6bb4c,"mooneye/acceptance","mooneye/acceptance/ppu/intr_2_mode3_timing.gb",crash,0
2026-07-26T07:45:17Z,ff6bb4c,"mooneye/acceptance","mooneye/acceptance/ppu/intr_2_oam_ok_timing.gb",crash,0
2026-07-26T07:45:17Z,ff6bb4c,"mooneye/acceptance","mooneye/acceptance/ppu/lcdon_timing-GS.gb",crash,0
2026-07-26T07:45:17Z,ff6bb4c,"mooneye/acceptance","mooneye/acceptance/ppu/lcdon_write_timing-GS.gb",crash,0
2026-07-26T07:45:17Z,ff6bb4c,"mooneye/acceptance","mooneye/acceptance/ppu/stat_irq_blocking.gb",crash,0
2026-07-26T07:45:17Z,ff6bb4c,"mooneye/acceptance","mooneye/acceptance/ppu/stat_lyc_onoff.gb",crash,0
2026-07-26T07:45:17Z,ff6bb4c,"mooneye/acceptance","mooneye/acceptance/ppu/vblank_stat_intr-GS.gb",crash,0
2026-07-26T07:45:17Z,ff6bb4c,"mooneye/acceptance","mooneye/acceptance/push_timing.gb",crash,0
2026-07-26T07:45:17Z,ff6bb4c,"mooneye/acceptance","mooneye/acceptance/rapid_di_ei.gb",crash,0
2026-07-26T07:45:17Z,ff6bb4c,"mooneye/acceptance","mooneye/acceptance/ret_cc_timing.gb",crash,0
2026-07-26T07:45:17Z,ff6bb4c,"mooneye/acceptance","mooneye/acceptance/reti_intr_timing.gb",crash,0
2026-07-26T07:45:17Z,ff6bb4c,"mooneye/acceptance","mooneye/acceptance/reti_timing.gb",crash,0
2026-07-26T07:45:17Z,ff6bb4c,"mooneye/acceptance","mooneye/acceptance/ret_timing.gb",crash,0
2026-07-26T07:45:17Z,ff6bb4c,"mooneye/acceptance","mooneye/acceptance/rst_timing.gb",crash,0
2026-07-26T07:45:17Z,ff6bb4c,"mooneye/acceptance","mooneye/acceptance/serial/boot_sclk_align-dmgABCmgb.gb",crash,0
2026-07-26T07:45:17Z,ff6bb4c,"mooneye/acceptance","mooneye/acceptance/timer/div_write.gb",crash,0
2026-07-26T07:45:17Z,ff6bb4c,"mooneye/acceptance","mooneye/acceptance/timer/rapid_toggle.gb",crash,0
2026-07-26T07:45:17Z,ff6bb4c,"mooneye/acceptance","mooneye/acceptance/timer/tim00_div_trigger.gb",crash,0
2026-07-26T07:45:17Z,ff6bb4c,"mooneye/acceptance","mooneye/acceptance/timer/tim00.gb",crash,0
2026-07-26T07:45:17Z,ff6bb4c,"mooneye/acceptance","mooneye/acceptance/timer/tim01_div_trigger.gb",crash,0
2026-07-26T07:45:17Z,ff6bb4c,"mooneye/acceptance","mooneye/acceptance/timer/tim01.gb",crash,0
2026-07-26T07:45:17Z,ff6bb4c,"mooneye/acceptance","mooneye/acceptance/timer/tim10_div_trigger.gb",crash,0
2026-07-26T07:45:17Z,ff6bb4c,"mooneye/acceptance","mooneye/acceptance/timer/tim10.gb",crash,0
2026-07-26T07:45:17Z,ff6bb4c,"mooneye/acceptance","mooneye/acceptance/timer/tim11_div_trigger.gb",crash,0
2026-07-26T07:45:17Z,ff6bb4c,"mooneye/acceptance","mooneye/acceptance/timer/tim11.gb",crash,0
2026-07-26T07:45:17Z,ff6bb4c,"mooneye/acceptance","mooneye/acceptance/timer/tima_reload.gb",crash,0
2026-07-26T07:45:17Z,ff6bb4c,"mooneye/acceptance","mooneye/acceptance/timer/tima_write_reloading.gb",crash,0
2026-07-26T07:45:17Z,ff6bb4c,"mooneye/acceptance","mooneye/acceptance/timer/tma_write_reloading.gb",crash,0
2026-07-26T07:56:26Z,787d526,"blargg/cpu_instrs","blargg/cpu_instrs/cpu_instrs.gb",crash,0
2026-07-26T07:56:26Z,787d526,"blargg/cpu_instrs","blargg/cpu_instrs/individual/01-special.gb",crash,0
2026-07-26T07:56:26Z,787d526,"blargg/cpu_instrs","blargg/cpu_instrs/individual/02-interrupts.gb",crash,0
2026-07-26T07:56:26Z,787d526,"blargg/cpu_instrs","blargg/cpu_instrs/individual/03-op sp,hl.gb",crash,0
2026-07-26T07:56:26Z,787d526,"blargg/cpu_instrs","blargg/cpu_instrs/individual/04-op r,imm.gb",crash,0
2026-07-26T07:56:26Z,787d526,"blargg/cpu_instrs","blargg/cpu_instrs/individual/05-op rp.gb",crash,0
2026-07-26T07:56:26Z,787d526,"blargg/cpu_instrs","blargg/cpu_instrs/individual/06-ld r,r.gb",crash,0
2026-07-26T07:56:26Z,787d526,"blargg/cpu_instrs","blargg/cpu_instrs/individual/07-jr,jp,call,ret,rst.gb",crash,0
2026-07-26T07:56:26Z,787d526,"blargg/cpu_instrs","blargg/cpu_instrs/individual/08-misc instrs.gb",crash,0
2026-07-26T07:56:26Z,787d526,"blargg/cpu_instrs","blargg/cpu_instrs/individual/09-op r,r.gb",crash,0
2026-07-26T07:56:26Z,787d526,"blargg/cpu_instrs","blargg/cpu_instrs/individual/10-bit ops.gb",crash,0
2026-07-26T07:56:26Z,787d526,"blargg/cpu_instrs","blargg/cpu_instrs/individual/11-op a,(hl).gb",crash,0
2026-07-26T07:56:26Z,787d526,"blargg/dmg_sound","blargg/dmg_sound/dmg_sound.gb",crash,0
2026-07-26T07:56:26Z,787d526,"blargg/dmg_sound","blargg/dmg_sound/rom_singles/01-registers.gb",crash,0
2026-07-26T07:56:26Z,787d526,"blargg/dmg_sound","blargg/dmg_sound/rom_singles/02-len ctr.gb",crash,0
2026-07-26T07:56:26Z,787d526,"blargg/dmg_sound","blargg/dmg_sound/rom_singles/03-trigger.gb",crash,0
2026-07-26T07:56:26Z,787d526,"blargg/dmg_sound","blargg/dmg_sound/rom_singles/04-sweep.gb",crash,0
2026-07-26T07:56:26Z,787d526,"blargg/dmg_sound","blargg/dmg_sound/rom_singles/05-sweep details.gb",crash,0
2026-07-26T07:56:26Z,787d526,"blargg/dmg_sound","blargg/dmg_sound/rom_singles/06-overflow on trigger.gb",crash,0
2026-07-26T07:56:26Z,787d526,"blargg/dmg_sound","blargg/dmg_sound/rom_singles/07-len sweep period sync.gb",crash,0
2026-07-26T07:56:26Z,787d526,"blargg/dmg_sound","blargg/dmg_sound/rom_singles/08-len ctr during power.gb",crash,0
2026-07-26T07:56:26Z,787d526,"blargg/dmg_sound","blargg/dmg_sound/rom_singles/09-wave read while on.gb",crash,0
2026-07-26T07:56:26Z,787d526,"blargg/dmg_sound","blargg/dmg_sound/rom_singles/10-wave trigger while on.gb",crash,0
2026-07-26T07:56:26Z,787d526,"blargg/dmg_sound","blargg/dmg_sound/rom_singles/11-regs after power.gb",crash,0
2026-07-26T07:56:26Z,787d526,"blargg/dmg_sound","blargg/dmg_sound/rom_singles/12-wave write while on.gb",crash,0
2026-07-26T07:56:26Z,787d526,"blargg/halt_bug","blargg/halt_bug.gb",crash,0
2026-07-26T07:56:26Z,787d526,"blargg/instr_timing","blargg/instr_timing/instr_timing.gb",crash,0
2026-07-26T07:56:26Z,787d526,"blargg/interrupt_time","blargg/interrupt_time/interrupt_time.gb",crash,0
2026-07-26T07:56:26Z,787d526,"blargg/mem_timing-2","blargg/mem_timing-2/mem_timing.gb",crash,0
2026-07-26T07:56:26Z,787d526,"blargg/mem_timing-2","blargg/mem_timing-2/rom_singles/01-read_timing.gb",crash,0
2026-07-26T07:56:26Z,787d526,"blargg/mem_timing-2","blargg/mem_timing-2/rom_singles/02-write_timing.gb",crash,0
2026-07-26T07:56:26Z,787d526,"blargg/mem_timing-2","blargg/mem_timing-2/rom_singles/03-modify_timing.gb",crash,0
2026-07-26T07:56:26Z,787d526,"blargg/mem_timing","blargg/mem_timing/individual/01-read_timing.gb",crash,0
2026-07-26T07:56:26Z,787d526,"blargg/mem_timing","blargg/mem_timing/individual/02-write_timing.gb",crash,0
2026-07-26T07:56:26Z,787d526,"blargg/mem_timing","blargg/mem_timing/individual/03-modify_timing.gb",crash,0
2026-07-26T07:56:26Z,787d526,"blargg/mem_timing","blargg/mem_timing/mem_timing.gb",crash,0
2026-07-26T07:56:26Z,787d526,"blargg/oam_bug","blargg/oam_bug/oam_bug.gb",crash,0
2026-07-26T07:56:26Z,787d526,"blargg/oam_bug","blargg/oam_bug/rom_singles/1-lcd_sync.gb",crash,0
2026-07-26T07:56:26Z,787d526,"blargg/oam_bug","blargg/oam_bug/rom_singles/2-causes.gb",crash,0
2026-07-26T07:56:26Z,787d526,"blargg/oam_bug","blargg/oam_bug/rom_singles/3-non_causes.gb",crash,0
2026-07-26T07:56:26Z,787d526,"blargg/oam_bug","blargg/oam_bug/rom_singles/4-scanline_timing.gb",crash,0
2026-07-26T07:56:26Z,787d526,"blargg/oam_bug","blargg/oam_bug/rom_singles/5-timing_bug.gb",crash,0
2026-07-26T07:56:26Z,787d526,"blargg/oam_bug","blargg/oam_bug/rom_singles/6-timing_no_bug.gb",crash,0
2026-07-26T07:56:26Z,787d526,"blargg/oam_bug","blargg/oam_bug/rom_singles/7-timing_effect.gb",crash,0
2026-07-26T07:56:26Z,787d526,"blargg/oam_bug","blargg/oam_bug/rom_singles/8-instr_effect.gb",crash,0
2026-07-26T07:56:26Z,787d526,"dmg-acid2","dmg-acid2/dmg-acid2.gb",crash,0
2026-07-26T07:56:26Z,787d526,"mooneye/acceptance","mooneye/acceptance/add_sp_e_timing.gb",crash,0
2026-07-26T07:56:26Z,787d526,"mooneye/acceptance","mooneye/acceptance/bits/mem_oam.gb",crash,0
2026-07-26T07:56:26Z,787d526,"mooneye/acceptance","mooneye/acceptance/bits/reg_f.gb",crash,0
2026-07-26T07:56:26Z,787d526,"mooneye/acceptance","mooneye/acceptance/bits/unused_hwio-GS.gb",crash,0
2026-07-26T07:56:26Z,787d526,"mooneye/acceptance-nondmg","mooneye/acceptance/boot_div2-S.gb",crash,0
2026-07-26T07:56:26Z,787d526,"mooneye/acceptance-nondmg","mooneye/acceptance/boot_div-dmg0.gb",crash,0
2026-07-26T07:56:26Z,787d526,"mooneye/acceptance","mooneye/acceptance/boot_div-dmgABCmgb.gb",crash,0
2026-07-26T07:56:26Z,787d526,"mooneye/acceptance-nondmg","mooneye/acceptance/boot_div-S.gb",crash,0
2026-07-26T07:56:26Z,787d526,"mooneye/acceptance-nondmg","mooneye/acceptance/boot_hwio-dmg0.gb",crash,0
2026-07-26T07:56:26Z,787d526,"mooneye/acceptance","mooneye/acceptance/boot_hwio-dmgABCmgb.gb",crash,0
2026-07-26T07:56:26Z,787d526,"mooneye/acceptance-nondmg","mooneye/acceptance/boot_hwio-S.gb",crash,0
2026-07-26T07:56:26Z,787d526,"mooneye/acceptance-nondmg","mooneye/acceptance/boot_regs-dmg0.gb",crash,0
2026-07-26T07:56:26Z,787d526,"mooneye/acceptance","mooneye/acceptance/boot_regs-dmgABC.gb",crash,0
2026-07-26T07:56:26Z,787d526,"mooneye/acceptance-nondmg","mooneye/acceptance/boot_regs-mgb.gb",crash,0
2026-07-26T07:56:26Z,787d526,"mooneye/acceptance-nondmg","mooneye/acceptance/boot_regs-sgb2.gb",crash,0
2026-07-26T07:56:26Z,787d526,"mooneye/acceptance-nondmg","mooneye/acceptance/boot_regs-sgb.gb",crash,0
2026-07-26T07:56:26Z,787d526,"mooneye/acceptance","mooneye/acceptance/call_cc_timing2.gb",crash,0
2026-07-26T07:56:26Z,787d526,"mooneye/acceptance","mooneye/acceptance/call_cc_timing.gb",crash,0
2026-07-26T07:56:26Z,787d526,"mooneye/acceptance","mooneye/acceptance/call_timing2.gb",crash,0
2026-07-26T07:56:26Z,787d526,"mooneye/acceptance","mooneye/acceptance/call_timing.gb",crash,0
2026-07-26T07:56:26Z,787d526,"mooneye/acceptance","mooneye/acceptance/di_timing-GS.gb",crash,0
2026-07-26T07:56:26Z,787d526,"mooneye/acceptance","mooneye/acceptance/div_timing.gb",crash,0
2026-07-26T07:56:26Z,787d526,"mooneye/acceptance","mooneye/acceptance/ei_sequence.gb",crash,0
2026-07-26T07:56:26Z,787d526,"mooneye/acceptance","mooneye/acceptance/ei_timing.gb",crash,0
2026-07-26T07:56:26Z,787d526,"mooneye/acceptance","mooneye/acceptance/halt_ime0_ei.gb",crash,0
2026-07-26T07:56:26Z,787d526,"mooneye/acceptance","mooneye/acceptance/halt_ime0_nointr_timing.gb",crash,0
2026-07-26T07:56:26Z,787d526,"mooneye/acceptance","mooneye/acceptance/halt_ime1_timing2-GS.gb",crash,0
2026-07-26T07:56:26Z,787d526,"mooneye/acceptance","mooneye/acceptance/halt_ime1_timing.gb",crash,0
2026-07-26T07:56:26Z,787d526,"mooneye/acceptance","mooneye/acceptance/if_ie_registers.gb",crash,0
2026-07-26T07:56:26Z,787d526,"mooneye/acceptance","mooneye/acceptance/instr/daa.gb",crash,0
2026-07-26T07:56:26Z,787d526,"mooneye/acceptance","mooneye/acceptance/interrupts/ie_push.gb",crash,0
2026-07-26T07:56:26Z,787d526,"mooneye/acceptance","mooneye/acceptance/intr_timing.gb",crash,0
2026-07-26T07:56:26Z,787d526,"mooneye/acceptance","mooneye/acceptance/jp_cc_timing.gb",crash,0
2026-07-26T07:56:26Z,787d526,"mooneye/acceptance","mooneye/acceptance/jp_timing.gb",crash,0
2026-07-26T07:56:26Z,787d526,"mooneye/acceptance","mooneye/acceptance/ld_hl_sp_e_timing.gb",crash,0
2026-07-26T07:56:26Z,787d526,"mooneye/acceptance","mooneye/acceptance/oam_dma/basic.gb",crash,0
2026-07-26T07:56:26Z,787d526,"mooneye/acceptance","mooneye/acceptance/oam_dma/reg_read.gb",crash,0
2026-07-26T07:56:26Z,787d526,"mooneye/acceptance","mooneye/acceptance/oam_dma_restart.gb",crash,0
2026-07-26T07:56:26Z,787d526,"mooneye/acceptance","mooneye/acceptance/oam_dma/sources-GS.gb",crash,0
2026-07-26T07:56:26Z,787d526,"mooneye/acceptance","mooneye/acceptance/oam_dma_start.gb",crash,0
2026-07-26T07:56:26Z,787d526,"mooneye/acceptance","mooneye/acceptance/oam_dma_timing.gb",crash,0
2026-07-26T07:56:26Z,787d526,"mooneye/acceptance","mooneye/acceptance/pop_timing.gb",crash,0
2026-07-26T07:56:26Z,787d526,"mooneye/acceptance","mooneye/acceptance/ppu/hblank_ly_scx_timing-GS.gb",crash,0
2026-07-26T07:56:26Z,787d526,"mooneye/acceptance","mooneye/acceptance/ppu/intr_1_2_timing-GS.gb",crash,0
2026-07-26T07:56:26Z,787d526,"mooneye/acceptance","mooneye/acceptance/ppu/intr_2_0_timing.gb",crash,0
2026-07-26T07:56:26Z,787d526,"mooneye/acceptance","mooneye/acceptance/ppu/intr_2_mode0_timing.gb",crash,0
2026-07-26T07:56:26Z,787d526,"mooneye/acceptance","mooneye/acceptance/ppu/intr_2_mode0_timing_sprites.gb",crash,0
2026-07-26T07:56:26Z,787d526,"mooneye/acceptance","mooneye/acceptance/ppu/intr_2_mode3_timing.gb",crash,0
2026-07-26T07:56:26Z,787d526,"mooneye/acceptance","mooneye/acceptance/ppu/intr_2_oam_ok_timing.gb",crash,0
2026-07-26T07:56:26Z,787d526,"mooneye/acceptance","mooneye/acceptance/ppu/lcdon_timing-GS.gb",crash,0
2026-07-26T07:56:26Z,787d526,"mooneye/acceptance","mooneye/acceptance/ppu/lcdon_write_timing-GS.gb",crash,0
2026-07-26T07:56:26Z,787d526,"mooneye/acceptance","mooneye/acceptance/ppu/stat_irq_blocking.gb",crash,0
2026-07-26T07:56:26Z,787d526,"mooneye/acceptance","mooneye/acceptance/ppu/stat_lyc_onoff.gb",crash,0
2026-07-26T07:56:26Z,787d526,"mooneye/acceptance","mooneye/acceptance/ppu/vblank_stat_intr-GS.gb",crash,0
2026-07-26T07:56:26Z,787d526,"mooneye/acceptance","mooneye/acceptance/push_timing.gb",crash,0
2026-07-26T07:56:26Z,787d526,"mooneye/acceptance","mooneye/acceptance/rapid_di_ei.gb",crash,0
2026-07-26T07:56:26Z,787d526,"mooneye/acceptance","mooneye/acceptance/ret_cc_timing.gb",crash,0
2026-07-26T07:56:26Z,787d526,"mooneye/acceptance","mooneye/acceptance/reti_intr_timing.gb",crash,0
2026-07-26T07:56:26Z,787d526,"mooneye/acceptance","mooneye/acceptance/reti_timing.gb",crash,0
2026-07-26T07:56:26Z,787d526,"mooneye/acceptance","mooneye/acceptance/ret_timing.gb",crash,0
2026-07-26T07:56:26Z,787d526,"mooneye/acceptance","mooneye/acceptance/rst_timing.gb",crash,0
2026-07-26T07:56:26Z,787d526,"mooneye/acceptance","mooneye/acceptance/serial/boot_sclk_align-dmgABCmgb.gb",crash,0
2026-07-26T07:56:26Z,787d526,"mooneye/acceptance","mooneye/acceptance/timer/div_write.gb",crash,0
2026-07-26T07:56:26Z,787d526,"mooneye/acceptance","mooneye/acceptance/timer/rapid_toggle.gb",crash,0
2026-07-26T07:56:26Z,787d526,"mooneye/acceptance","mooneye/acceptance/timer/tim00_div_trigger.gb",crash,0
2026-07-26T07:56:26Z,787d526,"mooneye/acceptance","mooneye/acceptance/timer/tim00.gb",crash,0
2026-07-26T07:56:26Z,787d526,"mooneye/acceptance","mooneye/acceptance/timer/tim01_div_trigger.gb",crash,0
2026-07-26T07:56:26Z,787d526,"mooneye/acceptance","mooneye/acceptance/timer/tim01.gb",crash,0
2026-07-26T07:56:26Z,787d526,"mooneye/acceptance","mooneye/acceptance/timer/tim10_div_trigger.gb",crash,0
2026-07-26T07:56:26Z,787d526,"mooneye/acceptance","mooneye/acceptance/timer/tim10.gb",crash,0
2026-07-26T07:56:26Z,787d526,"mooneye/acceptance","mooneye/acceptance/timer/tim11_div_trigger.gb",crash,0
2026-07-26T07:56:26Z,787d526,"mooneye/acceptance","mooneye/acceptance/timer/tim11.gb",crash,0
2026-07-26T07:56:26Z,787d526,"mooneye/acceptance","mooneye/acceptance/timer/tima_reload.gb",crash,0
2026-07-26T07:56:26Z,787d526,"mooneye/acceptance","mooneye/acceptance/timer/tima_write_reloading.gb",crash,0
2026-07-26T07:56:26Z,787d526,"mooneye/acceptance","mooneye/acceptance/timer/tma_write_reloading.gb",crash,0
2026-07-26T08:12:57Z,d93ed41,"blargg/cpu_instrs","blargg/cpu_instrs/cpu_instrs.gb",crash,0
2026-07-26T08:12:57Z,d93ed41,"blargg/cpu_instrs","blargg/cpu_instrs/individual/01-special.gb",crash,0
2026-07-26T08:12:57Z,d93ed41,"blargg/cpu_instrs","blargg/cpu_instrs/individual/02-interrupts.gb",crash,0
2026-07-26T08:12:57Z,d93ed41,"blargg/cpu_instrs","blargg/cpu_instrs/individual/03-op sp,hl.gb",crash,0
2026-07-26T08:12:57Z,d93ed41,"blargg/cpu_instrs","blargg/cpu_instrs/individual/04-op r,imm.gb",crash,0
2026-07-26T08:12:57Z,d93ed41,"blargg/cpu_instrs","blargg/cpu_instrs/individual/05-op rp.gb",crash,0
2026-07-26T08:12:57Z,d93ed41,"blargg/cpu_instrs","blargg/cpu_instrs/individual/06-ld r,r.gb",crash,0
2026-07-26T08:12:57Z,d93ed41,"blargg/cpu_instrs","blargg/cpu_instrs/individual/07-jr,jp,call,ret,rst.gb",crash,0
2026-07-26T08:12:57Z,d93ed41,"blargg/cpu_instrs","blargg/cpu_instrs/individual/08-misc instrs.gb",crash,0
2026-07-26T08:12:57Z,d93ed41,"blargg/cpu_instrs","blargg/cpu_instrs/individual/09-op r,r.gb",crash,0
2026-07-26T08:12:57Z,d93ed41,"blargg/cpu_instrs","blargg/cpu_instrs/individual/10-bit ops.gb",crash,0
2026-07-26T08:12:57Z,d93ed41,"blargg/cpu_instrs","blargg/cpu_instrs/individual/11-op a,(hl).gb",crash,0
2026-07-26T08:12:57Z,d93ed41,"blargg/dmg_sound","blargg/dmg_sound/dmg_sound.gb",crash,0
2026-07-26T08:12:57Z,d93ed41,"blargg/dmg_sound","blargg/dmg_sound/rom_singles/01-registers.gb",crash,0
2026-07-26T08:12:57Z,d93ed41,"blargg/dmg_sound","blargg/dmg_sound/rom_singles/02-len ctr.gb",crash,0
2026-07-26T08:12:57Z,d93ed41,"blargg/dmg_sound","blargg/dmg_sound/rom_singles/03-trigger.gb",crash,0
2026-07-26T08:12:57Z,d93ed41,"blargg/dmg_sound","blargg/dmg_sound/rom_singles/04-sweep.gb",crash,0
2026-07-26T08:12:57Z,d93ed41,"blargg/dmg_sound","blargg/dmg_sound/rom_singles/05-sweep details.gb",crash,0
2026-07-26T08:12:57Z,d93ed41,"blargg/dmg_sound","blargg/dmg_sound/rom_singles/06-overflow on trigger.gb",crash,0
2026-07-26T08:12:57Z,d93ed41,"blargg/dmg_sound","blargg/dmg_sound/rom_singles/07-len sweep period sync.gb",crash,0
2026-07-26T08:12:57Z,d93ed41,"blargg/dmg_sound","blargg/dmg_sound/rom_singles/08-len ctr during power.gb",crash,0
2026-07-26T08:12:57Z,d93ed41,"blargg/dmg_sound","blargg/dmg_sound/rom_singles/09-wave read while on.gb",crash,0
2026-07-26T08:12:57Z,d93ed41,"blargg/dmg_sound","blargg/dmg_sound/rom_singles/10-wave trigger while on.gb",crash,0
2026-07-26T08:12:57Z,d93ed41,"blargg/dmg_sound","blargg/dmg_sound/rom_singles/11-regs after power.gb",crash,0
2026-07-26T08:12:57Z,d93ed41,"blargg/dmg_sound","blargg/dmg_sound/rom_singles/12-wave write while on.gb",crash,0
2026-07-26T08:12:57Z,d93ed41,"blargg/halt_bug","blargg/halt_bug.gb",crash,0
2026-07-26T08:12:57Z,d93ed41,"blargg/instr_timing","blargg/instr_timing/instr_timing.gb",crash,0
2026-07-26T08:12:57Z,d93ed41,"blargg/interrupt_time","blargg/interrupt_time/interrupt_time.gb",crash,0
2026-07-26T08:12:57Z,d93ed41,"blargg/mem_timing-2","blargg/mem_timing-2/mem_timing.gb",crash,0
2026-07-26T08:12:57Z,d93ed41,"blargg/mem_timing-2","blargg/mem_timing-2/rom_singles/01-read_timing.gb",crash,0
2026-07-26T08:12:57Z,d93ed41,"blargg/mem_timing-2","blargg/mem_timing-2/rom_singles/02-write_timing.gb",crash,0
2026-07-26T08:12:57Z,d93ed41,"blargg/mem_timing-2","blargg/mem_timing-2/rom_singles/03-modify_timing.gb",crash,0
2026-07-26T08:12:57Z,d93ed41,"blargg/mem_timing","blargg/mem_timing/individual/01-read_timing.gb",crash,0
2026-07-26T08:12:57Z,d93ed41,"blargg/mem_timing","blargg/mem_timing/individual/02-write_timing.gb",crash,0
2026-07-26T08:12:57Z,d93ed41,"blargg/mem_timing","blargg/mem_timing/individual/03-modify_timing.gb",crash,0
2026-07-26T08:12:57Z,d93ed41,"blargg/mem_timing","blargg/mem_timing/mem_timing.gb",crash,0
2026-07-26T08:12:57Z,d93ed41,"blargg/oam_bug","blargg/oam_bug/oam_bug.gb",crash,0
2026-07-26T08:12:57Z,d93ed41,"blargg/oam_bug","blargg/oam_bug/rom_singles/1-lcd_sync.gb",crash,0
2026-07-26T08:12:57Z,d93ed41,"blargg/oam_bug","blargg/oam_bug/rom_singles/2-causes.gb",crash,0
2026-07-26T08:12:57Z,d93ed41,"blargg/oam_bug","blargg/oam_bug/rom_singles/3-non_causes.gb",crash,0
2026-07-26T08:12:57Z,d93ed41,"blargg/oam_bug","blargg/oam_bug/rom_singles/4-scanline_timing.gb",crash,0
2026-07-26T08:12:57Z,d93ed41,"blargg/oam_bug","blargg/oam_bug/rom_singles/5-timing_bug.gb",crash,0
2026-07-26T08:12:57Z,d93ed41,"blargg/oam_bug","blargg/oam_bug/rom_singles/6-timing_no_bug.gb",crash,0
2026-07-26T08:12:57Z,d93ed41,"blargg/oam_bug","blargg/oam_bug/rom_singles/7-timing_effect.gb",crash,0
2026-07-26T08:12:57Z,d93ed41,"blargg/oam_bug","blargg/oam_bug/rom_singles/8-instr_effect.gb",crash,0
2026-07-26T08:12:57Z,d93ed41,"dmg-acid2","dmg-acid2/dmg-acid2.gb",crash,0
2026-07-26T08:12:57Z,d93ed41,"mooneye/acceptance","mooneye/acceptance/add_sp_e_timing.gb",crash,0
2026-07-26T08:12:57Z,d93ed41,"mooneye/acceptance","mooneye/acceptance/bits/mem_oam.gb",crash,0
2026-07-26T08:12:57Z,d93ed41,"mooneye/acceptance","mooneye/acceptance/bits/reg_f.gb",crash,0
2026-07-26T08:12:57Z,d93ed41,"mooneye/acceptance","mooneye/acceptance/bits/unused_hwio-GS.gb",crash,0
2026-07-26T08:12:57Z,d93ed41,"mooneye/acceptance-nondmg","mooneye/acceptance/boot_div2-S.gb",crash,0
2026-07-26T08:12:57Z,d93ed41,"mooneye/acceptance-nondmg","mooneye/acceptance/boot_div-dmg0.gb",crash,0
2026-07-26T08:12:57Z,d93ed41,"mooneye/acceptance","mooneye/acceptance/boot_div-dmgABCmgb.gb",crash,0
2026-07-26T08:12:57Z,d93ed41,"mooneye/acceptance-nondmg","mooneye/acceptance/boot_div-S.gb",crash,0
2026-07-26T08:12:57Z,d93ed41,"mooneye/acceptance-nondmg","mooneye/acceptance/boot_hwio-dmg0.gb",crash,0
2026-07-26T08:12:57Z,d93ed41,"mooneye/acceptance","mooneye/acceptance/boot_hwio-dmgABCmgb.gb",crash,0
2026-07-26T08:12:57Z,d93ed41,"mooneye/acceptance-nondmg","mooneye/acceptance/boot_hwio-S.gb",crash,0
2026-07-26T08:12:57Z,d93ed41,"mooneye/acceptance-nondmg","mooneye/acceptance/boot_regs-dmg0.gb",crash,0
2026-07-26T08:12:57Z,d93ed41,"mooneye/acceptance","mooneye/acceptance/boot_regs-dmgABC.gb",crash,0
2026-07-26T08:12:57Z,d93ed41,"mooneye/acceptance-nondmg","mooneye/acceptance/boot_regs-mgb.gb",crash,0
2026-07-26T08:12:57Z,d93ed41,"mooneye/acceptance-nondmg","mooneye/acceptance/boot_regs-sgb2.gb",crash,0
2026-07-26T08:12:57Z,d93ed41,"mooneye/acceptance-nondmg","mooneye/acceptance/boot_regs-sgb.gb",crash,0
2026-07-26T08:12:57Z,d93ed41,"mooneye/acceptance","mooneye/acceptance/call_cc_timing2.gb",crash,0
2026-07-26T08:12:57Z,d93ed41,"mooneye/acceptance","mooneye/acceptance/call_cc_timing.gb",crash,0
2026-07-26T08:12:57Z,d93ed41,"mooneye/acceptance","mooneye/acceptance/call_timing2.gb",crash,0
2026-07-26T08:12:57Z,d93ed41,"mooneye/acceptance","mooneye/acceptance/call_timing.gb",crash,0
2026-07-26T08:12:57Z,d93ed41,"mooneye/acceptance","mooneye/acceptance/di_timing-GS.gb",crash,0
2026-07-26T08:12:57Z,d93ed41,"mooneye/acceptance","mooneye/acceptance/div_timing.gb",crash,0
2026-07-26T08:12:57Z,d93ed41,"mooneye/acceptance","mooneye/acceptance/ei_sequence.gb",crash,0
2026-07-26T08:12:57Z,d93ed41,"mooneye/acceptance","mooneye/acceptance/ei_timing.gb",crash,0
2026-07-26T08:12:57Z,d93ed41,"mooneye/acceptance","mooneye/acceptance/halt_ime0_ei.gb",crash,0
2026-07-26T08:12:57Z,d93ed41,"mooneye/acceptance","mooneye/acceptance/halt_ime0_nointr_timing.gb",crash,0
2026-07-26T08:12:57Z,d93ed41,"mooneye/acceptance","mooneye/acceptance/halt_ime1_timing2-GS.gb",crash,0
2026-07-26T08:12:57Z,d93ed41,"mooneye/acceptance","mooneye/acceptance/halt_ime1_timing.gb",crash,0
2026-07-26T08:12:57Z,d93ed41,"mooneye/acceptance","mooneye/acceptance/if_ie_registers.gb",crash,0
2026-07-26T08:12:57Z,d93ed41,"mooneye/acceptance","mooneye/acceptance/instr/daa.gb",crash,0
2026-07-26T08:12:57Z,d93ed41,"mooneye/acceptance","mooneye/acceptance/interrupts/ie_push.gb",crash,0
2026-07-26T08:12:57Z,d93ed41,"mooneye/acceptance","mooneye/acceptance/intr_timing.gb",crash,0
2026-07-26T08:12:57Z,d93ed41,"mooneye/acceptance","mooneye/acceptance/jp_cc_timing.gb",crash,0
2026-07-26T08:12:57Z,d93ed41,"mooneye/acceptance","mooneye/acceptance/jp_timing.gb",crash,0
2026-07-26T08:12:57Z,d93ed41,"mooneye/acceptance","mooneye/acceptance/ld_hl_sp_e_timing.gb",crash,0
2026-07-26T08:12:57Z,d93ed41,"mooneye/acceptance","mooneye/acceptance/oam_dma/basic.gb",crash,0
2026-07-26T08:12:57Z,d93ed41,"mooneye/acceptance","mooneye/acceptance/oam_dma/reg_read.gb",crash,0
2026-07-26T08:12:57Z,d93ed41,"mooneye/acceptance","mooneye/acceptance/oam_dma_restart.gb",crash,0
2026-07-26T08:12:57Z,d93ed41,"mooneye/acceptance","mooneye/acceptance/oam_dma/sources-GS.gb",crash,0
2026-07-26T08:12:57Z,d93ed41,"mooneye/acceptance","mooneye/acceptance/oam_dma_start.gb",crash,0
2026-07-26T08:12:57Z,d93ed41,"mooneye/acceptance","mooneye/acceptance/oam_dma_timing.gb",crash,0
2026-07-26T08:12:57Z,d93ed41,"mooneye/acceptance","mooneye/acceptance/pop_timing.gb",crash,0
2026-07-26T08:12:57Z,d93ed41,"mooneye/acceptance","mooneye/acceptance/ppu/hblank_ly_scx_timing-GS.gb",crash,0
2026-07-26T08:12:57Z,d93ed41,"mooneye/acceptance","mooneye/acceptance/ppu/intr_1_2_timing-GS.gb",crash,0
2026-07-26T08:12:57Z,d93ed41,"mooneye/acceptance","mooneye/acceptance/ppu/intr_2_0_timing.gb",crash,0
2026-07-26T08:12:57Z,d93ed41,"mooneye/acceptance","mooneye/acceptance/ppu/intr_2_mode0_timing.gb",crash,0
2026-07-26T08:12:57Z,d93ed41,"mooneye/acceptance","mooneye/acceptance/ppu/intr_2_mode0_timing_sprites.gb",crash,0
2026-07-26T08:12:57Z,d93ed41,"mooneye/acceptance","mooneye/acceptance/ppu/intr_2_mode3_timing.gb",crash,0
2026-07-26T08:12:57Z,d93ed41,"mooneye/acceptance","mooneye/acceptance/ppu/intr_2_oam_ok_timing.gb",crash,0
2026-07-26T08:12:57Z,d93ed41,"mooneye/acceptance","mooneye/acceptance/ppu/lcdon_timing-GS.gb",crash,0
2026-07-26T08:12:57Z,d93ed41,"mooneye/acceptance","mooneye/acceptance/ppu/lcdon_write_timing-GS.gb",crash,0
2026-07-26T08:12:57Z,d93ed41,"mooneye/acceptance","mooneye/acceptance/ppu/stat_irq_blocking.gb",crash,0
2026-07-26T08:12:57Z,d93ed41,"mooneye/acceptance","mooneye/acceptance/ppu/stat_lyc_onoff.gb",crash,0
2026-07-26T08:12:57Z,d93ed41,"mooneye/acceptance","mooneye/acceptance/ppu/vblank_stat_intr-GS.gb",crash,0
2026-07-26T08:12:57Z,d93ed41,"mooneye/acceptance","mooneye/acceptance/push_timing.gb",crash,0
2026-07-26T08:12:57Z,d93ed41,"mooneye/acceptance","mooneye/acceptance/rapid_di_ei.gb",crash,0
2026-07-26T08:12:57Z,d93ed41,"mooneye/acceptance","mooneye/acceptance/ret_cc_timing.gb",crash,0
2026-07-26T08:12:57Z,d93ed41,"mooneye/acceptance","mooneye/acceptance/reti_intr_timing.gb",crash,0
2026-07-26T08:12:57Z,d93ed41,"mooneye/acceptance","mooneye/acceptance/reti_timing.gb",crash,0
2026-07-26T08:12:57Z,d93ed41,"mooneye/acceptance","mooneye/acceptance/ret_timing.gb",crash,0
2026-07-26T08:12:57Z,d93ed41,"mooneye/acceptance","mooneye/acceptance/rst_timing.gb",crash,0
2026-07-26T08:12:57Z,d93ed41,"mooneye/acceptance","mooneye/acceptance/serial/boot_sclk_align-dmgABCmgb.gb",crash,0
2026-07-26T08:12:57Z,d93ed41,"mooneye/acceptance","mooneye/acceptance/timer/div_write.gb",crash,0
2026-07-26T08:12:57Z,d93ed41,"mooneye/acceptance","mooneye/acceptance/timer/rapid_toggle.gb",crash,0
2026-07-26T08:12:57Z,d93ed41,"mooneye/acceptance","mooneye/acceptance/timer/tim00_div_trigger.gb",crash,0
2026-07-26T08:12:57Z,d93ed41,"mooneye/acceptance","mooneye/acceptance/timer/tim00.gb",crash,0
2026-07-26T08:12:57Z,d93ed41,"mooneye/acceptance","mooneye/acceptance/timer/tim01_div_trigger.gb",crash,0
2026-07-26T08:12:57Z,d93ed41,"mooneye/acceptance","mooneye/acceptance/timer/tim01.gb",crash,0
2026-07-26T08:12:57Z,d93ed41,"mooneye/acceptance","mooneye/acceptance/timer/tim10_div_trigger.gb",crash,0
2026-07-26T08:12:57Z,d93ed41,"mooneye/acceptance","mooneye/acceptance/timer/tim10.gb",crash,0
2026-07-26T08:12:57Z,d93ed41,"mooneye/acceptance","mooneye/acceptance/timer/tim11_div_trigger.gb",crash,0
2026-07-26T08:12:57Z,d93ed41,"mooneye/acceptance","mooneye/acceptance/timer/tim11.gb",crash,0
2026-07-26T08:12:57Z,d93ed41,"mooneye/acceptance","mooneye/acceptance/timer/tima_reload.gb",crash,0
2026-07-26T08:12:57Z,d93ed41,"mooneye/acceptance","mooneye/acceptance/timer/tima_write_reloading.gb",crash,0
2026-07-26T08:12:57Z,d93ed41,"mooneye/acceptance","mooneye/acceptance/timer/tma_write_reloading.gb",crash,0
2026-07-26T08:45:37Z,e5e4df7,"blargg/cpu_instrs","blargg/cpu_instrs/cpu_instrs.gb",crash,0
2026-07-26T08:45:37Z,e5e4df7,"blargg/cpu_instrs","blargg/cpu_instrs/individual/01-special.gb",crash,0
2026-07-26T08:45:37Z,e5e4df7,"blargg/cpu_instrs","blargg/cpu_instrs/individual/02-interrupts.gb",crash,0
2026-07-26T08:45:37Z,e5e4df7,"blargg/cpu_instrs","blargg/cpu_instrs/individual/03-op sp,hl.gb",crash,0
2026-07-26T08:45:37Z,e5e4df7,"blargg/cpu_instrs","blargg/cpu_instrs/individual/04-op r,imm.gb",crash,0
2026-07-26T08:45:37Z,e5e4df7,"blargg/cpu_instrs","blargg/cpu_instrs/individual/05-op rp.gb",crash,0
2026-07-26T08:45:37Z,e5e4df7,"blargg/cpu_instrs","blargg/cpu_instrs/individual/06-ld r,r.gb",crash,0
2026-07-26T08:45:37Z,e5e4df7,"blargg/cpu_instrs","blargg/cpu_instrs/individual/07-jr,jp,call,ret,rst.gb",crash,0
2026-07-26T08:45:37Z,e5e4df7,"blargg/cpu_instrs","blargg/cpu_instrs/individual/08-misc instrs.gb",crash,0
2026-07-26T08:45:37Z,e5e4df7,"blargg/cpu_instrs","blargg/cpu_instrs/individual/09-op r,r.gb",crash,0
2026-07-26T08:45:37Z,e5e4df7,"blargg/cpu_instrs","blargg/cpu_instrs/individual/10-bit ops.gb",crash,0
2026-07-26T08:45:37Z,e5e4df7,"blargg/cpu_instrs","blargg/cpu_instrs/individual/11-op a,(hl).gb",crash,0
2026-07-26T08:45:37Z,e5e4df7,"blargg/dmg_sound","blargg/dmg_sound/dmg_sound.gb",crash,0
2026-07-26T08:45:37Z,e5e4df7,"blargg/dmg_sound","blargg/dmg_sound/rom_singles/01-registers.gb",crash,0
2026-07-26T08:45:37Z,e5e4df7,"blargg/dmg_sound","blargg/dmg_sound/rom_singles/02-len ctr.gb",crash,0
2026-07-26T08:45:37Z,e5e4df7,"blargg/dmg_sound","blargg/dmg_sound/rom_singles/03-trigger.gb",crash,0
2026-07-26T08:45:37Z,e5e4df7,"blargg/dmg_sound","blargg/dmg_sound/rom_singles/04-sweep.gb",crash,0
2026-07-26T08:45:37Z,e5e4df7,"blargg/dmg_sound","blargg/dmg_sound/rom_singles/05-sweep details.gb",crash,0
2026-07-26T08:45:37Z,e5e4df7,"blargg/dmg_sound","blargg/dmg_sound/rom_singles/06-overflow on trigger.gb",crash,0
2026-07-26T08:45:37Z,e5e4df7,"blargg/dmg_sound","blargg/dmg_sound/rom_singles/07-len sweep period sync.gb",crash,0
2026-07-26T08:45:37Z,e5e4df7,"blargg/dmg_sound","blargg/dmg_sound/rom_singles/08-len ctr during power.gb",crash,0
2026-07-26T08:45:37Z,e5e4df7,"blargg/dmg_sound","blargg/dmg_sound/rom_singles/09-wave read while on.gb",crash,0
2026-07-26T08:45:37Z,e5e4df7,"blargg/dmg_sound","blargg/dmg_sound/rom_singles/10-wave trigger while on.gb",crash,0
2026-07-26T08:45:37Z,e5e4df7,"blargg/dmg_sound","blargg/dmg_sound/rom_singles/11-regs after power.gb",crash,0
2026-07-26T08:45:37Z,e5e4df7,"blargg/dmg_sound","blargg/dmg_sound/rom_singles/12-wave write while on.gb",crash,0
2026-07-26T08:45:37Z,e5e4df7,"blargg/halt_bug","blargg/halt_bug.gb",crash,0
2026-07-26T08:45:37Z,e5e4df7,"blargg/instr_timing","blargg/instr_timing/instr_timing.gb",crash,0
2026-07-26T08:45:37Z,e5e4df7,"blargg/interrupt_time","blargg/interrupt_time/interrupt_time.gb",crash,0
2026-07-26T08:45:37Z,e5e4df7,"blargg/mem_timing-2","blargg/mem_timing-2/mem_timing.gb",crash,0
2026-07-26T08:45:37Z,e5e4df7,"blargg/mem_timing-2","blargg/mem_timing-2/rom_singles/01-read_timing.gb",crash,0
2026-07-26T08:45:37Z,e5e4df7,"blargg/mem_timing-2","blargg/mem_timing-2/rom_singles/02-write_timing.gb",crash,0
2026-07-26T08:45:37Z,e5e4df7,"blargg/mem_timing-2","blargg/mem_timing-2/rom_singles/03-modify_timing.gb",crash,0
2026-07-26T08:45:37Z,e5e4df7,"blargg/mem_timing","blargg/mem_timing/individual/01-read_timing.gb",crash,0
2026-07-26T08:45:37Z,e5e4df7,"blargg/mem_timing","blargg/mem_timing/individual/02-write_timing.gb",crash,0
2026-07-26T08:45:37Z,e5e4df7,"blargg/mem_timing","blargg/mem_timing/individual/03-modify_timing.gb",crash,0
2026-07-26T08:45:37Z,e5e4df7,"blargg/mem_timing","blargg/mem_timing/mem_timing.gb",crash,0
2026-07-26T08:45:37Z,e5e4df7,"blargg/oam_bug","blargg/oam_bug/oam_bug.gb",crash,0
2026-07-26T08:45:37Z,e5e4df7,"blargg/oam_bug","blargg/oam_bug/rom_singles/1-lcd_sync.gb",crash,0
2026-07-26T08:45:37Z,e5e4df7,"blargg/oam_bug","blargg/oam_bug/rom_singles/2-causes.gb",crash,0
2026-07-26T08:45:37Z,e5e4df7,"blargg/oam_bug","blargg/oam_bug/rom_singles/3-non_causes.gb",crash,0
2026-07-26T08:45:37Z,e5e4df7,"blargg/oam_bug","blargg/oam_bug/rom_singles/4-scanline_timing.gb",crash,0
2026-07-26T08:45:37Z,e5e4df7,"blargg/oam_bug","blargg/oam_bug/rom_singles/5-timing_bug.gb",crash,0
2026-07-26T08:45:37Z,e5e4df7,"blargg/oam_bug","blargg/oam_bug/rom_singles/6-timing_no_bug.gb",crash,0
2026-07-26T08:45:37Z,e5e4df7,"blargg/oam_bug","blargg/oam_bug/rom_singles/7-timing_effect.gb",crash,0
2026-07-26T08:45:37Z,e5e4df7,"blargg/oam_bug","blargg/oam_bug/rom_singles/8-instr_effect.gb",crash,0
2026-07-26T08:45:37Z,e5e4df7,"dmg-acid2","dmg-acid2/dmg-acid2.gb",crash,0
2026-07-26T08:45:37Z,e5e4df7,"mooneye/acceptance","mooneye/acceptance/add_sp_e_timing.gb",crash,0
2026-07-26T08:45:37Z,e5e4df7,"mooneye/acceptance","mooneye/acceptance/bits/mem_oam.gb",crash,0
2026-07-26T08:45:37Z,e5e4df7,"mooneye/acceptance","mooneye/acceptance/bits/reg_f.gb",crash,0
2026-07-26T08:45:37Z,e5e4df7,"mooneye/acceptance","mooneye/acceptance/bits/unused_hwio-GS.gb",crash,0
2026-07-26T08:45:37Z,e5e4df7,"mooneye/acceptance-nondmg","mooneye/acceptance/boot_div2-S.gb",crash,0
2026-07-26T08:45:37Z,e5e4df7,"mooneye/acceptance-nondmg","mooneye/acceptance/boot_div-dmg0.gb",crash,0
2026-07-26T08:45:37Z,e5e4df7,"mooneye/acceptance","mooneye/acceptance/boot_div-dmgABCmgb.gb",crash,0
2026-07-26T08:45:37Z,e5e4df7,"mooneye/acceptance-nondmg","mooneye/acceptance/boot_div-S.gb",crash,0
2026-07-26T08:45:37Z,e5e4df7,"mooneye/acceptance-nondmg","mooneye/acceptance/boot_hwio-dmg0.gb",crash,0
2026-07-26T08:45:37Z,e5e4df7,"mooneye/acceptance","mooneye/acceptance/boot_hwio-dmgABCmgb.gb",crash,0
2026-07-26T08:45:37Z,e5e4df7,"mooneye/acceptance-nondmg","mooneye/acceptance/boot_hwio-S.gb",crash,0
2026-07-26T08:45:37Z,e5e4df7,"mooneye/acceptance-nondmg","mooneye/acceptance/boot_regs-dmg0.gb",crash,0
2026-07-26T08:45:37Z,e5e4df7,"mooneye/acceptance","mooneye/acceptance/boot_regs-dmgABC.gb",crash,0
2026-07-26T08:45:37Z,e5e4df7,"mooneye/acceptance-nondmg","mooneye/acceptance/boot_regs-mgb.gb",crash,0
2026-07-26T08:45:37Z,e5e4df7,"mooneye/acceptance-nondmg","mooneye/acceptance/boot_regs-sgb2.gb",crash,0
2026-07-26T08:45:37Z,e5e4df7,"mooneye/acceptance-nondmg","mooneye/acceptance/boot_regs-sgb.gb",crash,0
2026-07-26T08:45:37Z,e5e4df7,"mooneye/acceptance","mooneye/acceptance/call_cc_timing2.gb",crash,0
2026-07-26T08:45:37Z,e5e4df7,"mooneye/acceptance","mooneye/acceptance/call_cc_timing.gb",crash,0
2026-07-26T08:45:37Z,e5e4df7,"mooneye/acceptance","mooneye/acceptance/call_timing2.gb",crash,0
2026-07-26T08:45:37Z,e5e4df7,"mooneye/acceptance","mooneye/acceptance/call_timing.gb",crash,0
2026-07-26T08:45:37Z,e5e4df7,"mooneye/acceptance","mooneye/acceptance/di_timing-GS.gb",crash,0
2026-07-26T08:45:37Z,e5e4df7,"mooneye/acceptance","mooneye/acceptance/div_timing.gb",crash,0
2026-07-26T08:45:37Z,e5e4df7,"mooneye/acceptance","mooneye/acceptance/ei_sequence.gb",crash,0
2026-07-26T08:45:37Z,e5e4df7,"mooneye/acceptance","mooneye/acceptance/ei_timing.gb",crash,0
2026-07-26T08:45:37Z,e5e4df7,"mooneye/acceptance","mooneye/acceptance/halt_ime0_ei.gb",crash,0
2026-07-26T08:45:37Z,e5e4df7,"mooneye/acceptance","mooneye/acceptance/halt_ime0_nointr_timing.gb",crash,0
2026-07-26T08:45:37Z,e5e4df7,"mooneye/acceptance","mooneye/acceptance/halt_ime1_timing2-GS.gb",crash,0
2026-07-26T08:45:37Z,e5e4df7,"mooneye/acceptance","mooneye/acceptance/halt_ime1_timing.gb",crash,0
2026-07-26T08:45:37Z,e5e4df7,"mooneye/acceptance","mooneye/acceptance/if_ie_registers.gb",crash,0
2026-07-26T08:45:37Z,e5e4df7,"mooneye/acceptance","mooneye/acceptance/instr/daa.gb",crash,0
2026-07-26T08:45:37Z,e5e4df7,"mooneye/acceptance","mooneye/acceptance/interrupts/ie_push.gb",crash,0
2026-07-26T08:45:37Z,e5e4df7,"mooneye/acceptance","mooneye/acceptance/intr_timing.gb",crash,0
2026-07-26T08:45:37Z,e5e4df7,"mooneye/acceptance","mooneye/acceptance/jp_cc_timing.gb",crash,0
2026-07-26T08:45:37Z,e5e4df7,"mooneye/acceptance","mooneye/acceptance/jp_timing.gb",crash,0
2026-07-26T08:45:37Z,e5e4df7,"mooneye/acceptance","mooneye/acceptance/ld_hl_sp_e_timing.gb",crash,0
2026-07-26T08:45:37Z,e5e4df7,"mooneye/acceptance","mooneye/acceptance/oam_dma/basic.gb",crash,0
2026-07-26T08:45:37Z,e5e4df7,"mooneye/acceptance","mooneye/acceptance/oam_dma/reg_read.gb",crash,0
2026-07-26T08:45:37Z,e5e4df7,"mooneye/acceptance","mooneye/acceptance/oam_dma_restart.gb",crash,0
2026-07-26T08:45:37Z,e5e4df7,"mooneye/acceptance","mooneye/acceptance/oam_dma/sources-GS.gb",crash,0
2026-07-26T08:45:37Z,e5e4df7,"mooneye/acceptance","mooneye/acceptance/oam_dma_start.gb",crash,0
2026-07-26T08:45:37Z,e5e4df7,"mooneye/acceptance","mooneye/acceptance/oam_dma_timing.gb",crash,0
2026-07-26T08:45:37Z,e5e4df7,"mooneye/acceptance","mooneye/acceptance/pop_timing.gb",crash,0
2026-07-26T08:45:37Z,e5e4df7,"mooneye/acceptance","mooneye/acceptance/ppu/hblank_ly_scx_timing-GS.gb",crash,0
2026-07-26T08:45:37Z,e5e4df7,"mooneye/acceptance","mooneye/acceptance/ppu/intr_1_2_timing-GS.gb",crash,0
2026-07-26T08:45:37Z,e5e4df7,"mooneye/acceptance","mooneye/acceptance/ppu/intr_2_0_timing.gb",crash,0
2026-07-26T08:45:37Z,e5e4df7,"mooneye/acceptance","mooneye/acceptance/ppu/intr_2_mode0_timing.gb",crash,0
2026-07-26T08:45:37Z,e5e4df7,"mooneye/acceptance","mooneye/acceptance/ppu/intr_2_mode0_timing_sprites.gb",crash,0
2026-07-26T08:45:37Z,e5e4df7,"mooneye/acceptance","mooneye/acceptance/ppu/intr_2_mode3_timing.gb",crash,0
2026-07-26T08:45:37Z,e5e4df7,"mooneye/acceptance","mooneye/acceptance/ppu/intr_2_oam_ok_timing.gb",crash,0
2026-07-26T08:45:37Z,e5e4df7,"mooneye/acceptance","mooneye/acceptance/ppu/lcdon_timing-GS.gb",crash,0
2026-07-26T08:45:37Z,e5e4df7,"mooneye/acceptance","mooneye/acceptance/ppu/lcdon_write_timing-GS.gb",crash,0
2026-07-26T08:45:37Z,e5e4df7,"mooneye/acceptance","mooneye/acceptance/ppu/stat_irq_blocking.gb",crash,0
2026-07-26T08:45:37Z,e5e4df7,"mooneye/acceptance","mooneye/acceptance/ppu/stat_lyc_onoff.gb",crash,0
2026-07-26T08:45:37Z,e5e4df7,"mooneye/acceptance","mooneye/acceptance/ppu/vblank_stat_intr-GS.gb",crash,0
2026-07-26T08:45:37Z,e5e4df7,"mooneye/acceptance","mooneye/acceptance/push_timing.gb",crash,0
2026-07-26T08:45:37Z,e5e4df7,"mooneye/acceptance","mooneye/acceptance/rapid_di_ei.gb",crash,0
2026-07-26T08:45:37Z,e5e4df7,"mooneye/acceptance","mooneye/acceptance/ret_cc_timing.gb",crash,0
2026-07-26T08:45:37Z,e5e4df7,"mooneye/acceptance","mooneye/acceptance/reti_intr_timing.gb",crash,0
2026-07-26T08:45:37Z,e5e4df7,"mooneye/acceptance","mooneye/acceptance/reti_timing.gb",crash,0
2026-07-26T08:45:37Z,e5e4df7,"mooneye/acceptance","mooneye/acceptance/ret_timing.gb",crash,0
2026-07-26T08:45:37Z,e5e4df7,"mooneye/acceptance","mooneye/acceptance/rst_timing.gb",crash,0
2026-07-26T08:45:37Z,e5e4df7,"mooneye/acceptance","mooneye/acceptance/serial/boot_sclk_align-dmgABCmgb.gb",crash,0
2026-07-26T08:45:37Z,e5e4df7,"mooneye/acceptance","mooneye/acceptance/timer/div_write.gb",crash,0
2026-07-26T08:45:37Z,e5e4df7,"mooneye/acceptance","mooneye/acceptance/timer/rapid_toggle.gb",crash,0
2026-07-26T08:45:37Z,e5e4df7,"mooneye/acceptance","mooneye/acceptance/timer/tim00_div_trigger.gb",crash,0
2026-07-26T08:45:37Z,e5e4df7,"mooneye/acceptance","mooneye/acceptance/timer/tim00.gb",crash,0
2026-07-26T08:45:37Z,e5e4df7,"mooneye/acceptance","mooneye/acceptance/timer/tim01_div_trigger.gb",crash,0
2026-07-26T08:45:37Z,e5e4df7,"mooneye/acceptance","mooneye/acceptance/timer/tim01.gb",crash,0
2026-07-26T08:45:37Z,e5e4df7,"mooneye/acceptance","mooneye/acceptance/timer/tim10_div_trigger.gb",crash,0
2026-07-26T08:45:37Z,e5e4df7,"mooneye/acceptance","mooneye/acceptance/timer/tim10.gb",crash,0
2026-07-26T08:45:37Z,e5e4df7,"mooneye/acceptance","mooneye/acceptance/timer/tim11_div_trigger.gb",crash,0
2026-07-26T08:45:37Z,e5e4df7,"mooneye/acceptance","mooneye/acceptance/timer/tim11.gb",crash,0
2026-07-26T08:45:37Z,e5e4df7,"mooneye/acceptance","mooneye/acceptance/timer/tima_reload.gb",crash,0
2026-07-26T08:45:37Z,e5e4df7,"mooneye/acceptance","mooneye/acceptance/timer/tima_write_reloading.gb",crash,0
2026-07-26T08:45:37Z,e5e4df7,"mooneye/acceptance","mooneye/acceptance/timer/tma_write_reloading.gb",crash,0
2026-07-26T09:03:03Z,a97449b,"blargg/cpu_instrs","blargg/cpu_instrs/cpu_instrs.gb",crash,0
2026-07-26T09:03:03Z,a97449b,"blargg/cpu_instrs","blargg/cpu_instrs/individual/01-special.gb",crash,0
2026-07-26T09:03:03Z,a97449b,"blargg/cpu_instrs","blargg/cpu_instrs/individual/02-interrupts.gb",crash,0
2026-07-26T09:03:03Z,a97449b,"blargg/cpu_instrs","blargg/cpu_instrs/individual/03-op sp,hl.gb",crash,0
2026-07-26T09:03:03Z,a97449b,"blargg/cpu_instrs","blargg/cpu_instrs/individual/04-op r,imm.gb",crash,0
2026-07-26T09:03:03Z,a97449b,"blargg/cpu_instrs","blargg/cpu_instrs/individual/05-op rp.gb",crash,0
2026-07-26T09:03:03Z,a97449b,"blargg/cpu_instrs","blargg/cpu_instrs/individual/06-ld r,r.gb",crash,0
2026-07-26T09:03:03Z,a97449b,"blargg/cpu_instrs","blargg/cpu_instrs/individual/07-jr,jp,call,ret,rst.gb",crash,0
2026-07-26T09:03:03Z,a97449b,"blargg/cpu_instrs","blargg/cpu_instrs/individual/08-misc instrs.gb",crash,0
2026-07-26T09:03:03Z,a97449b,"blargg/cpu_instrs","blargg/cpu_instrs/individual/09-op r,r.gb",crash,0
2026-07-26T09:03:03Z,a97449b,"blargg/cpu_instrs","blargg/cpu_instrs/individual/10-bit ops.gb",crash,0
2026-07-26T09:03:03Z,a97449b,"blargg/cpu_instrs","blargg/cpu_instrs/individual/11-op a,(hl).gb",crash,0
2026-07-26T09:03:03Z,a97449b,"blargg/dmg_sound","blargg/dmg_sound/dmg_sound.gb",crash,0
2026-07-26T09:03:03Z,a97449b,"blargg/dmg_sound","blargg/dmg_sound/rom_singles/01-registers.gb",crash,0
2026-07-26T09:03:03Z,a97449b,"blargg/dmg_sound","blargg/dmg_sound/rom_singles/02-len ctr.gb",crash,0
2026-07-26T09:03:03Z,a97449b,"blargg/dmg_sound","blargg/dmg_sound/rom_singles/03-trigger.gb",crash,0
2026-07-26T09:03:03Z,a97449b,"blargg/dmg_sound","blargg/dmg_sound/rom_singles/04-sweep.gb",crash,0
2026-07-26T09:03:03Z,a97449b,"blargg/dmg_sound","blargg/dmg_sound/rom_singles/05-sweep details.gb",crash,0
2026-07-26T09:03:03Z,a97449b,"blargg/dmg_sound","blargg/dmg_sound/rom_singles/06-overflow on trigger.gb",crash,0
2026-07-26T09:03:03Z,a97449b,"blargg/dmg_sound","blargg/dmg_sound/rom_singles/07-len sweep period sync.gb",crash,0
2026-07-26T09:03:03Z,a97449b,"blargg/dmg_sound","blargg/dmg_sound/rom_singles/08-len ctr during power.gb",crash,0
2026-07-26T09:03:03Z,a97449b,"blargg/dmg_sound","blargg/dmg_sound/rom_singles/09-wave read while on.gb",crash,0
2026-07-26T09:03:03Z,a97449b,"blargg/dmg_sound","blargg/dmg_sound/rom_singles/10-wave trigger while on.gb",crash,0
2026-07-26T09:03:03Z,a97449b,"blargg/dmg_sound","blargg/dmg_sound/rom_singles/11-regs after power.gb",crash,0
2026-07-26T09:03:03Z,a97449b,"blargg/dmg_sound","blargg/dmg_sound/rom_singles/12-wave write while on.gb",crash,0
2026-07-26T09:03:03Z,a97449b,"blargg/halt_bug","blargg/halt_bug.gb",crash,0
2026-07-26T09:03:03Z,a97449b,"blargg/instr_timing","blargg/instr_timing/instr_timing.gb",crash,0
2026-07-26T09:03:03Z,a97449b,"blargg/interrupt_time","blargg/interrupt_time/interrupt_time.gb",crash,0
2026-07-26T09:03:03Z,a97449b,"blargg/mem_timing-2","blargg/mem_timing-2/mem_timing.gb",crash,0
2026-07-26T09:03:03Z,a97449b,"blargg/mem_timing-2","blargg/mem_timing-2/rom_singles/01-read_timing.gb",crash,0
2026-07-26T09:03:03Z,a97449b,"blargg/mem_timing-2","blargg/mem_timing-2/rom_singles/02-write_timing.gb",crash,0
2026-07-26T09:03:03Z,a97449b,"blargg/mem_timing-2","blargg/mem_timing-2/rom_singles/03-modify_timing.gb",crash,0
2026-07-26T09:03:03Z,a97449b,"blargg/mem_timing","blargg/mem_timing/individual/01-read_timing.gb",crash,0
2026-07-26T09:03:03Z,a97449b,"blargg/mem_timing","blargg/mem_timing/individual/02-write_timing.gb",crash,0
2026-07-26T09:03:03Z,a97449b,"blargg/mem_timing","blargg/mem_timing/individual/03-modify_timing.gb",crash,0
2026-07-26T09:03:03Z,a97449b,"blargg/mem_timing","blargg/mem_timing/mem_timing.gb",crash,0
2026-07-26T09:03:03Z,a97449b,"blargg/oam_bug","blargg/oam_bug/oam_bug.gb",crash,0
2026-07-26T09:03:03Z,a97449b,"blargg/oam_bug","blargg/oam_bug/rom_singles/1-lcd_sync.gb",crash,0
2026-07-26T09:03:03Z,a97449b,"blargg/oam_bug","blargg/oam_bug/rom_singles/2-causes.gb",crash,0
2026-07-26T09:03:03Z,a97449b,"blargg/oam_bug","blargg/oam_bug/rom_singles/3-non_causes.gb",crash,0
2026-07-26T09:03:03Z,a97449b,"blargg/oam_bug","blargg/oam_bug/rom_singles/4-scanline_timing.gb",crash,0
2026-07-26T09:03:03Z,a97449b,"blargg/oam_bug","blargg/oam_bug/rom_singles/5-timing_bug.gb",crash,0
2026-07-26T09:03:03Z,a97449b,"blargg/oam_bug","blargg/oam_bug/rom_singles/6-timing_no_bug.gb",crash,0
2026-07-26T09:03:03Z,a97449b,"blargg/oam_bug","blargg/oam_bug/rom_singles/7-timing_effect.gb",crash,0
2026-07-26T09:03:03Z,a97449b,"blargg/oam_bug","blargg/oam_bug/rom_singles/8-instr_effect.gb",crash,0
2026-07-26T09:03:03Z,a97449b,"dmg-acid2","dmg-acid2/dmg-acid2.gb",crash,0
2026-07-26T09:03:03Z,a97449b,"mooneye/acceptance","mooneye/acceptance/add_sp_e_timing.gb",crash,0
2026-07-26T09:03:03Z,a97449b,"mooneye/acceptance","mooneye/acceptance/bits/mem_oam.gb",crash,0
2026-07-26T09:03:03Z,a97449b,"mooneye/acceptance","mooneye/acceptance/bits/reg_f.gb",crash,0
2026-07-26T09:03:03Z,a97449b,"mooneye/acceptance","mooneye/acceptance/bits/unused_hwio-GS.gb",crash,0
2026-07-26T09:03:03Z,a97449b,"mooneye/acceptance-nondmg","mooneye/acceptance/boot_div2-S.gb",crash,0
2026-07-26T09:03:03Z,a97449b,"mooneye/acceptance-nondmg","mooneye/acceptance/boot_div-dmg0.gb",crash,0
2026-07-26T09:03:03Z,a97449b,"mooneye/acceptance","mooneye/acceptance/boot_div-dmgABCmgb.gb",crash,0
2026-07-26T09:03:03Z,a97449b,"mooneye/acceptance-nondmg","mooneye/acceptance/boot_div-S.gb",crash,0
2026-07-26T09:03:03Z,a97449b,"mooneye/acceptance-nondmg","mooneye/acceptance/boot_hwio-dmg0.gb",crash,0
2026-07-26T09:03:03Z,a97449b,"mooneye/acceptance","mooneye/acceptance/boot_hwio-dmgABCmgb.gb",crash,0
2026-07-26T09:03:03Z,a97449b,"mooneye/acceptance-nondmg","mooneye/acceptance/boot_hwio-S.gb",crash,0
2026-07-26T09:03:03Z,a97449b,"mooneye/acceptance-nondmg","mooneye/acceptance/boot_regs-dmg0.gb",crash,0
2026-07-26T09:03:03Z,a97449b,"mooneye/acceptance","mooneye/acceptance/boot_regs-dmgABC.gb",crash,0
2026-07-26T09:03:03Z,a97449b,"mooneye/acceptance-nondmg","mooneye/acceptance/boot_regs-mgb.gb",crash,0
2026-07-26T09:03:03Z,a97449b,"mooneye/acceptance-nondmg","mooneye/acceptance/boot_regs-sgb2.gb",crash,0
2026-07-26T09:03:03Z,a97449b,"mooneye/acceptance-nondmg","mooneye/acceptance/boot_regs-sgb.gb",crash,0
2026-07-26T09:03:03Z,a97449b,"mooneye/acceptance","mooneye/acceptance/call_cc_timing2.gb",crash,0
2026-07-26T09:03:03Z,a97449b,"mooneye/acceptance","mooneye/acceptance/call_cc_timing.gb",crash,0
2026-07-26T09:03:03Z,a97449b,"mooneye/acceptance","mooneye/acceptance/call_timing2.gb",crash,0
2026-07-26T09:03:03Z,a97449b,"mooneye/acceptance","mooneye/acceptance/call_timing.gb",crash,0
2026-07-26T09:03:03Z,a97449b,"mooneye/acceptance","mooneye/acceptance/di_timing-GS.gb",crash,0
2026-07-26T09:03:03Z,a97449b,"mooneye/acceptance","mooneye/acceptance/div_timing.gb",crash,0
2026-07-26T09:03:03Z,a97449b,"mooneye/acceptance","mooneye/acceptance/ei_sequence.gb",crash,0
2026-07-26T09:03:03Z,a97449b,"mooneye/acceptance","mooneye/acceptance/ei_timing.gb",crash,0
2026-07-26T09:03:03Z,a97449b,"mooneye/acceptance","mooneye/acceptance/halt_ime0_ei.gb",crash,0
2026-07-26T09:03:03Z,a97449b,"mooneye/acceptance","mooneye/acceptance/halt_ime0_nointr_timing.gb",crash,0
2026-07-26T09:03:03Z,a97449b,"mooneye/acceptance","mooneye/acceptance/halt_ime1_timing2-GS.gb",crash,0
2026-07-26T09:03:03Z,a97449b,"mooneye/acceptance","mooneye/acceptance/halt_ime1_timing.gb",crash,0
2026-07-26T09:03:03Z,a97449b,"mooneye/acceptance","mooneye/acceptance/if_ie_registers.gb",crash,0
2026-07-26T09:03:03Z,a97449b,"mooneye/acceptance","mooneye/acceptance/instr/daa.gb",crash,0
2026-07-26T09:03:03Z,a97449b,"mooneye/acceptance","mooneye/acceptance/interrupts/ie_push.gb",crash,0
2026-07-26T09:03:03Z,a97449b,"mooneye/acceptance","mooneye/acceptance/intr_timing.gb",crash,0
2026-07-26T09:03:03Z,a97449b,"mooneye/acceptance","mooneye/acceptance/jp_cc_timing.gb",crash,0
2026-07-26T09:03:03Z,a97449b,"mooneye/acceptance","mooneye/acceptance/jp_timing.gb",crash,0
2026-07-26T09:03:03Z,a97449b,"mooneye/acceptance","mooneye/acceptance/ld_hl_sp_e_timing.gb",crash,0
2026-07-26T09:03:03Z,a97449b,"mooneye/acceptance","mooneye/acceptance/oam_dma/basic.gb",crash,0
2026-07-26T09:03:03Z,a97449b,"mooneye/acceptance","mooneye/acceptance/oam_dma/reg_read.gb",crash,0
2026-07-26T09:03:03Z,a97449b,"mooneye/acceptance","mooneye/acceptance/oam_dma_restart.gb",crash,0
2026-07-26T09:03:03Z,a97449b,"mooneye/acceptance","mooneye/acceptance/oam_dma/sources-GS.gb",crash,0
2026-07-26T09:03:03Z,a97449b,"mooneye/acceptance","mooneye/acceptance/oam_dma_start.gb",crash,0
2026-07-26T09:03:03Z,a97449b,"mooneye/acceptance","mooneye/acceptance/oam_dma_timing.gb",crash,0
2026-07-26T09:03:03Z,a97449b,"mooneye/acceptance","mooneye/acceptance/pop_timing.gb",crash,0
2026-07-26T09:03:03Z,a97449b,"mooneye/acceptance","mooneye/acceptance/ppu/hblank_ly_scx_timing-GS.gb",crash,0
2026-07-26T09:03:03Z,a97449b,"mooneye/acceptance","mooneye/acceptance/ppu/intr_1_2_timing-GS.gb",crash,0
2026-07-26T09:03:03Z,a97449b,"mooneye/acceptance","mooneye/acceptance/ppu/intr_2_0_timing.gb",crash,0
2026-07-26T09:03:03Z,a97449b,"mooneye/acceptance","mooneye/acceptance/ppu/intr_2_mode0_timing.gb",crash,0
2026-07-26T09:03:03Z,a97449b,"mooneye/acceptance","mooneye/acceptance/ppu/intr_2_mode0_timing_sprites.gb",crash,0
2026-07-26T09:03:03Z,a97449b,"mooneye/acceptance","mooneye/acceptance/ppu/intr_2_mode3_timing.gb",crash,0
2026-07-26T09:03:03Z,a97449b,"mooneye/acceptance","mooneye/acceptance/ppu/intr_2_oam_ok_timing.gb",crash,0
2026-07-26T09:03:03Z,a97449b,"mooneye/acceptance","mooneye/acceptance/ppu/lcdon_timing-GS.gb",crash,0
2026-07-26T09:03:03Z,a97449b,"mooneye/acceptance","mooneye/acceptance/ppu/lcdon_write_timing-GS.gb",crash,0
2026-07-26T09:03:03Z,a97449b,"mooneye/acceptance","mooneye/acceptance/ppu/stat_irq_blocking.gb",crash,0
2026-07-26T09:03:03Z,a97449b,"mooneye/acceptance","mooneye/acceptance/ppu/stat_lyc_onoff.gb",crash,0
2026-07-26T09:03:03Z,a97449b,"mooneye/acceptance","mooneye/acceptance/ppu/vblank_stat_intr-GS.gb",crash,0
2026-07-26T09:03:03Z,a97449b,"mooneye/acceptance","mooneye/acceptance/push_timing.gb",crash,0
2026-07-26T09:03:03Z,a97449b,"mooneye/acceptance","mooneye/acceptance/rapid_di_ei.gb",crash,0
2026-07-26T09:03:03Z,a97449b,"mooneye/acceptance","mooneye/acceptance/ret_cc_timing.gb",crash,0
2026-07-26T09:03:03Z,a97449b,"mooneye/acceptance","mooneye/acceptance/reti_intr_timing.gb",crash,0
2026-07-26T09:03:03Z,a97449b,"mooneye/acceptance","mooneye/acceptance/reti_timing.gb",crash,0
2026-07-26T09:03:03Z,a97449b,"mooneye/acceptance","mooneye/acceptance/ret_timing.gb",crash,0
2026-07-26T09:03:03Z,a97449b,"mooneye/acceptance","mooneye/acceptance/rst_timing.gb",crash,0
2026-07-26T09:03:03Z,a97449b,"mooneye/acceptance","mooneye/acceptance/serial/boot_sclk_align-dmgABCmgb.gb",crash,0
2026-07-26T09:03:03Z,a97449b,"mooneye/acceptance","mooneye/acceptance/timer/div_write.gb",crash,0
2026-07-26T09:03:03Z,a97449b,"mooneye/acceptance","mooneye/acceptance/timer/rapid_toggle.gb",crash,0
2026-07-26T09:03:03Z,a97449b,"mooneye/acceptance","mooneye/acceptance/timer/tim00_div_trigger.gb",crash,0
2026-07-26T09:03:03Z,a97449b,"mooneye/acceptance","mooneye/acceptance/timer/tim00.gb",crash,0
2026-07-26T09:03:03Z,a97449b,"mooneye/acceptance","mooneye/acceptance/timer/tim01_div_trigger.gb",crash,0
2026-07-26T09:03:03Z,a97449b,"mooneye/acceptance","mooneye/acceptance/timer/tim01.gb",crash,0
2026-07-26T09:03:03Z,a97449b,"mooneye/acceptance","mooneye/acceptance/timer/tim10_div_trigger.gb",crash,0
2026-07-26T09:03:03Z,a97449b,"mooneye/acceptance","mooneye/acceptance/timer/tim10.gb",crash,0
2026-07-26T09:03:03Z,a97449b,"mooneye/acceptance","mooneye/acceptance/timer/tim11_div_trigger.gb",crash,0
2026-07-26T09:03:03Z,a97449b,"mooneye/acceptance","mooneye/acceptance/timer/tim11.gb",crash,0
2026-07-26T09:03:03Z,a97449b,"mooneye/acceptance","mooneye/acceptance/timer/tima_reload.gb",crash,0
2026-07-26T09:03:03Z,a97449b,"mooneye/acceptance","mooneye/acceptance/timer/tima_write_reloading.gb",crash,0
2026-07-26T09:03:03Z,a97449b,"mooneye/acceptance","mooneye/acceptance/timer/tma_write_reloading.gb",crash,0
2026-07-26T14:38:58Z,7cb583c,"blargg/cpu_instrs","blargg/cpu_instrs/cpu_instrs.gb",crash,0
2026-07-26T14:38:58Z,7cb583c,"blargg/cpu_instrs","blargg/cpu_instrs/individual/01-special.gb",crash,0
2026-07-26T14:38:58Z,7cb583c,"blargg/cpu_instrs","blargg/cpu_instrs/individual/02-interrupts.gb",crash,0
2026-07-26T14:38:58Z,7cb583c,"blargg/cpu_instrs","blargg/cpu_instrs/individual/03-op sp,hl.gb",crash,0
2026-07-26T14:38:58Z,7cb583c,"blargg/cpu_instrs","blargg/cpu_instrs/individual/04-op r,imm.gb",crash,0
2026-07-26T14:38:58Z,7cb583c,"blargg/cpu_instrs","blargg/cpu_instrs/individual/05-op rp.gb",crash,0
2026-07-26T14:38:58Z,7cb583c,"blargg/cpu_instrs","blargg/cpu_instrs/individual/06-ld r,r.gb",crash,0
2026-07-26T14:38:58Z,7cb583c,"blargg/cpu_instrs","blargg/cpu_instrs/individual/07-jr,jp,call,ret,rst.gb",crash,0
2026-07-26T14:38:58Z,7cb583c,"blargg/cpu_instrs","blargg/cpu_instrs/individual/08-misc instrs.gb",crash,0
2026-07-26T14:38:58Z,7cb583c,"blargg/cpu_instrs","blargg/cpu_instrs/individual/09-op r,r.gb",crash,0
2026-07-26T14:38:58Z,7cb583c,"blargg/cpu_instrs","blargg/cpu_instrs/individual/10-bit ops.gb",crash,0
2026-07-26T14:38:58Z,7cb583c,"blargg/cpu_instrs","blargg/cpu_instrs/individual/11-op a,(hl).gb",crash,0
2026-07-26T14:38:58Z,7cb583c,"blargg/dmg_sound","blargg/dmg_sound/dmg_sound.gb",crash,0
2026-07-26T14:38:58Z,7cb583c,"blargg/dmg_sound","blargg/dmg_sound/rom_singles/01-registers.gb",crash,0
2026-07-26T14:38:58Z,7cb583c,"blargg/dmg_sound","blargg/dmg_sound/rom_singles/02-len ctr.gb",crash,0
2026-07-26T14:38:58Z,7cb583c,"blargg/dmg_sound","blargg/dmg_sound/rom_singles/03-trigger.gb",crash,0
2026-07-26T14:38:58Z,7cb583c,"blargg/dmg_sound","blargg/dmg_sound/rom_singles/04-sweep.gb",crash,0
2026-07-26T14:38:58Z,7cb583c,"blargg/dmg_sound","blargg/dmg_sound/rom_singles/05-sweep details.gb",crash,0
2026-07-26T14:38:58Z,7cb583c,"blargg/dmg_sound","blargg/dmg_sound/rom_singles/06-overflow on trigger.gb",crash,0
2026-07-26T14:38:58Z,7cb583c,"blargg/dmg_sound","blargg/dmg_sound/rom_singles/07-len sweep period sync.gb",crash,0
2026-07-26T14:38:58Z,7cb583c,"blargg/dmg_sound","blargg/dmg_sound/rom_singles/08-len ctr during power.gb",crash,0
2026-07-26T14:38:58Z,7cb583c,"blargg/dmg_sound","blargg/dmg_sound/rom_singles/09-wave read while on.gb",crash,0
2026-07-26T14:38:58Z,7cb583c,"blargg/dmg_sound","blargg/dmg_sound/rom_singles/10-wave trigger while on.gb",crash,0
2026-07-26T14:38:58Z,7cb583c,"blargg/dmg_sound","blargg/dmg_sound/rom_singles/11-regs after power.gb",crash,0
2026-07-26T14:38:58Z,7cb583c,"blargg/dmg_sound","blargg/dmg_sound/rom_singles/12-wave write while on.gb",crash,0
2026-07-26T14:38:58Z,7cb583c,"blargg/halt_bug","blargg/halt_bug.gb",crash,0
2026-07-26T14:38:58Z,7cb583c,"blargg/instr_timing","blargg/instr_timing/instr_timing.gb",crash,0
2026-07-26T14:38:58Z,7cb583c,"blargg/interrupt_time","blargg/interrupt_time/interrupt_time.gb",crash,0
2026-07-26T14:38:58Z,7cb583c,"blargg/mem_timing-2","blargg/mem_timing-2/mem_timing.gb",crash,0
2026-07-26T14:38:58Z,7cb583c,"blargg/mem_timing-2","blargg/mem_timing-2/rom_singles/01-read_timing.gb",crash,0
2026-07-26T14:38:58Z,7cb583c,"blargg/mem_timing-2","blargg/mem_timing-2/rom_singles/02-write_timing.gb",crash,0
2026-07-26T14:38:58Z,7cb583c,"blargg/mem_timing-2","blargg/mem_timing-2/rom_singles/03-modify_timing.gb",crash,0
2026-07-26T14:38:58Z,7cb583c,"blargg/mem_timing","blargg/mem_timing/individual/01-read_timing.gb",crash,0
2026-07-26T14:38:58Z,7cb583c,"blargg/mem_timing","blargg/mem_timing/individual/02-write_timing.gb",crash,0
2026-07-26T14:38:58Z,7cb583c,"blargg/mem_timing","blargg/mem_timing/individual/03-modify_timing.gb",crash,0
2026-07-26T14:38:58Z,7cb583c,"blargg/mem_timing","blargg/mem_timing/mem_timing.gb",crash,0
2026-07-26T14:38:58Z,7cb583c,"blargg/oam_bug","blargg/oam_bug/oam_bug.gb",crash,0
2026-07-26T14:38:58Z,7cb583c,"blargg/oam_bug","blargg/oam_bug/rom_singles/1-lcd_sync.gb",crash,0
2026-07-26T14:38:58Z,7cb583c,"blargg/oam_bug","blargg/oam_bug/rom_singles/2-causes.gb",crash,0
2026-07-26T14:38:58Z,7cb583c,"blargg/oam_bug","blargg/oam_bug/rom_singles/3-non_causes.gb",crash,0
2026-07-26T14:38:58Z,7cb583c,"blargg/oam_bug","blargg/oam_bug/rom_singles/4-scanline_timing.gb",crash,0
2026-07-26T14:38:58Z,7cb583c,"blargg/oam_bug","blargg/oam_bug/rom_singles/5-timing_bug.gb",crash,0
2026-07-26T14:38:58Z,7cb583c,"blargg/oam_bug","blargg/oam_bug/rom_singles/6-timing_no_bug.gb",crash,0
2026-07-26T14:38:58Z,7cb583c,"blargg/oam_bug","blargg/oam_bug/rom_singles/7-timing_effect.gb",crash,0
2026-07-26T14:38:58Z,7cb583c,"blargg/oam_bug","blargg/oam_bug/rom_singles/8-instr_effect.gb",crash,0
2026-07-26T14:38:58Z,7cb583c,"dmg-acid2","dmg-acid2/dmg-acid2.gb",crash,0
2026-07-26T14:38:58Z,7cb583c,"mooneye/acceptance","mooneye/acceptance/add_sp_e_timing.gb",crash,0
2026-07-26T14:38:58Z,7cb583c,"mooneye/acceptance","mooneye/acceptance/bits/mem_oam.gb",crash,0
2026-07-26T14:38:58Z,7cb583c,"mooneye/acceptance","mooneye/acceptance/bits/reg_f.gb",crash,0
2026-07-26T14:38:58Z,7cb583c,"mooneye/acceptance","mooneye/acceptance/bits/unused_hwio-GS.gb",crash,0
2026-07-26T14:38:58Z,7cb583c,"mooneye/acceptance-nondmg","mooneye/acceptance/boot_div2-S.gb",crash,0
2026-07-26T14:38:58Z,7cb583c,"mooneye/acceptance-nondmg","mooneye/acceptance/boot_div-dmg0.gb",crash,0
2026-07-26T14:38:58Z,7cb583c,"mooneye/acceptance","mooneye/acceptance/boot_div-dmgABCmgb.gb",crash,0
2026-07-26T14:38:58Z,7cb583c,"mooneye/acceptance-nondmg","mooneye/acceptance/boot_div-S.gb",crash,0
2026-07-26T14:38:58Z,7cb583c,"mooneye/acceptance-nondmg","mooneye/acceptance/boot_hwio-dmg0.gb",crash,0
2026-07-26T14:38:58Z,7cb583c,"mooneye/acceptance","mooneye/acceptance/boot_hwio-dmgABCmgb.gb",crash,0
2026-07-26T14:38:58Z,7cb583c,"mooneye/acceptance-nondmg","mooneye/acceptance/boot_hwio-S.gb",crash,0
2026-07-26T14:38:58Z,7cb583c,"mooneye/acceptance-nondmg","mooneye/acceptance/boot_regs-dmg0.gb",crash,0
2026-07-26T14:38:58Z,7cb583c,"mooneye/acceptance","mooneye/acceptance/boot_regs-dmgABC.gb",crash,0
2026-07-26T14:38:58Z,7cb583c,"mooneye/acceptance-nondmg","mooneye/acceptance/boot_regs-mgb.gb",crash,0
2026-07-26T14:38:58Z,7cb583c,"mooneye/acceptance-nondmg","mooneye/acceptance/boot_regs-sgb2.gb",crash,0
2026-07-26T14:38:58Z,7cb583c,"mooneye/acceptance-nondmg","mooneye/acceptance/boot_regs-sgb.gb",crash,0
2026-07-26T14:38:58Z,7cb583c,"mooneye/acceptance","mooneye/acceptance/call_cc_timing2.gb",crash,0
2026-07-26T14:38:58Z,7cb583c,"mooneye/acceptance","mooneye/acceptance/call_cc_timing.gb",crash,0
2026-07-26T14:38:58Z,7cb583c,"mooneye/acceptance","mooneye/acceptance/call_timing2.gb",crash,0
2026-07-26T14:38:58Z,7cb583c,"mooneye/acceptance","mooneye/acceptance/call_timing.gb",crash,0
2026-07-26T14:38:58Z,7cb583c,"mooneye/acceptance","mooneye/acceptance/di_timing-GS.gb",crash,0
2026-07-26T14:38:58Z,7cb583c,"mooneye/acceptance","mooneye/acceptance/div_timing.gb",crash,0
2026-07-26T14:38:58Z,7cb583c,"mooneye/acceptance","mooneye/acceptance/ei_sequence.gb",crash,0
2026-07-26T14:38:58Z,7cb583c,"mooneye/acceptance","mooneye/acceptance/ei_timing.gb",crash,0
2026-07-26T14:38:58Z,7cb583c,"mooneye/acceptance","mooneye/acceptance/halt_ime0_ei.gb",crash,0
2026-07-26T14:38:58Z,7cb583c,"mooneye/acceptance","mooneye/acceptance/halt_ime0_nointr_timing.gb",crash,0
2026-07-26T14:38:58Z,7cb583c,"mooneye/acceptance","mooneye/acceptance/halt_ime1_timing2-GS.gb",crash,0
2026-07-26T14:38:58Z,7cb583c,"mooneye/acceptance","mooneye/acceptance/halt_ime1_timing.gb",crash,0
2026-07-26T14:38:58Z,7cb583c,"mooneye/acceptance","mooneye/acceptance/if_ie_registers.gb",crash,0
2026-07-26T14:38:58Z,7cb583c,"mooneye/acceptance","mooneye/acceptance/instr/daa.gb",crash,0
2026-07-26T14:38:58Z,7cb583c,"mooneye/acceptance","mooneye/acceptance/interrupts/ie_push.gb",crash,0
2026-07-26T14:38:58Z,7cb583c,"mooneye/acceptance","mooneye/acceptance/intr_timing.gb",crash,0
2026-07-26T14:38:58Z,7cb583c,"mooneye/acceptance","mooneye/acceptance/jp_cc_timing.gb",crash,0
2026-07-26T14:38:58Z,7cb583c,"mooneye/acceptance","mooneye/acceptance/jp_timing.gb",crash,0
2026-07-26T14:38:58Z,7cb583c,"mooneye/acceptance","mooneye/acceptance/ld_hl_sp_e_timing.gb",crash,0
2026-07-26T14:38:58Z,7cb583c,"mooneye/acceptance","mooneye/acceptance/oam_dma/basic.gb",crash,0
2026-07-26T14:38:58Z,7cb583c,"mooneye/acceptance","mooneye/acceptance/oam_dma/reg_read.gb",crash,0
2026-07-26T14:38:58Z,7cb583c,"mooneye/acceptance","mooneye/acceptance/oam_dma_restart.gb",crash,0
2026-07-26T14:38:58Z,7cb583c,"mooneye/acceptance","mooneye/acceptance/oam_dma/sources-GS.gb",crash,0
2026-07-26T14:38:58Z,7cb583c,"mooneye/acceptance","mooneye/acceptance/oam_dma_start.gb",crash,0
2026-07-26T14:38:58Z,7cb583c,"mooneye/acceptance","mooneye/acceptance/oam_dma_timing.gb",crash,0
2026-07-26T14:38:58Z,7cb583c,"mooneye/acceptance","mooneye/acceptance/pop_timing.gb",crash,0
2026-07-26T14:38:58Z,7cb583c,"mooneye/acceptance","mooneye/acceptance/ppu/hblank_ly_scx_timing-GS.gb",crash,0
2026-07-26T14:38:58Z,7cb583c,"mooneye/acceptance","mooneye/acceptance/ppu/intr_1_2_timing-GS.gb",crash,0
2026-07-26T14:38:58Z,7cb583c,"mooneye/acceptance","mooneye/acceptance/ppu/intr_2_0_timing.gb",crash,0
2026-07-26T14:38:58Z,7cb583c,"mooneye/acceptance","mooneye/acceptance/ppu/intr_2_mode0_timing.gb",crash,0
2026-07-26T14:38:58Z,7cb583c,"mooneye/acceptance","mooneye/acceptance/ppu/intr_2_mode0_timing_sprites.gb",crash,0
2026-07-26T14:38:58Z,7cb583c,"mooneye/acceptance","mooneye/acceptance/ppu/intr_2_mode3_timing.gb",crash,0
2026-07-26T14:38:58Z,7cb583c,"mooneye/acceptance","mooneye/acceptance/ppu/intr_2_oam_ok_timing.gb",crash,0
2026-07-26T14:38:58Z,7cb583c,"mooneye/acceptance","mooneye/acceptance/ppu/lcdon_timing-GS.gb",crash,0
2026-07-26T14:38:58Z,7cb583c,"mooneye/acceptance","mooneye/acceptance/ppu/lcdon_write_timing-GS.gb",crash,0
2026-07-26T14:38:58Z,7cb583c,"mooneye/acceptance","mooneye/acceptance/ppu/stat_irq_blocking.gb",crash,0
2026-07-26T14:38:58Z,7cb583c,"mooneye/acceptance","mooneye/acceptance/ppu/stat_lyc_onoff.gb",crash,0
2026-07-26T14:38:58Z,7cb583c,"mooneye/acceptance","mooneye/acceptance/ppu/vblank_stat_intr-GS.gb",crash,0
2026-07-26T14:38:58Z,7cb583c,"mooneye/acceptance","mooneye/acceptance/push_timing.gb",crash,0
2026-07-26T14:38:58Z,7cb583c,"mooneye/acceptance","mooneye/acceptance/rapid_di_ei.gb",crash,0
2026-07-26T14:38:58Z,7cb583c,"mooneye/acceptance","mooneye/acceptance/ret_cc_timing.gb",crash,0
2026-07-26T14:38:58Z,7cb583c,"mooneye/acceptance","mooneye/acceptance/reti_intr_timing.gb",crash,0
2026-07-26T14:38:58Z,7cb583c,"mooneye/acceptance","mooneye/acceptance/reti_timing.gb",crash,0
2026-07-26T14:38:58Z,7cb583c,"mooneye/acceptance","mooneye/acceptance/ret_timing.gb",crash,0
2026-07-26T14:38:58Z,7cb583c,"mooneye/acceptance","mooneye/acceptance/rst_timing.gb",crash,0
2026-07-26T14:38:58Z,7cb583c,"mooneye/acceptance","mooneye/acceptance/serial/boot_sclk_align-dmgABCmgb.gb",crash,0
2026-07-26T14:38:58Z,7cb583c,"mooneye/acceptance","mooneye/acceptance/timer/div_write.gb",crash,0
2026-07-26T14:38:58Z,7cb583c,"mooneye/acceptance","mooneye/acceptance/timer/rapid_toggle.gb",crash,0
2026-07-26T14:38:58Z,7cb583c,"mooneye/acceptance","mooneye/acceptance/timer/tim00_div_trigger.gb",crash,0
2026-07-26T14:38:58Z,7cb583c,"mooneye/acceptance","mooneye/acceptance/timer/tim00.gb",crash,0
2026-07-26T14:38:58Z,7cb583c,"mooneye/acceptance","mooneye/acceptance/timer/tim01_div_trigger.gb",crash,0
2026-07-26T14:38:58Z,7cb583c,"mooneye/acceptance","mooneye/acceptance/timer/tim01.gb",crash,0
2026-07-26T14:38:58Z,7cb583c,"mooneye/acceptance","mooneye/acceptance/timer/tim10_div_trigger.gb",crash,0
2026-07-26T14:38:58Z,7cb583c,"mooneye/acceptance","mooneye/acceptance/timer/tim10.gb",crash,0
2026-07-26T14:38:58Z,7cb583c,"mooneye/acceptance","mooneye/acceptance/timer/tim11_div_trigger.gb",crash,0
2026-07-26T14:38:58Z,7cb583c,"mooneye/acceptance","mooneye/acceptance/timer/tim11.gb",crash,0
2026-07-26T14:38:58Z,7cb583c,"mooneye/acceptance","mooneye/acceptance/timer/tima_reload.gb",crash,0
2026-07-26T14:38:58Z,7cb583c,"mooneye/acceptance","mooneye/acceptance/timer/tima_write_reloading.gb",crash,0
2026-07-26T14:38:58Z,7cb583c,"mooneye/acceptance","mooneye/acceptance/timer/tma_write_reloading.gb",crash,0
2026-07-26T15:23:47Z,092c729,"blargg/cpu_instrs","blargg/cpu_instrs/cpu_instrs.gb",crash,0
2026-07-26T15:23:47Z,092c729,"blargg/cpu_instrs","blargg/cpu_instrs/individual/01-special.gb",crash,0
2026-07-26T15:23:47Z,092c729,"blargg/cpu_instrs","blargg/cpu_instrs/individual/02-interrupts.gb",crash,0
2026-07-26T15:23:47Z,092c729,"blargg/cpu_instrs","blargg/cpu_instrs/individual/03-op sp,hl.gb",crash,0
2026-07-26T15:23:47Z,092c729,"blargg/cpu_instrs","blargg/cpu_instrs/individual/04-op r,imm.gb",crash,0
2026-07-26T15:23:47Z,092c729,"blargg/cpu_instrs","blargg/cpu_instrs/individual/05-op rp.gb",crash,0
2026-07-26T15:23:47Z,092c729,"blargg/cpu_instrs","blargg/cpu_instrs/individual/06-ld r,r.gb",crash,0
2026-07-26T15:23:47Z,092c729,"blargg/cpu_instrs","blargg/cpu_instrs/individual/07-jr,jp,call,ret,rst.gb",crash,0
2026-07-26T15:23:47Z,092c729,"blargg/cpu_instrs","blargg/cpu_instrs/individual/08-misc instrs.gb",crash,0
2026-07-26T15:23:47Z,092c729,"blargg/cpu_instrs","blargg/cpu_instrs/individual/09-op r,r.gb",crash,0
2026-07-26T15:23:47Z,092c729,"blargg/cpu_instrs","blargg/cpu_instrs/individual/10-bit ops.gb",crash,0
2026-07-26T15:23:47Z,092c729,"blargg/cpu_instrs","blargg/cpu_instrs/individual/11-op a,(hl).gb",crash,0
2026-07-26T15:23:47Z,092c729,"blargg/dmg_sound","blargg/dmg_sound/dmg_sound.gb",crash,0
2026-07-26T15:23:47Z,092c729,"blargg/dmg_sound","blargg/dmg_sound/rom_singles/01-registers.gb",crash,0
2026-07-26T15:23:47Z,092c729,"blargg/dmg_sound","blargg/dmg_sound/rom_singles/02-len ctr.gb",crash,0
2026-07-26T15:23:47Z,092c729,"blargg/dmg_sound","blargg/dmg_sound/rom_singles/03-trigger.gb",crash,0
2026-07-26T15:23:47Z,092c729,"blargg/dmg_sound","blargg/dmg_sound/rom_singles/04-sweep.gb",crash,0
2026-07-26T15:23:47Z,092c729,"blargg/dmg_sound","blargg/dmg_sound/rom_singles/05-sweep details.gb",crash,0
2026-07-26T15:23:47Z,092c729,"blargg/dmg_sound","blargg/dmg_sound/rom_singles/06-overflow on trigger.gb",crash,0
2026-07-26T15:23:47Z,092c729,"blargg/dmg_sound","blargg/dmg_sound/rom_singles/07-len sweep period sync.gb",crash,0
2026-07-26T15:23:47Z,092c729,"blargg/dmg_sound","blargg/dmg_sound/rom_singles/08-len ctr during power.gb",crash,0
2026-07-26T15:23:47Z,092c729,"blargg/dmg_sound","blargg/dmg_sound/rom_singles/09-wave read while on.gb",crash,0
2026-07-26T15:23:47Z,092c729,"blargg/dmg_sound","blargg/dmg_sound/rom_singles/10-wave trigger while on.gb",crash,0
2026-07-26T15:23:47Z,092c729,"blargg/dmg_sound","blargg/dmg_sound/rom_singles/11-regs after power.gb",crash,0
2026-07-26T15:23:47Z,092c729,"blargg/dmg_sound","blargg/dmg_sound/rom_singles/12-wave write while on.gb",crash,0
2026-07-26T15:23:47Z,092c729,"blargg/halt_bug","blargg/halt_bug.gb",crash,0
2026-07-26T15:23:47Z,092c729,"blargg/instr_timing","blargg/instr_timing/instr_timing.gb",crash,0
2026-07-26T15:23:47Z,092c729,"blargg/interrupt_time","blargg/interrupt_time/interrupt_time.gb",crash,0
2026-07-26T15:23:47Z,092c729,"blargg/mem_timing-2","blargg/mem_timing-2/mem_timing.gb",crash,0
2026-07-26T15:23:47Z,092c729,"blargg/mem_timing-2","blargg/mem_timing-2/rom_singles/01-read_timing.gb",crash,0
2026-07-26T15:23:47Z,092c729,"blargg/mem_timing-2","blargg/mem_timing-2/rom_singles/02-write_timing.gb",crash,0
2026-07-26T15:23:47Z,092c729,"blargg/mem_timing-2","blargg/mem_timing-2/rom_singles/03-modify_timing.gb",crash,0
2026-07-26T15:23:47Z,092c729,"blargg/mem_timing","blargg/mem_timing/individual/01-read_timing.gb",crash,0
2026-07-26T15:23:47Z,092c729,"blargg/mem_timing","blargg/mem_timing/individual/02-write_timing.gb",crash,0
2026-07-26T15:23:47Z,092c729,"blargg/mem_timing","blargg/mem_timing/individual/03-modify_timing.gb",crash,0
2026-07-26T15:23:47Z,092c729,"blargg/mem_timing","blargg/mem_timing/mem_timing.gb",crash,0
2026-07-26T15:23:47Z,092c729,"blargg/oam_bug","blargg/oam_bug/oam_bug.gb",crash,0
2026-07-26T15:23:47Z,092c729,"blargg/oam_bug","blargg/oam_bug/rom_singles/1-lcd_sync.gb",crash,0
2026-07-26T15:23:47Z,092c729,"blargg/oam_bug","blargg/oam_bug/rom_singles/2-causes.gb",crash,0
2026-07-26T15:23:47Z,092c729,"blargg/oam_bug","blargg/oam_bug/rom_singles/3-non_causes.gb",crash,0
2026-07-26T15:23:47Z,092c729,"blargg/oam_bug","blargg/oam_bug/rom_singles/4-scanline_timing.gb",crash,0
2026-07-26T15:23:47Z,092c729,"blargg/oam_bug","blargg/oam_bug/rom_singles/5-timing_bug.gb",crash,0
2026-07-26T15:23:47Z,092c729,"blargg/oam_bug","blargg/oam_bug/rom_singles/6-timing_no_bug.gb",crash,0
2026-07-26T15:23:47Z,092c729,"blargg/oam_bug","blargg/oam_bug/rom_singles/7-timing_effect.gb",crash,0
2026-07-26T15:23:47Z,092c729,"blargg/oam_bug","blargg/oam_bug/rom_singles/8-instr_effect.gb",crash,0
2026-07-26T15:23:47Z,092c729,"dmg-acid2","dmg-acid2/dmg-acid2.gb",crash,0
2026-07-26T15:23:47Z,092c729,"mooneye/acceptance","mooneye/acceptance/add_sp_e_timing.gb",crash,0
2026-07-26T15:23:47Z,092c729,"mooneye/acceptance","mooneye/acceptance/bits/mem_oam.gb",crash,0
2026-07-26T15:23:47Z,092c729,"mooneye/acceptance","mooneye/acceptance/bits/reg_f.gb",crash,0
2026-07-26T15:23:47Z,092c729,"mooneye/acceptance","mooneye/acceptance/bits/unused_hwio-GS.gb",crash,0
2026-07-26T15:23:47Z,092c729,"mooneye/acceptance-nondmg","mooneye/acceptance/boot_div2-S.gb",crash,0
2026-07-26T15:23:47Z,092c729,"mooneye/acceptance-nondmg","mooneye/acceptance/boot_div-dmg0.gb",crash,0
2026-07-26T15:23:47Z,092c729,"mooneye/acceptance","mooneye/acceptance/boot_div-dmgABCmgb.gb",crash,0
2026-07-26T15:23:47Z,092c729,"mooneye/acceptance-nondmg","mooneye/acceptance/boot_div-S.gb",crash,0
2026-07-26T15:23:47Z,092c729,"mooneye/acceptance-nondmg","mooneye/acceptance/boot_hwio-dmg0.gb",crash,0
2026-07-26T15:23:47Z,092c729,"mooneye/acceptance","mooneye/acceptance/boot_hwio-dmgABCmgb.gb",crash,0
2026-07-26T15:23:47Z,092c729,"mooneye/acceptance-nondmg","mooneye/acceptance/boot_hwio-S.gb",crash,0
2026-07-26T15:23:47Z,092c729,"mooneye/acceptance-nondmg","mooneye/acceptance/boot_regs-dmg0.gb",crash,0
2026-07-26T15:23:47Z,092c729,"mooneye/acceptance","mooneye/acceptance/boot_regs-dmgABC.gb",crash,0
2026-07-26T15:23:47Z,092c729,"mooneye/acceptance-nondmg","mooneye/acceptance/boot_regs-mgb.gb",crash,0
2026-07-26T15:23:47Z,092c729,"mooneye/acceptance-nondmg","mooneye/acceptance/boot_regs-sgb2.gb",crash,0
2026-07-26T15:23:47Z,092c729,"mooneye/acceptance-nondmg","mooneye/acceptance/boot_regs-sgb.gb",crash,0
2026-07-26T15:23:47Z,092c729,"mooneye/acceptance","mooneye/acceptance/call_cc_timing2.gb",crash,0
2026-07-26T15:23:47Z,092c729,"mooneye/acceptance","mooneye/acceptance/call_cc_timing.gb",crash,0
2026-07-26T15:23:47Z,092c729,"mooneye/acceptance","mooneye/acceptance/call_timing2.gb",crash,0
2026-07-26T15:23:47Z,092c729,"mooneye/acceptance","mooneye/acceptance/call_timing.gb",crash,0
2026-07-26T15:23:47Z,092c729,"mooneye/acceptance","mooneye/acceptance/di_timing-GS.gb",crash,0
2026-07-26T15:23:47Z,092c729,"mooneye/acceptance","mooneye/acceptance/div_timing.gb",crash,0
2026-07-26T15:23:47Z,092c729,"mooneye/acceptance","mooneye/acceptance/ei_sequence.gb",crash,0
2026-07-26T15:23:47Z,092c729,"mooneye/acceptance","mooneye/acceptance/ei_timing.gb",crash,0
2026-07-26T15:23:47Z,092c729,"mooneye/acceptance","mooneye/acceptance/halt_ime0_ei.gb",crash,0
2026-07-26T15:23:47Z,092c729,"mooneye/acceptance","mooneye/acceptance/halt_ime0_nointr_timing.gb",crash,0
2026-07-26T15:23:47Z,092c729,"mooneye/acceptance","mooneye/acceptance/halt_ime1_timing2-GS.gb",crash,0
2026-07-26T15:23:47Z,092c729,"mooneye/acceptance","mooneye/acceptance/halt_ime1_timing.gb",crash,0
2026-07-26T15:23:47Z,092c729,"mooneye/acceptance","mooneye/acceptance/if_ie_registers.gb",crash,0
2026-07-26T15:23:47Z,092c729,"mooneye/acceptance","mooneye/acceptance/instr/daa.gb",crash,0
2026-07-26T15:23:47Z,092c729,"mooneye/acceptance","mooneye/acceptance/interrupts/ie_push.gb",crash,0
2026-07-26T15:23:47Z,092c729,"mooneye/acceptance","mooneye/acceptance/intr_timing.gb",crash,0
2026-07-26T15:23:47Z,092c729,"mooneye/acceptance","mooneye/acceptance/jp_cc_timing.gb",crash,0
2026-07-26T15:23:47Z,092c729,"mooneye/acceptance","mooneye/acceptance/jp_timing.gb",crash,0
2026-07-26T15:23:47Z,092c729,"mooneye/acceptance","mooneye/acceptance/ld_hl_sp_e_timing.gb",crash,0
2026-07-26T15:23:47Z,092c729,"mooneye/acceptance","mooneye/acceptance/oam_dma/basic.gb",crash,0
2026-07-26T15:23:47Z,092c729,"mooneye/acceptance","mooneye/acceptance/oam_dma/reg_read.gb",crash,0
2026-07-26T15:23:47Z,092c729,"mooneye/acceptance","mooneye/acceptance/oam_dma_restart.gb",crash,0
2026-07-26T15:23:47Z,092c729,"mooneye/acceptance","mooneye/acceptance/oam_dma/sources-GS.gb",crash,0
2026-07-26T15:23:47Z,092c729,"mooneye/acceptance","mooneye/acceptance/oam_dma_start.gb",crash,0
2026-07-26T15:23:47Z,092c729,"mooneye/acceptance","mooneye/acceptance/oam_dma_timing.gb",crash,0
2026-07-26T15:23:47Z,092c729,"mooneye/acceptance","mooneye/acceptance/pop_timing.gb",crash,0
2026-07-26T15:23:47Z,092c729,"mooneye/acceptance","mooneye/acceptance/ppu/hblank_ly_scx_timing-GS.gb",crash,0
2026-07-26T15:23:47Z,092c729,"mooneye/acceptance","mooneye/acceptance/ppu/intr_1_2_timing-GS.gb",crash,0
2026-07-26T15:23:47Z,092c729,"mooneye/acceptance","mooneye/acceptance/ppu/intr_2_0_timing.gb",crash,0
2026-07-26T15:23:47Z,092c729,"mooneye/acceptance","mooneye/acceptance/ppu/intr_2_mode0_timing.gb",crash,0
2026-07-26T15:23:47Z,092c729,"mooneye/acceptance","mooneye/acceptance/ppu/intr_2_mode0_timing_sprites.gb",crash,0
2026-07-26T15:23:47Z,092c729,"mooneye/acceptance","mooneye/acceptance/ppu/intr_2_mode3_timing.gb",crash,0
2026-07-26T15:23:47Z,092c729,"mooneye/acceptance","mooneye/acceptance/ppu/intr_2_oam_ok_timing.gb",crash,0
2026-07-26T15:23:47Z,092c729,"mooneye/acceptance","mooneye/acceptance/ppu/lcdon_timing-GS.gb",crash,0
2026-07-26T15:23:47Z,092c729,"mooneye/acceptance","mooneye/acceptance/ppu/lcdon_write_timing-GS.gb",crash,0
2026-07-26T15:23:47Z,092c729,"mooneye/acceptance","mooneye/acceptance/ppu/stat_irq_blocking.gb",crash,0
2026-07-26T15:23:47Z,092c729,"mooneye/acceptance","mooneye/acceptance/ppu/stat_lyc_onoff.gb",crash,0
2026-07-26T15:23:47Z,092c729,"mooneye/acceptance","mooneye/acceptance/ppu/vblank_stat_intr-GS.gb",crash,0
2026-07-26T15:23:47Z,092c729,"mooneye/acceptance","mooneye/acceptance/push_timing.gb",crash,0
2026-07-26T15:23:47Z,092c729,"mooneye/acceptance","mooneye/acceptance/rapid_di_ei.gb",crash,0
2026-07-26T15:23:47Z,092c729,"mooneye/acceptance","mooneye/acceptance/ret_cc_timing.gb",crash,0
2026-07-26T15:23:47Z,092c729,"mooneye/acceptance","mooneye/acceptance/reti_intr_timing.gb",crash,0
2026-07-26T15:23:47Z,092c729,"mooneye/acceptance","mooneye/acceptance/reti_timing.gb",crash,0
2026-07-26T15:23:47Z,092c729,"mooneye/acceptance","mooneye/acceptance/ret_timing.gb",crash,0
2026-07-26T15:23:47Z,092c729,"mooneye/acceptance","mooneye/acceptance/rst_timing.gb",crash,0
2026-07-26T15:23:47Z,092c729,"mooneye/acceptance","mooneye/acceptance/serial/boot_sclk_align-dmgABCmgb.gb",crash,0
2026-07-26T15:23:47Z,092c729,"mooneye/acceptance","mooneye/acceptance/timer/div_write.gb",crash,0
2026-07-26T15:23:47Z,092c729,"mooneye/acceptance","mooneye/acceptance/timer/rapid_toggle.gb",crash,0
2026-07-26T15:23:47Z,092c729,"mooneye/acceptance","mooneye/acceptance/timer/tim00_div_trigger.gb",crash,0
2026-07-26T15:23:47Z,092c729,"mooneye/acceptance","mooneye/acceptance/timer/tim00.gb",crash,0
2026-07-26T15:23:47Z,092c729,"mooneye/acceptance","mooneye/acceptance/timer/tim01_div_trigger.gb",crash,0
2026-07-26T15:23:47Z,092c729,"mooneye/acceptance","mooneye/acceptance/timer/tim01.gb",crash,0
2026-07-26T15:23:47Z,092c729,"mooneye/acceptance","mooneye/acceptance/timer/tim10_div_trigger.gb",crash,0
2026-07-26T15:23:47Z,092c729,"mooneye/acceptance","mooneye/acceptance/timer/tim10.gb",crash,0
2026-07-26T15:23:47Z,092c729,"mooneye/acceptance","mooneye/acceptance/timer/tim11_div_trigger.gb",crash,0
2026-07-26T15:23:47Z,092c729,"mooneye/acceptance","mooneye/acceptance/timer/tim11.gb",crash,0
2026-07-26T15:23:47Z,092c729,"mooneye/acceptance","mooneye/acceptance/timer/tima_reload.gb",crash,0
2026-07-26T15:23:47Z,092c729,"mooneye/acceptance","mooneye/acceptance/timer/tima_write_reloading.gb",crash,0
2026-07-26T15:23:47Z,092c729,"mooneye/acceptance","mooneye/acceptance/timer/tma_write_reloading.gb",crash,0
2026-07-26T15:42:52Z,184593b,"blargg/cpu_instrs","blargg/cpu_instrs/cpu_instrs.gb",crash,0
2026-07-26T15:42:52Z,184593b,"blargg/cpu_instrs","blargg/cpu_instrs/individual/01-special.gb",crash,0
2026-07-26T15:42:52Z,184593b,"blargg/cpu_instrs","blargg/cpu_instrs/individual/02-interrupts.gb",crash,0
2026-07-26T15:42:52Z,184593b,"blargg/cpu_instrs","blargg/cpu_instrs/individual/03-op sp,hl.gb",crash,0
2026-07-26T15:42:52Z,184593b,"blargg/cpu_instrs","blargg/cpu_instrs/individual/04-op r,imm.gb",crash,0
2026-07-26T15:42:52Z,184593b,"blargg/cpu_instrs","blargg/cpu_instrs/individual/05-op rp.gb",crash,0
2026-07-26T15:42:52Z,184593b,"blargg/cpu_instrs","blargg/cpu_instrs/individual/06-ld r,r.gb",crash,0
2026-07-26T15:42:52Z,184593b,"blargg/cpu_instrs","blargg/cpu_instrs/individual/07-jr,jp,call,ret,rst.gb",crash,0
2026-07-26T15:42:52Z,184593b,"blargg/cpu_instrs","blargg/cpu_instrs/individual/08-misc instrs.gb",crash,0
2026-07-26T15:42:52Z,184593b,"blargg/cpu_instrs","blargg/cpu_instrs/individual/09-op r,r.gb",crash,0
2026-07-26T15:42:52Z,184593b,"blargg/cpu_instrs","blargg/cpu_instrs/individual/10-bit ops.gb",crash,0
2026-07-26T15:42:52Z,184593b,"blargg/cpu_instrs","blargg/cpu_instrs/individual/11-op a,(hl).gb",crash,0
2026-07-26T15:42:52Z,184593b,"blargg/dmg_sound","blargg/dmg_sound/dmg_sound.gb",crash,0
2026-07-26T15:42:52Z,184593b,"blargg/dmg_sound","blargg/dmg_sound/rom_singles/01-registers.gb",crash,0
2026-07-26T15:42:52Z,184593b,"blargg/dmg_sound","blargg/dmg_sound/rom_singles/02-len ctr.gb",crash,0
2026-07-26T15:42:52Z,184593b,"blargg/dmg_sound","blargg/dmg_sound/rom_singles/03-trigger.gb",crash,0
2026-07-26T15:42:52Z,184593b,"blargg/dmg_sound","blargg/dmg_sound/rom_singles/04-sweep.gb",crash,0
2026-07-26T15:42:52Z,184593b,"blargg/dmg_sound","blargg/dmg_sound/rom_singles/05-sweep details.gb",crash,0
2026-07-26T15:42:52Z,184593b,"blargg/dmg_sound","blargg/dmg_sound/rom_singles/06-overflow on trigger.gb",crash,0
2026-07-26T15:42:52Z,184593b,"blargg/dmg_sound","blargg/dmg_sound/rom_singles/07-len sweep period sync.gb",crash,0
2026-07-26T15:42:52Z,184593b,"blargg/dmg_sound","blargg/dmg_sound/rom_singles/08-len ctr during power.gb",crash,0
2026-07-26T15:42:52Z,184593b,"blargg/dmg_sound","blargg/dmg_sound/rom_singles/09-wave read while on.gb",crash,0
2026-07-26T15:42:52Z,184593b,"blargg/dmg_sound","blargg/dmg_sound/rom_singles/10-wave trigger while on.gb",crash,0
2026-07-26T15:42:52Z,184593b,"blargg/dmg_sound","blargg/dmg_sound/rom_singles/11-regs after power.gb",crash,0
2026-07-26T15:42:52Z,184593b,"blargg/dmg_sound","blargg/dmg_sound/rom_singles/12-wave write while on.gb",crash,0
2026-07-26T15:42:52Z,184593b,"blargg/halt_bug","blargg/halt_bug.gb",crash,0
2026-07-26T15:42:52Z,184593b,"blargg/instr_timing","blargg/instr_timing/instr_timing.gb",crash,0
2026-07-26T15:42:52Z,184593b,"blargg/interrupt_time","blargg/interrupt_time/interrupt_time.gb",crash,0
2026-07-26T15:42:52Z,184593b,"blargg/mem_timing-2","blargg/mem_timing-2/mem_timing.gb",crash,0
2026-07-26T15:42:52Z,184593b,"blargg/mem_timing-2","blargg/mem_timing-2/rom_singles/01-read_timing.gb",crash,0
2026-07-26T15:42:52Z,184593b,"blargg/mem_timing-2","blargg/mem_timing-2/rom_singles/02-write_timing.gb",crash,0
2026-07-26T15:42:52Z,184593b,"blargg/mem_timing-2","blargg/mem_timing-2/rom_singles/03-modify_timing.gb",crash,0
2026-07-26T15:42:52Z,184593b,"blargg/mem_timing","blargg/mem_timing/individual/01-read_timing.gb",crash,0
2026-07-26T15:42:52Z,184593b,"blargg/mem_timing","blargg/mem_timing/individual/02-write_timing.gb",crash,0
2026-07-26T15:42:52Z,184593b,"blargg/mem_timing","blargg/mem_timing/individual/03-modify_timing.gb",crash,0
2026-07-26T15:42:52Z,184593b,"blargg/mem_timing","blargg/mem_timing/mem_timing.gb",crash,0
2026-07-26T15:42:52Z,184593b,"blargg/oam_bug","blargg/oam_bug/oam_bug.gb",crash,0
2026-07-26T15:42:52Z,184593b,"blargg/oam_bug","blargg/oam_bug/rom_singles/1-lcd_sync.gb",crash,0
2026-07-26T15:42:52Z,184593b,"blargg/oam_bug","blargg/oam_bug/rom_singles/2-causes.gb",crash,0
2026-07-26T15:42:52Z,184593b,"blargg/oam_bug","blargg/oam_bug/rom_singles/3-non_causes.gb",crash,0
2026-07-26T15:42:52Z,184593b,"blargg/oam_bug","blargg/oam_bug/rom_singles/4-scanline_timing.gb",crash,0
2026-07-26T15:42:52Z,184593b,"blargg/oam_bug","blargg/oam_bug/rom_singles/5-timing_bug.gb",crash,0
2026-07-26T15:42:52Z,184593b,"blargg/oam_bug","blargg/oam_bug/rom_singles/6-timing_no_bug.gb",crash,0
2026-07-26T15:42:52Z,184593b,"blargg/oam_bug","blargg/oam_bug/rom_singles/7-timing_effect.gb",crash,0
2026-07-26T15:42:52Z,184593b,"blargg/oam_bug","blargg/oam_bug/rom_singles/8-instr_effect.gb",crash,0
2026-07-26T15:42:52Z,184593b,"dmg-acid2","dmg-acid2/dmg-acid2.gb",crash,0
2026-07-26T15:42:52Z,184593b,"mooneye/acceptance","mooneye/acceptance/add_sp_e_timing.gb",crash,0
2026-07-26T15:42:52Z,184593b,"mooneye/acceptance","mooneye/acceptance/bits/mem_oam.gb",crash,0
2026-07-26T15:42:52Z,184593b,"mooneye/acceptance","mooneye/acceptance/bits/reg_f.gb",crash,0
2026-07-26T15:42:52Z,184593b,"mooneye/acceptance","mooneye/acceptance/bits/unused_hwio-GS.gb",crash,0
2026-07-26T15:42:52Z,184593b,"mooneye/acceptance-nondmg","mooneye/acceptance/boot_div2-S.gb",crash,0
2026-07-26T15:42:52Z,184593b,"mooneye/acceptance-nondmg","mooneye/acceptance/boot_div-dmg0.gb",crash,0
2026-07-26T15:42:52Z,184593b,"mooneye/acceptance","mooneye/acceptance/boot_div-dmgABCmgb.gb",crash,0
2026-07-26T15:42:52Z,184593b,"mooneye/acceptance-nondmg","mooneye/acceptance/boot_div-S.gb",crash,0
2026-07-26T15:42:52Z,184593b,"mooneye/acceptance-nondmg","mooneye/acceptance/boot_hwio-dmg0.gb",crash,0
2026-07-26T15:42:52Z,184593b,"mooneye/acceptance","mooneye/acceptance/boot_hwio-dmgABCmgb.gb",crash,0
2026-07-26T15:42:52Z,184593b,"mooneye/acceptance-nondmg","mooneye/acceptance/boot_hwio-S.gb",crash,0
2026-07-26T15:42:52Z,184593b,"mooneye/acceptance-nondmg","mooneye/acceptance/boot_regs-dmg0.gb",crash,0
2026-07-26T15:42:52Z,184593b,"mooneye/acceptance","mooneye/acceptance/boot_regs-dmgABC.gb",crash,0
2026-07-26T15:42:52Z,184593b,"mooneye/acceptance-nondmg","mooneye/acceptance/boot_regs-mgb.gb",crash,0
2026-07-26T15:42:52Z,184593b,"mooneye/acceptance-nondmg","mooneye/acceptance/boot_regs-sgb2.gb",crash,0
2026-07-26T15:42:52Z,184593b,"mooneye/acceptance-nondmg","mooneye/acceptance/boot_regs-sgb.gb",crash,0
2026-07-26T15:42:52Z,184593b,"mooneye/acceptance","mooneye/acceptance/call_cc_timing2.gb",crash,0
2026-07-26T15:42:52Z,184593b,"mooneye/acceptance","mooneye/acceptance/call_cc_timing.gb",crash,0
2026-07-26T15:42:52Z,184593b,"mooneye/acceptance","mooneye/acceptance/call_timing2.gb",crash,0
2026-07-26T15:42:52Z,184593b,"mooneye/acceptance","mooneye/acceptance/call_timing.gb",crash,0
2026-07-26T15:42:52Z,184593b,"mooneye/acceptance","mooneye/acceptance/di_timing-GS.gb",crash,0
2026-07-26T15:42:52Z,184593b,"mooneye/acceptance","mooneye/acceptance/div_timing.gb",crash,0
2026-07-26T15:42:52Z,184593b,"mooneye/acceptance","mooneye/acceptance/ei_sequence.gb",crash,0
2026-07-26T15:42:52Z,184593b,"mooneye/acceptance","mooneye/acceptance/ei_timing.gb",crash,0
2026-07-26T15:42:52Z,184593b,"mooneye/acceptance","mooneye/acceptance/halt_ime0_ei.gb",crash,0
2026-07-26T15:42:52Z,184593b,"mooneye/acceptance","mooneye/acceptance/halt_ime0_nointr_timing.gb",crash,0
2026-07-26T15:42:52Z,184593b,"mooneye/acceptance","mooneye/acceptance/halt_ime1_timing2-GS.gb",crash,0
2026-07-26T15:42:52Z,184593b,"mooneye/acceptance","mooneye/acceptance/halt_ime1_timing.gb",crash,0
2026-07-26T15:42:52Z,184593b,"mooneye/acceptance","mooneye/acceptance/if_ie_registers.gb",crash,0
2026-07-26T15:42:52Z,184593b,"mooneye/acceptance","mooneye/acceptance/instr/daa.gb",crash,0
2026-07-26T15:42:52Z,184593b,"mooneye/acceptance","mooneye/acceptance/interrupts/ie_push.gb",crash,0
2026-07-26T15:42:52Z,184593b,"mooneye/acceptance","mooneye/acceptance/intr_timing.gb",crash,0
2026-07-26T15:42:52Z,184593b,"mooneye/acceptance","mooneye/acceptance/jp_cc_timing.gb",crash,0
2026-07-26T15:42:52Z,184593b,"mooneye/acceptance","mooneye/acceptance/jp_timing.gb",crash,0
2026-07-26T15:42:52Z,184593b,"mooneye/acceptance","mooneye/acceptance/ld_hl_sp_e_timing.gb",crash,0
2026-07-26T15:42:52Z,184593b,"mooneye/acceptance","mooneye/acceptance/oam_dma/basic.gb",crash,0
2026-07-26T15:42:52Z,184593b,"mooneye/acceptance","mooneye/acceptance/oam_dma/reg_read.gb",crash,0
2026-07-26T15:42:52Z,184593b,"mooneye/acceptance","mooneye/acceptance/oam_dma_restart.gb",crash,0
2026-07-26T15:42:52Z,184593b,"mooneye/acceptance","mooneye/acceptance/oam_dma/sources-GS.gb",crash,0
2026-07-26T15:42:52Z,184593b,"mooneye/acceptance","mooneye/acceptance/oam_dma_start.gb",crash,0
2026-07-26T15:42:52Z,184593b,"mooneye/acceptance","mooneye/acceptance/oam_dma_timing.gb",crash,0
2026-07-26T15:42:52Z,184593b,"mooneye/acceptance","mooneye/acceptance/pop_timing.gb",crash,0
2026-07-26T15:42:52Z,184593b,"mooneye/acceptance","mooneye/acceptance/ppu/hblank_ly_scx_timing-GS.gb",crash,0
2026-07-26T15:42:52Z,184593b,"mooneye/acceptance","mooneye/acceptance/ppu/intr_1_2_timing-GS.gb",crash,0
2026-07-26T15:42:52Z,184593b,"mooneye/acceptance","mooneye/acceptance/ppu/intr_2_0_timing.gb",crash,0
2026-07-26T15:42:52Z,184593b,"mooneye/acceptance","mooneye/acceptance/ppu/intr_2_mode0_timing.gb",crash,0
2026-07-26T15:42:52Z,184593b,"mooneye/acceptance","mooneye/acceptance/ppu/intr_2_mode0_timing_sprites.gb",crash,0
2026-07-26T15:42:52Z,184593b,"mooneye/acceptance","mooneye/acceptance/ppu/intr_2_mode3_timing.gb",crash,0
2026-07-26T15:42:52Z,184593b,"mooneye/acceptance","mooneye/acceptance/ppu/intr_2_oam_ok_timing.gb",crash,0
2026-07-26T15:42:52Z,184593b,"mooneye/acceptance","mooneye/acceptance/ppu/lcdon_timing-GS.gb",crash,0
2026-07-26T15:42:52Z,184593b,"mooneye/acceptance","mooneye/acceptance/ppu/lcdon_write_timing-GS.gb",crash,0
2026-07-26T15:42:52Z,184593b,"mooneye/acceptance","mooneye/acceptance/ppu/stat_irq_blocking.gb",crash,0
2026-07-26T15:42:52Z,184593b,"mooneye/acceptance","mooneye/acceptance/ppu/stat_lyc_onoff.gb",crash,0
2026-07-26T15:42:52Z,184593b,"mooneye/acceptance","mooneye/acceptance/ppu/vblank_stat_intr-GS.gb",crash,0
2026-07-26T15:42:52Z,184593b,"mooneye/acceptance","mooneye/acceptance/push_timing.gb",crash,0
2026-07-26T15:42:52Z,184593b,"mooneye/acceptance","mooneye/acceptance/rapid_di_ei.gb",crash,0
2026-07-26T15:42:52Z,184593b,"mooneye/acceptance","mooneye/acceptance/ret_cc_timing.gb",crash,0
2026-07-26T15:42:52Z,184593b,"mooneye/acceptance","mooneye/acceptance/reti_intr_timing.gb",crash,0
2026-07-26T15:42:52Z,184593b,"mooneye/acceptance","mooneye/acceptance/reti_timing.gb",crash,0
2026-07-26T15:42:52Z,184593b,"mooneye/acceptance","mooneye/acceptance/ret_timing.gb",crash,0
2026-07-26T15:42:52Z,184593b,"mooneye/acceptance","mooneye/acceptance/rst_timing.gb",crash,0
2026-07-26T15:42:52Z,184593b,"mooneye/acceptance","mooneye/acceptance/serial/boot_sclk_align-dmgABCmgb.gb",crash,0
2026-07-26T15:42:52Z,184593b,"mooneye/acceptance","mooneye/acceptance/timer/div_write.gb",crash,0
2026-07-26T15:42:52Z,184593b,"mooneye/acceptance","mooneye/acceptance/timer/rapid_toggle.gb",crash,0
2026-07-26T15:42:52Z,184593b,"mooneye/acceptance","mooneye/acceptance/timer/tim00_div_trigger.gb",crash,0
2026-07-26T15:42:52Z,184593b,"mooneye/acceptance","mooneye/acceptance/timer/tim00.gb",crash,0
2026-07-26T15:42:52Z,184593b,"mooneye/acceptance","mooneye/acceptance/timer/tim01_div_trigger.gb",crash,0
2026-07-26T15:42:52Z,184593b,"mooneye/acceptance","mooneye/acceptance/timer/tim01.gb",crash,0
2026-07-26T15:42:52Z,184593b,"mooneye/acceptance","mooneye/acceptance/timer/tim10_div_trigger.gb",crash,0
2026-07-26T15:42:52Z,184593b,"mooneye/acceptance","mooneye/acceptance/timer/tim10.gb",crash,0
2026-07-26T15:42:52Z,184593b,"mooneye/acceptance","mooneye/acceptance/timer/tim11_div_trigger.gb",crash,0
2026-07-26T15:42:52Z,184593b,"mooneye/acceptance","mooneye/acceptance/timer/tim11.gb",crash,0
2026-07-26T15:42:52Z,184593b,"mooneye/acceptance","mooneye/acceptance/timer/tima_reload.gb",crash,0
2026-07-26T15:42:52Z,184593b,"mooneye/acceptance","mooneye/acceptance/timer/tima_write_reloading.gb",crash,0
2026-07-26T15:42:52Z,184593b,"mooneye/acceptance","mooneye/acceptance/timer/tma_write_reloading.gb",crash,0
2026-07-26T16:12:16Z,9316e2d,"blargg/cpu_instrs","blargg/cpu_instrs/cpu_instrs.gb",crash,0
2026-07-26T16:12:16Z,9316e2d,"blargg/cpu_instrs","blargg/cpu_instrs/individual/01-special.gb",crash,0
2026-07-26T16:12:16Z,9316e2d,"blargg/cpu_instrs","blargg/cpu_instrs/individual/02-interrupts.gb",crash,0
2026-07-26T16:12:16Z,9316e2d,"blargg/cpu_instrs","blargg/cpu_instrs/individual/03-op sp,hl.gb",crash,0
2026-07-26T16:12:16Z,9316e2d,"blargg/cpu_instrs","blargg/cpu_instrs/individual/04-op r,imm.gb",crash,0
2026-07-26T16:12:16Z,9316e2d,"blargg/cpu_instrs","blargg/cpu_instrs/individual/05-op rp.gb",crash,0
2026-07-26T16:12:16Z,9316e2d,"blargg/cpu_instrs","blargg/cpu_instrs/individual/06-ld r,r.gb",crash,0
2026-07-26T16:12:16Z,9316e2d,"blargg/cpu_instrs","blargg/cpu_instrs/individual/07-jr,jp,call,ret,rst.gb",crash,0
2026-07-26T16:12:16Z,9316e2d,"blargg/cpu_instrs","blargg/cpu_instrs/individual/08-misc instrs.gb",crash,0
2026-07-26T16:12:16Z,9316e2d,"blargg/cpu_instrs","blargg/cpu_instrs/individual/09-op r,r.gb",crash,0
2026-07-26T16:12:16Z,9316e2d,"blargg/cpu_instrs","blargg/cpu_instrs/individual/10-bit ops.gb",crash,0
2026-07-26T16:12:16Z,9316e2d,"blargg/cpu_instrs","blargg/cpu_instrs/individual/11-op a,(hl).gb",crash,0
2026-07-26T16:12:16Z,9316e2d,"blargg/dmg_sound","blargg/dmg_sound/dmg_sound.gb",crash,0
2026-07-26T16:12:16Z,9316e2d,"blargg/dmg_sound","blargg/dmg_sound/rom_singles/01-registers.gb",crash,0
2026-07-26T16:12:16Z,9316e2d,"blargg/dmg_sound","blargg/dmg_sound/rom_singles/02-len ctr.gb",crash,0
2026-07-26T16:12:16Z,9316e2d,"blargg/dmg_sound","blargg/dmg_sound/rom_singles/03-trigger.gb",crash,0
2026-07-26T16:12:16Z,9316e2d,"blargg/dmg_sound","blargg/dmg_sound/rom_singles/04-sweep.gb",crash,0
2026-07-26T16:12:16Z,9316e2d,"blargg/dmg_sound","blargg/dmg_sound/rom_singles/05-sweep details.gb",crash,0
2026-07-26T16:12:16Z,9316e2d,"blargg/dmg_sound","blargg/dmg_sound/rom_singles/06-overflow on trigger.gb",crash,0
2026-07-26T16:12:16Z,9316e2d,"blargg/dmg_sound","blargg/dmg_sound/rom_singles/07-len sweep period sync.gb",crash,0
2026-07-26T16:12:16Z,9316e2d,"blargg/dmg_sound","blargg/dmg_sound/rom_singles/08-len ctr during power.gb",crash,0
2026-07-26T16:12:16Z,9316e2d,"blargg/dmg_sound","blargg/dmg_sound/rom_singles/09-wave read while on.gb",crash,0
2026-07-26T16:12:16Z,9316e2d,"blargg/dmg_sound","blargg/dmg_sound/rom_singles/10-wave trigger while on.gb",crash,0
2026-07-26T16:12:16Z,9316e2d,"blargg/dmg_sound","blargg/dmg_sound/rom_singles/11-regs after power.gb",crash,0
2026-07-26T16:12:16Z,9316e2d,"blargg/dmg_sound","blargg/dmg_sound/rom_singles/12-wave write while on.gb",crash,0
2026-07-26T16:12:16Z,9316e2d,"blargg/halt_bug","blargg/halt_bug.gb",crash,0
2026-07-26T16:12:16Z,9316e2d,"blargg/instr_timing","blargg/instr_timing/instr_timing.gb",crash,0
2026-07-26T16:12:16Z,9316e2d,"blargg/interrupt_time","blargg/interrupt_time/interrupt_time.gb",crash,0
2026-07-26T16:12:16Z,9316e2d,"blargg/mem_timing-2","blargg/mem_timing-2/mem_timing.gb",crash,0
2026-07-26T16:12:16Z,9316e2d,"blargg/mem_timing-2","blargg/mem_timing-2/rom_singles/01-read_timing.gb",crash,0
2026-07-26T16:12:16Z,9316e2d,"blargg/mem_timing-2","blargg/mem_timing-2/rom_singles/02-write_timing.gb",crash,0
2026-07-26T16:12:16Z,9316e2d,"blargg/mem_timing-2","blargg/mem_timing-2/rom_singles/03-modify_timing.gb",crash,0
2026-07-26T16:12:16Z,9316e2d,"blargg/mem_timing","blargg/mem_timing/individual/01-read_timing.gb",crash,0
2026-07-26T16:12:16Z,9316e2d,"blargg/mem_timing","blargg/mem_timing/individual/02-write_timing.gb",crash,0
2026-07-26T16:12:16Z,9316e2d,"blargg/mem_timing","blargg/mem_timing/individual/03-modify_timing.gb",crash,0
2026-07-26T16:12:16Z,9316e2d,"blargg/mem_timing","blargg/mem_timing/mem_timing.gb",crash,0
2026-07-26T16:12:16Z,9316e2d,"blargg/oam_bug","blargg/oam_bug/oam_bug.gb",crash,0
2026-07-26T16:12:16Z,9316e2d,"blargg/oam_bug","blargg/oam_bug/rom_singles/1-lcd_sync.gb",crash,0
2026-07-26T16:12:16Z,9316e2d,"blargg/oam_bug","blargg/oam_bug/rom_singles/2-causes.gb",crash,0
2026-07-26T16:12:16Z,9316e2d,"blargg/oam_bug","blargg/oam_bug/rom_singles/3-non_causes.gb",crash,0
2026-07-26T16:12:16Z,9316e2d,"blargg/oam_bug","blargg/oam_bug/rom_singles/4-scanline_timing.gb",crash,0
2026-07-26T16:12:16Z,9316e2d,"blargg/oam_bug","blargg/oam_bug/rom_singles/5-timing_bug.gb",crash,0
2026-07-26T16:12:16Z,9316e2d,"blargg/oam_bug","blargg/oam_bug/rom_singles/6-timing_no_bug.gb",crash,0
2026-07-26T16:12:16Z,9316e2d,"blargg/oam_bug","blargg/oam_bug/rom_singles/7-timing_effect.gb",crash,0
2026-07-26T16:12:16Z,9316e2d,"blargg/oam_bug","blargg/oam_bug/rom_singles/8-instr_effect.gb",crash,0
2026-07-26T16:12:16Z,9316e2d,"dmg-acid2","dmg-acid2/dmg-acid2.gb",crash,0
2026-07-26T16:12:16Z,9316e2d,"mooneye/acceptance","mooneye/acceptance/add_sp_e_timing.gb",crash,0
2026-07-26T16:12:16Z,9316e2d,"mooneye/acceptance","mooneye/acceptance/bits/mem_oam.gb",crash,0
2026-07-26T16:12:16Z,9316e2d,"mooneye/acceptance","mooneye/acceptance/bits/reg_f.gb",crash,0
2026-07-26T16:12:16Z,9316e2d,"mooneye/acceptance","mooneye/acceptance/bits/unused_hwio-GS.gb",crash,0
2026-07-26T16:12:16Z,9316e2d,"mooneye/acceptance-nondmg","mooneye/acceptance/boot_div2-S.gb",crash,0
2026-07-26T16:12:16Z,9316e2d,"mooneye/acceptance-nondmg","mooneye/acceptance/boot_div-dmg0.gb",crash,0
2026-07-26T16:12:16Z,9316e2d,"mooneye/acceptance","mooneye/acceptance/boot_div-dmgABCmgb.gb",crash,0
2026-07-26T16:12:16Z,9316e2d,"mooneye/acceptance-nondmg","mooneye/acceptance/boot_div-S.gb",crash,0
2026-07-26T16:12:16Z,9316e2d,"mooneye/acceptance-nondmg","mooneye/acceptance/boot_hwio-dmg0.gb",crash,0
2026-07-26T16:12:16Z,9316e2d,"mooneye/acceptance","mooneye/acceptance/boot_hwio-dmgABCmgb.gb",crash,0
2026-07-26T16:12:16Z,9316e2d,"mooneye/acceptance-nondmg","mooneye/acceptance/boot_hwio-S.gb",crash,0
2026-07-26T16:12:16Z,9316e2d,"mooneye/acceptance-nondmg","mooneye/acceptance/boot_regs-dmg0.gb",crash,0
2026-07-26T16:12:16Z,9316e2d,"mooneye/acceptance","mooneye/acceptance/boot_regs-dmgABC.gb",crash,0
2026-07-26T16:12:16Z,9316e2d,"mooneye/acceptance-nondmg","mooneye/acceptance/boot_regs-mgb.gb",crash,0
2026-07-26T16:12:16Z,9316e2d,"mooneye/acceptance-nondmg","mooneye/acceptance/boot_regs-sgb2.gb",crash,0
2026-07-26T16:12:16Z,9316e2d,"mooneye/acceptance-nondmg","mooneye/acceptance/boot_regs-sgb.gb",crash,0
2026-07-26T16:12:16Z,9316e2d,"mooneye/acceptance","mooneye/acceptance/call_cc_timing2.gb",crash,0
2026-07-26T16:12:16Z,9316e2d,"mooneye/acceptance","mooneye/acceptance/call_cc_timing.gb",crash,0
2026-07-26T16:12:16Z,9316e2d,"mooneye/acceptance","mooneye/acceptance/call_timing2.gb",crash,0
2026-07-26T16:12:16Z,9316e2d,"mooneye/acceptance","mooneye/acceptance/call_timing.gb",crash,0
2026-07-26T16:12:16Z,9316e2d,"mooneye/acceptance","mooneye/acceptance/di_timing-GS.gb",crash,0
2026-07-26T16:12:16Z,9316e2d,"mooneye/acceptance","mooneye/acceptance/div_timing.gb",crash,0
2026-07-26T16:12:16Z,9316e2d,"mooneye/acceptance","mooneye/acceptance/ei_sequence.gb",crash,0
2026-07-26T16:12:16Z,9316e2d,"mooneye/acceptance","mooneye/acceptance/ei_timing.gb",crash,0
2026-07-26T16:12:16Z,9316e2d,"mooneye/acceptance","mooneye/acceptance/halt_ime0_ei.gb",crash,0
2026-07-26T16:12:16Z,9316e2d,"mooneye/acceptance","mooneye/acceptance/halt_ime0_nointr_timing.gb",crash,0
2026-07-26T16:12:16Z,9316e2d,"mooneye/acceptance","mooneye/acceptance/halt_ime1_timing2-GS.gb",crash,0
2026-07-26T16:12:16Z,9316e2d,"mooneye/acceptance","mooneye/acceptance/halt_ime1_timing.gb",crash,0
2026-07-26T16:12:16Z,9316e2d,"mooneye/acceptance","mooneye/acceptance/if_ie_registers.gb",crash,0
2026-07-26T16:12:16Z,9316e2d,"mooneye/acceptance","mooneye/acceptance/instr/daa.gb",crash,0
2026-07-26T16:12:16Z,9316e2d,"mooneye/acceptance","mooneye/acceptance/interrupts/ie_push.gb",crash,0
2026-07-26T16:12:16Z,9316e2d,"mooneye/acceptance","mooneye/acceptance/intr_timing.gb",crash,0
2026-07-26T16:12:16Z,9316e2d,"mooneye/acceptance","mooneye/acceptance/jp_cc_timing.gb",crash,0
2026-07-26T16:12:16Z,9316e2d,"mooneye/acceptance","mooneye/acceptance/jp_timing.gb",crash,0
2026-07-26T16:12:16Z,9316e2d,"mooneye/acceptance","mooneye/acceptance/ld_hl_sp_e_timing.gb",crash,0
2026-07-26T16:12:16Z,9316e2d,"mooneye/acceptance","mooneye/acceptance/oam_dma/basic.gb",crash,0
2026-07-26T16:12:16Z,9316e2d,"mooneye/acceptance","mooneye/acceptance/oam_dma/reg_read.gb",crash,0
2026-07-26T16:12:16Z,9316e2d,"mooneye/acceptance","mooneye/acceptance/oam_dma_restart.gb",crash,0
2026-07-26T16:12:16Z,9316e2d,"mooneye/acceptance","mooneye/acceptance/oam_dma/sources-GS.gb",crash,0
2026-07-26T16:12:16Z,9316e2d,"mooneye/acceptance","mooneye/acceptance/oam_dma_start.gb",crash,0
2026-07-26T16:12:16Z,9316e2d,"mooneye/acceptance","mooneye/acceptance/oam_dma_timing.gb",crash,0
2026-07-26T16:12:16Z,9316e2d,"mooneye/acceptance","mooneye/acceptance/pop_timing.gb",crash,0
2026-07-26T16:12:16Z,9316e2d,"mooneye/acceptance","mooneye/acceptance/ppu/hblank_ly_scx_timing-GS.gb",crash,0
2026-07-26T16:12:16Z,9316e2d,"mooneye/acceptance","mooneye/acceptance/ppu/intr_1_2_timing-GS.gb",crash,0
2026-07-26T16:12:16Z,9316e2d,"mooneye/acceptance","mooneye/acceptance/ppu/intr_2_0_timing.gb",crash,0
2026-07-26T16:12:16Z,9316e2d,"mooneye/acceptance","mooneye/acceptance/ppu/intr_2_mode0_timing.gb",crash,0
2026-07-26T16:12:16Z,9316e2d,"mooneye/acceptance","mooneye/acceptance/ppu/intr_2_mode0_timing_sprites.gb",crash,0
2026-07-26T16:12:16Z,9316e2d,"mooneye/acceptance","mooneye/acceptance/ppu/intr_2_mode3_timing.gb",crash,0
2026-07-26T16:12:16Z,9316e2d,"mooneye/acceptance","mooneye/acceptance/ppu/intr_2_oam_ok_timing.gb",crash,0
2026-07-26T16:12:16Z,9316e2d,"mooneye/acceptance","mooneye/acceptance/ppu/lcdon_timing-GS.gb",crash,0
2026-07-26T16:12:16Z,9316e2d,"mooneye/acceptance","mooneye/acceptance/ppu/lcdon_write_timing-GS.gb",crash,0
2026-07-26T16:12:16Z,9316e2d,"mooneye/acceptance","mooneye/acceptance/ppu/stat_irq_blocking.gb",crash,0
2026-07-26T16:12:16Z,9316e2d,"mooneye/acceptance","mooneye/acceptance/ppu/stat_lyc_onoff.gb",crash,0
2026-07-26T16:12:16Z,9316e2d,"mooneye/acceptance","mooneye/acceptance/ppu/vblank_stat_intr-GS.gb",crash,0
2026-07-26T16:12:16Z,9316e2d,"mooneye/acceptance","mooneye/acceptance/push_timing.gb",crash,0
2026-07-26T16:12:16Z,9316e2d,"mooneye/acceptance","mooneye/acceptance/rapid_di_ei.gb",crash,0
2026-07-26T16:12:16Z,9316e2d,"mooneye/acceptance","mooneye/acceptance/ret_cc_timing.gb",crash,0
2026-07-26T16:12:16Z,9316e2d,"mooneye/acceptance","mooneye/acceptance/reti_intr_timing.gb",crash,0
2026-07-26T16:12:16Z,9316e2d,"mooneye/acceptance","mooneye/acceptance/reti_timing.gb",crash,0
2026-07-26T16:12:16Z,9316e2d,"mooneye/acceptance","mooneye/acceptance/ret_timing.gb",crash,0
2026-07-26T16:12:16Z,9316e2d,"mooneye/acceptance","mooneye/acceptance/rst_timing.gb",crash,0
2026-07-26T16:12:16Z,9316e2d,"mooneye/acceptance","mooneye/acceptance/serial/boot_sclk_align-dmgABCmgb.gb",crash,0
2026-07-26T16:12:16Z,9316e2d,"mooneye/acceptance","mooneye/acceptance/timer/div_write.gb",crash,0
2026-07-26T16:12:16Z,9316e2d,"mooneye/acceptance","mooneye/acceptance/timer/rapid_toggle.gb",crash,0
2026-07-26T16:12:16Z,9316e2d,"mooneye/acceptance","mooneye/acceptance/timer/tim00_div_trigger.gb",crash,0
2026-07-26T16:12:16Z,9316e2d,"mooneye/acceptance","mooneye/acceptance/timer/tim00.gb",crash,0
2026-07-26T16:12:16Z,9316e2d,"mooneye/acceptance","mooneye/acceptance/timer/tim01_div_trigger.gb",crash,0
2026-07-26T16:12:16Z,9316e2d,"mooneye/acceptance","mooneye/acceptance/timer/tim01.gb",crash,0
2026-07-26T16:12:16Z,9316e2d,"mooneye/acceptance","mooneye/acceptance/timer/tim10_div_trigger.gb",crash,0
2026-07-26T16:12:16Z,9316e2d,"mooneye/acceptance","mooneye/acceptance/timer/tim10.gb",crash,0
2026-07-26T16:12:16Z,9316e2d,"mooneye/acceptance","mooneye/acceptance/timer/tim11_div_trigger.gb",crash,0
2026-07-26T16:12:16Z,9316e2d,"mooneye/acceptance","mooneye/acceptance/timer/tim11.gb",crash,0
2026-07-26T16:12:16Z,9316e2d,"mooneye/acceptance","mooneye/acceptance/timer/tima_reload.gb",crash,0
2026-07-26T16:12:16Z,9316e2d,"mooneye/acceptance","mooneye/acceptance/timer/tima_write_reloading.gb",crash,0
2026-07-26T16:12:16Z,9316e2d,"mooneye/acceptance","mooneye/acceptance/timer/tma_write_reloading.gb",crash,0
2026-07-26T16:30:26Z,2b94423,"blargg/cpu_instrs","blargg/cpu_instrs/cpu_instrs.gb",crash,0
2026-07-26T16:30:26Z,2b94423,"blargg/cpu_instrs","blargg/cpu_instrs/individual/01-special.gb",crash,0
2026-07-26T16:30:26Z,2b94423,"blargg/cpu_instrs","blargg/cpu_instrs/individual/02-interrupts.gb",crash,0
2026-07-26T16:30:26Z,2b94423,"blargg/cpu_instrs","blargg/cpu_instrs/individual/03-op sp,hl.gb",crash,0
2026-07-26T16:30:26Z,2b94423,"blargg/cpu_instrs","blargg/cpu_instrs/individual/04-op r,imm.gb",crash,0
2026-07-26T16:30:26Z,2b94423,"blargg/cpu_instrs","blargg/cpu_instrs/individual/05-op rp.gb",crash,0
2026-07-26T16:30:26Z,2b94423,"blargg/cpu_instrs","blargg/cpu_instrs/individual/06-ld r,r.gb",crash,0
2026-07-26T16:30:26Z,2b94423,"blargg/cpu_instrs","blargg/cpu_instrs/individual/07-jr,jp,call,ret,rst.gb",crash,0
2026-07-26T16:30:26Z,2b94423,"blargg/cpu_instrs","blargg/cpu_instrs/individual/08-misc instrs.gb",crash,0
2026-07-26T16:30:26Z,2b94423,"blargg/cpu_instrs","blargg/cpu_instrs/individual/09-op r,r.gb",crash,0
2026-07-26T16:30:26Z,2b94423,"blargg/cpu_instrs","blargg/cpu_instrs/individual/10-bit ops.gb",crash,0
2026-07-26T16:30:26Z,2b94423,"blargg/cpu_instrs","blargg/cpu_instrs/individual/11-op a,(hl).gb",crash,0
2026-07-26T16:30:26Z,2b94423,"blargg/dmg_sound","blargg/dmg_sound/dmg_sound.gb",crash,0
2026-07-26T16:30:26Z,2b94423,"blargg/dmg_sound","blargg/dmg_sound/rom_singles/01-registers.gb",crash,0
2026-07-26T16:30:26Z,2b94423,"blargg/dmg_sound","blargg/dmg_sound/rom_singles/02-len ctr.gb",crash,0
2026-07-26T16:30:26Z,2b94423,"blargg/dmg_sound","blargg/dmg_sound/rom_singles/03-trigger.gb",crash,0
2026-07-26T16:30:26Z,2b94423,"blargg/dmg_sound","blargg/dmg_sound/rom_singles/04-sweep.gb",crash,0
2026-07-26T16:30:26Z,2b94423,"blargg/dmg_sound","blargg/dmg_sound/rom_singles/05-sweep details.gb",crash,0
2026-07-26T16:30:26Z,2b94423,"blargg/dmg_sound","blargg/dmg_sound/rom_singles/06-overflow on trigger.gb",crash,0
2026-07-26T16:30:26Z,2b94423,"blargg/dmg_sound","blargg/dmg_sound/rom_singles/07-len sweep period sync.gb",crash,0
2026-07-26T16:30:26Z,2b94423,"blargg/dmg_sound","blargg/dmg_sound/rom_singles/08-len ctr during power.gb",crash,0
2026-07-26T16:30:26Z,2b94423,"blargg/dmg_sound","blargg/dmg_sound/rom_singles/09-wave read while on.gb",crash,0
2026-07-26T16:30:26Z,2b94423,"blargg/dmg_sound","blargg/dmg_sound/rom_singles/10-wave trigger while on.gb",crash,0
2026-07-26T16:30:26Z,2b94423,"blargg/dmg_sound","blargg/dmg_sound/rom_singles/11-regs after power.gb",crash,0
2026-07-26T16:30:26Z,2b94423,"blargg/dmg_sound","blargg/dmg_sound/rom_singles/12-wave write while on.gb",crash,0
2026-07-26T16:30:26Z,2b94423,"blargg/halt_bug","blargg/halt_bug.gb",crash,0
2026-07-26T16:30:26Z,2b94423,"blargg/instr_timing","blargg/instr_timing/instr_timing.gb",crash,0
2026-07-26T16:30:26Z,2b94423,"blargg/interrupt_time","blargg/interrupt_time/interrupt_time.gb",crash,0
2026-07-26T16:30:26Z,2b94423,"blargg/mem_timing-2","blargg/mem_timing-2/mem_timing.gb",crash,0
2026-07-26T16:30:26Z,2b94423,"blargg/mem_timing-2","blargg/mem_timing-2/rom_singles/01-read_timing.gb",crash,0
2026-07-26T16:30:26Z,2b94423,"blargg/mem_timing-2","blargg/mem_timing-2/rom_singles/02-write_timing.gb",crash,0
2026-07-26T16:30:26Z,2b94423,"blargg/mem_timing-2","blargg/mem_timing-2/rom_singles/03-modify_timing.gb",crash,0
2026-07-26T16:30:26Z,2b94423,"blargg/mem_timing","blargg/mem_timing/individual/01-read_timing.gb",crash,0
2026-07-26T16:30:26Z,2b94423,"blargg/mem_timing","blargg/mem_timing/individual/02-write_timing.gb",crash,0
2026-07-26T16:30:26Z,2b94423,"blargg/mem_timing","blargg/mem_timing/individual/03-modify_timing.gb",crash,0
2026-07-26T16:30:26Z,2b94423,"blargg/mem_timing","blargg/mem_timing/mem_timing.gb",crash,0
2026-07-26T16:30:26Z,2b94423,"blargg/oam_bug","blargg/oam_bug/oam_bug.gb",crash,0
2026-07-26T16:30:26Z,2b94423,"blargg/oam_bug","blargg/oam_bug/rom_singles/1-lcd_sync.gb",crash,0
2026-07-26T16:30:26Z,2b94423,"blargg/oam_bug","blargg/oam_bug/rom_singles/2-causes.gb",crash,0
2026-07-26T16:30:26Z,2b94423,"blargg/oam_bug","blargg/oam_bug/rom_singles/3-non_causes.gb",crash,0
2026-07-26T16:30:26Z,2b94423,"blargg/oam_bug","blargg/oam_bug/rom_singles/4-scanline_timing.gb",crash,0
2026-07-26T16:30:26Z,2b94423,"blargg/oam_bug","blargg/oam_bug/rom_singles/5-timing_bug.gb",crash,0
2026-07-26T16:30:26Z,2b94423,"blargg/oam_bug","blargg/oam_bug/rom_singles/6-timing_no_bug.gb",crash,0
2026-07-26T16:30:26Z,2b94423,"blargg/oam_bug","blargg/oam_bug/rom_singles/7-timing_effect.gb",crash,0
2026-07-26T16:30:26Z,2b94423,"blargg/oam_bug","blargg/oam_bug/rom_singles/8-instr_effect.gb",crash,0
2026-07-26T16:30:26Z,2b94423,"dmg-acid2","dmg-acid2/dmg-acid2.gb",crash,0
2026-07-26T16:30:26Z,2b94423,"mooneye/acceptance","mooneye/acceptance/add_sp_e_timing.gb",crash,0
2026-07-26T16:30:26Z,2b94423,"mooneye/acceptance","mooneye/acceptance/bits/mem_oam.gb",crash,0
2026-07-26T16:30:26Z,2b94423,"mooneye/acceptance","mooneye/acceptance/bits/reg_f.gb",crash,0
2026-07-26T16:30:26Z,2b94423,"mooneye/acceptance","mooneye/acceptance/bits/unused_hwio-GS.gb",crash,0
2026-07-26T16:30:26Z,2b94423,"mooneye/acceptance-nondmg","mooneye/acceptance/boot_div2-S.gb",crash,0
2026-07-26T16:30:26Z,2b94423,"mooneye/acceptance-nondmg","mooneye/acceptance/boot_div-dmg0.gb",crash,0
2026-07-26T16:30:26Z,2b94423,"mooneye/acceptance","mooneye/acceptance/boot_div-dmgABCmgb.gb",crash,0
2026-07-26T16:30:26Z,2b94423,"mooneye/acceptance-nondmg","mooneye/acceptance/boot_div-S.gb",crash,0
2026-07-26T16:30:26Z,2b94423,"mooneye/acceptance-nondmg","mooneye/acceptance/boot_hwio-dmg0.gb",crash,0
2026-07-26T16:30:26Z,2b94423,"mooneye/acceptance","mooneye/acceptance/boot_hwio-dmgABCmgb.gb",crash,0
2026-07-26T16:30:26Z,2b94423,"mooneye/acceptance-nondmg","mooneye/acceptance/boot_hwio-S.gb",crash,0
2026-07-26T16:30:26Z,2b94423,"mooneye/acceptance-nondmg","mooneye/acceptance/boot_regs-dmg0.gb",crash,0
2026-07-26T16:30:26Z,2b94423,"mooneye/acceptance","mooneye/acceptance/boot_regs-dmgABC.gb",crash,0
2026-07-26T16:30:26Z,2b94423,"mooneye/acceptance-nondmg","mooneye/acceptance/boot_regs-mgb.gb",crash,0
2026-07-26T16:30:26Z,2b94423,"mooneye/acceptance-nondmg","mooneye/acceptance/boot_regs-sgb2.gb",crash,0
2026-07-26T16:30:26Z,2b94423,"mooneye/acceptance-nondmg","mooneye/acceptance/boot_regs-sgb.gb",crash,0
2026-07-26T16:30:26Z,2b94423,"mooneye/acceptance","mooneye/acceptance/call_cc_timing2.gb",crash,0
2026-07-26T16:30:26Z,2b94423,"mooneye/acceptance","mooneye/acceptance/call_cc_timing.gb",crash,0
2026-07-26T16:30:26Z,2b94423,"mooneye/acceptance","mooneye/acceptance/call_timing2.gb",crash,0
2026-07-26T16:30:26Z,2b94423,"mooneye/acceptance","mooneye/acceptance/call_timing.gb",crash,0
2026-07-26T16:30:26Z,2b94423,"mooneye/acceptance","mooneye/acceptance/di_timing-GS.gb",crash,0
2026-07-26T16:30:26Z,2b94423,"mooneye/acceptance","mooneye/acceptance/div_timing.gb",crash,0
2026-07-26T16:30:26Z,2b94423,"mooneye/acceptance","mooneye/acceptance/ei_sequence.gb",crash,0
2026-07-26T16:30:26Z,2b94423,"mooneye/acceptance","mooneye/acceptance/ei_timing.gb",crash,0
2026-07-26T16:30:26Z,2b94423,"mooneye/acceptance","mooneye/acceptance/halt_ime0_ei.gb",crash,0
2026-07-26T16:30:26Z,2b94423,"mooneye/acceptance","mooneye/acceptance/halt_ime0_nointr_timing.gb",crash,0
2026-07-26T16:30:26Z,2b94423,"mooneye/acceptance","mooneye/acceptance/halt_ime1_timing2-GS.gb",crash,0
2026-07-26T16:30:26Z,2b94423,"mooneye/acceptance","mooneye/acceptance/halt_ime1_timing.gb",crash,0
2026-07-26T16:30:26Z,2b94423,"mooneye/acceptance","mooneye/acceptance/if_ie_registers.gb",crash,0
2026-07-26T16:30:26Z,2b94423,"mooneye/acceptance","mooneye/acceptance/instr/daa.gb",crash,0
2026-07-26T16:30:26Z,2b94423,"mooneye/acceptance","mooneye/acceptance/interrupts/ie_push.gb",crash,0
2026-07-26T16:30:26Z,2b94423,"mooneye/acceptance","mooneye/acceptance/intr_timing.gb",crash,0
2026-07-26T16:30:26Z,2b94423,"mooneye/acceptance","mooneye/acceptance/jp_cc_timing.gb",crash,0
2026-07-26T16:30:26Z,2b94423,"mooneye/acceptance","mooneye/acceptance/jp_timing.gb",crash,0
2026-07-26T16:30:26Z,2b94423,"mooneye/acceptance","mooneye/acceptance/ld_hl_sp_e_timing.gb",crash,0
2026-07-26T16:30:26Z,2b94423,"mooneye/acceptance","mooneye/acceptance/oam_dma/basic.gb",crash,0
2026-07-26T16:30:26Z,2b94423,"mooneye/acceptance","mooneye/acceptance/oam_dma/reg_read.gb",crash,0
2026-07-26T16:30:26Z,2b94423,"mooneye/acceptance","mooneye/acceptance/oam_dma_restart.gb",crash,0
2026-07-26T16:30:26Z,2b94423,"mooneye/acceptance","mooneye/acceptance/oam_dma/sources-GS.gb",crash,0
2026-07-26T16:30:26Z,2b94423,"mooneye/acceptance","mooneye/acceptance/oam_dma_start.gb",crash,0
2026-07-26T16:30:26Z,2b94423,"mooneye/acceptance","mooneye/acceptance/oam_dma_timing.gb",crash,0
2026-07-26T16:30:26Z,2b94423,"mooneye/acceptance","mooneye/acceptance/pop_timing.gb",crash,0
2026-07-26T16:30:26Z,2b94423,"mooneye/acceptance","mooneye/acceptance/ppu/hblank_ly_scx_timing-GS.gb",crash,0
2026-07-26T16:30:26Z,2b94423,"mooneye/acceptance","mooneye/acceptance/ppu/intr_1_2_timing-GS.gb",crash,0
2026-07-26T16:30:26Z,2b94423,"mooneye/acceptance","mooneye/acceptance/ppu/intr_2_0_timing.gb",crash,0
2026-07-26T16:30:26Z,2b94423,"mooneye/acceptance","mooneye/acceptance/ppu/intr_2_mode0_timing.gb",crash,0
2026-07-26T16:30:26Z,2b94423,"mooneye/acceptance","mooneye/acceptance/ppu/intr_2_mode0_timing_sprites.gb",crash,0
2026-07-26T16:30:26Z,2b94423,"mooneye/acceptance","mooneye/acceptance/ppu/intr_2_mode3_timing.gb",crash,0
2026-07-26T16:30:26Z,2b94423,"mooneye/acceptance","mooneye/acceptance/ppu/intr_2_oam_ok_timing.gb",crash,0
2026-07-26T16:30:26Z,2b94423,"mooneye/acceptance","mooneye/acceptance/ppu/lcdon_timing-GS.gb",crash,0
2026-07-26T16:30:26Z,2b94423,"mooneye/acceptance","mooneye/acceptance/ppu/lcdon_write_timing-GS.gb",crash,0
2026-07-26T16:30:26Z,2b94423,"mooneye/acceptance","mooneye/acceptance/ppu/stat_irq_blocking.gb",crash,0
2026-07-26T16:30:26Z,2b94423,"mooneye/acceptance","mooneye/acceptance/ppu/stat_lyc_onoff.gb",crash,0
2026-07-26T16:30:26Z,2b94423,"mooneye/acceptance","mooneye/acceptance/ppu/vblank_stat_intr-GS.gb",crash,0
2026-07-26T16:30:26Z,2b94423,"mooneye/acceptance","mooneye/acceptance/push_timing.gb",crash,0
2026-07-26T16:30:26Z,2b94423,"mooneye/acceptance","mooneye/acceptance/rapid_di_ei.gb",crash,0
2026-07-26T16:30:26Z,2b94423,"mooneye/acceptance","mooneye/acceptance/ret_cc_timing.gb",crash,0
2026-07-26T16:30:26Z,2b94423,"mooneye/acceptance","mooneye/acceptance/reti_intr_timing.gb",crash,0
2026-07-26T16:30:26Z,2b94423,"mooneye/acceptance","mooneye/acceptance/reti_timing.gb",crash,0
2026-07-26T16:30:26Z,2b94423,"mooneye/acceptance","mooneye/acceptance/ret_timing.gb",crash,0
2026-07-26T16:30:26Z,2b94423,"mooneye/acceptance","mooneye/acceptance/rst_timing.gb",crash,0
2026-07-26T16:30:26Z,2b94423,"mooneye/acceptance","mooneye/acceptance/serial/boot_sclk_align-dmgABCmgb.gb",crash,0
2026-07-26T16:30:26Z,2b94423,"mooneye/acceptance","mooneye/acceptance/timer/div_write.gb",crash,0
2026-07-26T16:30:26Z,2b94423,"mooneye/acceptance","mooneye/acceptance/timer/rapid_toggle.gb",crash,0
2026-07-26T16:30:26Z,2b94423,"mooneye/acceptance","mooneye/acceptance/timer/tim00_div_trigger.gb",crash,0
2026-07-26T16:30:26Z,2b94423,"mooneye/acceptance","mooneye/acceptance/timer/tim00.gb",crash,0
2026-07-26T16:30:26Z,2b94423,"mooneye/acceptance","mooneye/acceptance/timer/tim01_div_trigger.gb",crash,0
2026-07-26T16:30:26Z,2b94423,"mooneye/acceptance","mooneye/acceptance/timer/tim01.gb",crash,0
2026-07-26T16:30:26Z,2b94423,"mooneye/acceptance","mooneye/acceptance/timer/tim10_div_trigger.gb",crash,0
2026-07-26T16:30:26Z,2b94423,"mooneye/acceptance","mooneye/acceptance/timer/tim10.gb",crash,0
2026-07-26T16:30:26Z,2b94423,"mooneye/acceptance","mooneye/acceptance/timer/tim11_div_trigger.gb",crash,0
2026-07-26T16:30:26Z,2b94423,"mooneye/acceptance","mooneye/acceptance/timer/tim11.gb",crash,0
2026-07-26T16:30:26Z,2b94423,"mooneye/acceptance","mooneye/acceptance/timer/tima_reload.gb",crash,0
2026-07-26T16:30:26Z,2b94423,"mooneye/acceptance","mooneye/acceptance/timer/tima_write_reloading.gb",crash,0
2026-07-26T16:30:26Z,2b94423,"mooneye/acceptance","mooneye/acceptance/timer/tma_write_reloading.gb",crash,0
2026-07-26T16:42:15Z,d3c9ed5,"blargg/cpu_instrs","blargg/cpu_instrs/cpu_instrs.gb",crash,0
2026-07-26T16:42:15Z,d3c9ed5,"blargg/cpu_instrs","blargg/cpu_instrs/individual/01-special.gb",crash,0
2026-07-26T16:42:15Z,d3c9ed5,"blargg/cpu_instrs","blargg/cpu_instrs/individual/02-interrupts.gb",crash,0
2026-07-26T16:42:15Z,d3c9ed5,"blargg/cpu_instrs","blargg/cpu_instrs/individual/03-op sp,hl.gb",crash,0
2026-07-26T16:42:15Z,d3c9ed5,"blargg/cpu_instrs","blargg/cpu_instrs/individual/04-op r,imm.gb",crash,0
2026-07-26T16:42:15Z,d3c9ed5,"blargg/cpu_instrs","blargg/cpu_instrs/individual/05-op rp.gb",crash,0
2026-07-26T16:42:15Z,d3c9ed5,"blargg/cpu_instrs","blargg/cpu_instrs/individual/06-ld r,r.gb",crash,0
2026-07-26T16:42:15Z,d3c9ed5,"blargg/cpu_instrs","blargg/cpu_instrs/individual/07-jr,jp,call,ret,rst.gb",crash,0
2026-07-26T16:42:15Z,d3c9ed5,"blargg/cpu_instrs","blargg/cpu_instrs/individual/08-misc instrs.gb",crash,0
2026-07-26T16:42:15Z,d3c9ed5,"blargg/cpu_instrs","blargg/cpu_instrs/individual/09-op r,r.gb",crash,0
2026-07-26T16:42:15Z,d3c9ed5,"blargg/cpu_instrs","blargg/cpu_instrs/individual/10-bit ops.gb",crash,0
2026-07-26T16:42:15Z,d3c9ed5,"blargg/cpu_instrs","blargg/cpu_instrs/individual/11-op a,(hl).gb",crash,0
2026-07-26T16:42:15Z,d3c9ed5,"blargg/dmg_sound","blargg/dmg_sound/dmg_sound.gb",crash,0
2026-07-26T16:42:15Z,d3c9ed5,"blargg/dmg_sound","blargg/dmg_sound/rom_singles/01-registers.gb",crash,0
2026-07-26T16:42:15Z,d3c9ed5,"blargg/dmg_sound","blargg/dmg_sound/rom_singles/02-len ctr.gb",crash,0
2026-07-26T16:42:15Z,d3c9ed5,"blargg/dmg_sound","blargg/dmg_sound/rom_singles/03-trigger.gb",crash,0
2026-07-26T16:42:15Z,d3c9ed5,"blargg/dmg_sound","blargg/dmg_sound/rom_singles/04-sweep.gb",crash,0
2026-07-26T16:42:15Z,d3c9ed5,"blargg/dmg_sound","blargg/dmg_sound/rom_singles/05-sweep details.gb",crash,0
2026-07-26T16:42:15Z,d3c9ed5,"blargg/dmg_sound","blargg/dmg_sound/rom_singles/06-overflow on trigger.gb",crash,0
2026-07-26T16:42:15Z,d3c9ed5,"blargg/dmg_sound","blargg/dmg_sound/rom_singles/07-len sweep period sync.gb",crash,0
2026-07-26T16:42:15Z,d3c9ed5,"blargg/dmg_sound","blargg/dmg_sound/rom_singles/08-len ctr during power.gb",crash,0
2026-07-26T16:42:15Z,d3c9ed5,"blargg/dmg_sound","blargg/dmg_sound/rom_singles/09-wave read while on.gb",crash,0
2026-07-26T16:42:15Z,d3c9ed5,"blargg/dmg_sound","blargg/dmg_sound/rom_singles/10-wave trigger while on.gb",crash,0
2026-07-26T16:42:15Z,d3c9ed5,"blargg/dmg_sound","blargg/dmg_sound/rom_singles/11-regs after power.gb",crash,0
2026-07-26T16:42:15Z,d3c9ed5,"blargg/dmg_sound","blargg/dmg_sound/rom_singles/12-wave write while on.gb",crash,0
2026-07-26T16:42:15Z,d3c9ed5,"blargg/halt_bug","blargg/halt_bug.gb",crash,0
2026-07-26T16:42:15Z,d3c9ed5,"blargg/instr_timing","blargg/instr_timing/instr_timing.gb",crash,0
2026-07-26T16:42:15Z,d3c9ed5,"blargg/interrupt_time","blargg/interrupt_time/interrupt_time.gb",crash,0
2026-07-26T16:42:15Z,d3c9ed5,"blargg/mem_timing-2","blargg/mem_timing-2/mem_timing.gb",crash,0
2026-07-26T16:42:15Z,d3c9ed5,"blargg/mem_timing-2","blargg/mem_timing-2/rom_singles/01-read_timing.gb",crash,0
2026-07-26T16:42:15Z,d3c9ed5,"blargg/mem_timing-2","blargg/mem_timing-2/rom_singles/02-write_timing.gb",crash,0
2026-07-26T16:42:15Z,d3c9ed5,"blargg/mem_timing-2","blargg/mem_timing-2/rom_singles/03-modify_timing.gb",crash,0
2026-07-26T16:42:15Z,d3c9ed5,"blargg/mem_timing","blargg/mem_timing/individual/01-read_timing.gb",crash,0
2026-07-26T16:42:15Z,d3c9ed5,"blargg/mem_timing","blargg/mem_timing/individual/02-write_timing.gb",crash,0
2026-07-26T16:42:15Z,d3c9ed5,"blargg/mem_timing","blargg/mem_timing/individual/03-modify_timing.gb",crash,0
2026-07-26T16:42:15Z,d3c9ed5,"blargg/mem_timing","blargg/mem_timing/mem_timing.gb",crash,0
2026-07-26T16:42:15Z,d3c9ed5,"blargg/oam_bug","blargg/oam_bug/oam_bug.gb",crash,0
2026-07-26T16:42:15Z,d3c9ed5,"blargg/oam_bug","blargg/oam_bug/rom_singles/1-lcd_sync.gb",crash,0
2026-07-26T16:42:15Z,d3c9ed5,"blargg/oam_bug","blargg/oam_bug/rom_singles/2-causes.gb",crash,0
2026-07-26T16:42:15Z,d3c9ed5,"blargg/oam_bug","blargg/oam_bug/rom_singles/3-non_causes.gb",crash,0
2026-07-26T16:42:15Z,d3c9ed5,"blargg/oam_bug","blargg/oam_bug/rom_singles/4-scanline_timing.gb",crash,0
2026-07-26T16:42:15Z,d3c9ed5,"blargg/oam_bug","blargg/oam_bug/rom_singles/5-timing_bug.gb",crash,0
2026-07-26T16:42:15Z,d3c9ed5,"blargg/oam_bug","blargg/oam_bug/rom_singles/6-timing_no_bug.gb",crash,0
2026-07-26T16:42:15Z,d3c9ed5,"blargg/oam_bug","blargg/oam_bug/rom_singles/7-timing_effect.gb",crash,0
2026-07-26T16:42:15Z,d3c9ed5,"blargg/oam_bug","blargg/oam_bug/rom_singles/8-instr_effect.gb",crash,0
2026-07-26T16:42:15Z,d3c9ed5,"dmg-acid2","dmg-acid2/dmg-acid2.gb",crash,0
2026-07-26T16:42:15Z,d3c9ed5,"mooneye/acceptance","mooneye/acceptance/add_sp_e_timing.gb",crash,0
2026-07-26T16:42:15Z,d3c9ed5,"mooneye/acceptance","mooneye/acceptance/bits/mem_oam.gb",crash,0
2026-07-26T16:42:15Z,d3c9ed5,"mooneye/acceptance","mooneye/acceptance/bits/reg_f.gb",crash,0
2026-07-26T16:42:15Z,d3c9ed5,"mooneye/acceptance","mooneye/acceptance/bits/unused_hwio-GS.gb",crash,0
2026-07-26T16:42:15Z,d3c9ed5,"mooneye/acceptance-nondmg","mooneye/acceptance/boot_div2-S.gb",crash,0
2026-07-26T16:42:15Z,d3c9ed5,"mooneye/acceptance-nondmg","mooneye/acceptance/boot_div-dmg0.gb",crash,0
2026-07-26T16:42:15Z,d3c9ed5,"mooneye/acceptance","mooneye/acceptance/boot_div-dmgABCmgb.gb",crash,0
2026-07-26T16:42:15Z,d3c9ed5,"mooneye/acceptance-nondmg","mooneye/acceptance/boot_div-S.gb",crash,0
2026-07-26T16:42:15Z,d3c9ed5,"mooneye/acceptance-nondmg","mooneye/acceptance/boot_hwio-dmg0.gb",crash,0
2026-07-26T16:42:15Z,d3c9ed5,"mooneye/acceptance","mooneye/acceptance/boot_hwio-dmgABCmgb.gb",crash,0
2026-07-26T16:42:15Z,d3c9ed5,"mooneye/acceptance-nondmg","mooneye/acceptance/boot_hwio-S.gb",crash,0
2026-07-26T16:42:15Z,d3c9ed5,"mooneye/acceptance-nondmg","mooneye/acceptance/boot_regs-dmg0.gb",crash,0
2026-07-26T16:42:15Z,d3c9ed5,"mooneye/acceptance","mooneye/acceptance/boot_regs-dmgABC.gb",crash,0
2026-07-26T16:42:15Z,d3c9ed5,"mooneye/acceptance-nondmg","mooneye/acceptance/boot_regs-mgb.gb",crash,0
2026-07-26T16:42:15Z,d3c9ed5,"mooneye/acceptance-nondmg","mooneye/acceptance/boot_regs-sgb2.gb",crash,0
2026-07-26T16:42:15Z,d3c9ed5,"mooneye/acceptance-nondmg","mooneye/acceptance/boot_regs-sgb.gb",crash,0
2026-07-26T16:42:15Z,d3c9ed5,"mooneye/acceptance","mooneye/acceptance/call_cc_timing2.gb",crash,0
2026-07-26T16:42:15Z,d3c9ed5,"mooneye/acceptance","mooneye/acceptance/call_cc_timing.gb",crash,0
2026-07-26T16:42:15Z,d3c9ed5,"mooneye/acceptance","mooneye/acceptance/call_timing2.gb",crash,0
2026-07-26T16:42:15Z,d3c9ed5,"mooneye/acceptance","mooneye/acceptance/call_timing.gb",crash,0
2026-07-26T16:42:15Z,d3c9ed5,"mooneye/acceptance","mooneye/acceptance/di_timing-GS.gb",crash,0
2026-07-26T16:42:15Z,d3c9ed5,"mooneye/acceptance","mooneye/acceptance/div_timing.gb",crash,0
2026-07-26T16:42:15Z,d3c9ed5,"mooneye/acceptance","mooneye/acceptance/ei_sequence.gb",crash,0
2026-07-26T16:42:15Z,d3c9ed5,"mooneye/acceptance","mooneye/acceptance/ei_timing.gb",crash,0
2026-07-26T16:42:15Z,d3c9ed5,"mooneye/acceptance","mooneye/acceptance/halt_ime0_ei.gb",crash,0
2026-07-26T16:42:15Z,d3c9ed5,"mooneye/acceptance","mooneye/acceptance/halt_ime0_nointr_timing.gb",crash,0
2026-07-26T16:42:15Z,d3c9ed5,"mooneye/acceptance","mooneye/acceptance/halt_ime1_timing2-GS.gb",crash,0
2026-07-26T16:42:15Z,d3c9ed5,"mooneye/acceptance","mooneye/acceptance/halt_ime1_timing.gb",crash,0
2026-07-26T16:42:15Z,d3c9ed5,"mooneye/acceptance","mooneye/acceptance/if_ie_registers.gb",crash,0
2026-07-26T16:42:15Z,d3c9ed5,"mooneye/acceptance","mooneye/acceptance/instr/daa.gb",crash,0
2026-07-26T16:42:15Z,d3c9ed5,"mooneye/acceptance","mooneye/acceptance/interrupts/ie_push.gb",crash,0
2026-07-26T16:42:15Z,d3c9ed5,"mooneye/acceptance","mooneye/acceptance/intr_timing.gb",crash,0
2026-07-26T16:42:15Z,d3c9ed5,"mooneye/acceptance","mooneye/acceptance/jp_cc_timing.gb",crash,0
2026-07-26T16:42:15Z,d3c9ed5,"mooneye/acceptance","mooneye/acceptance/jp_timing.gb",crash,0
2026-07-26T16:42:15Z,d3c9ed5,"mooneye/acceptance","mooneye/acceptance/ld_hl_sp_e_timing.gb",crash,0
2026-07-26T16:42:15Z,d3c9ed5,"mooneye/acceptance","mooneye/acceptance/oam_dma/basic.gb",crash,0
2026-07-26T16:42:15Z,d3c9ed5,"mooneye/acceptance","mooneye/acceptance/oam_dma/reg_read.gb",crash,0
2026-07-26T16:42:15Z,d3c9ed5,"mooneye/acceptance","mooneye/acceptance/oam_dma_restart.gb",crash,0
2026-07-26T16:42:15Z,d3c9ed5,"mooneye/acceptance","mooneye/acceptance/oam_dma/sources-GS.gb",crash,0
2026-07-26T16:42:15Z,d3c9ed5,"mooneye/acceptance","mooneye/acceptance/oam_dma_start.gb",crash,0
2026-07-26T16:42:15Z,d3c9ed5,"mooneye/acceptance","mooneye/acceptance/oam_dma_timing.gb",crash,0
2026-07-26T16:42:15Z,d3c9ed5,"mooneye/acceptance","mooneye/acceptance/pop_timing.gb",crash,0
2026-07-26T16:42:15Z,d3c9ed5,"mooneye/acceptance","mooneye/acceptance/ppu/hblank_ly_scx_timing-GS.gb",crash,0
2026-07-26T16:42:15Z,d3c9ed5,"mooneye/acceptance","mooneye/acceptance/ppu/intr_1_2_timing-GS.gb",crash,0
2026-07-26T16:42:15Z,d3c9ed5,"mooneye/acceptance","mooneye/acceptance/ppu/intr_2_0_timing.gb",crash,0
2026-07-26T16:42:15Z,d3c9ed5,"mooneye/acceptance","mooneye/acceptance/ppu/intr_2_mode0_timing.gb",crash,0
2026-07-26T16:42:15Z,d3c9ed5,"mooneye/acceptance","mooneye/acceptance/ppu/intr_2_mode0_timing_sprites.gb",crash,0
2026-07-26T16:42:15Z,d3c9ed5,"mooneye/acceptance","mooneye/acceptance/ppu/intr_2_mode3_timing.gb",crash,0
2026-07-26T16:42:15Z,d3c9ed5,"mooneye/acceptance","mooneye/acceptance/ppu/intr_2_oam_ok_timing.gb",crash,0
2026-07-26T16:42:15Z,d3c9ed5,"mooneye/acceptance","mooneye/acceptance/ppu/lcdon_timing-GS.gb",crash,0
2026-07-26T16:42:15Z,d3c9ed5,"mooneye/acceptance","mooneye/acceptance/ppu/lcdon_write_timing-GS.gb",crash,0
2026-07-26T16:42:15Z,d3c9ed5,"mooneye/acceptance","mooneye/acceptance/ppu/stat_irq_blocking.gb",crash,0
2026-07-26T16:42:15Z,d3c9ed5,"mooneye/acceptance","mooneye/acceptance/ppu/stat_lyc_onoff.gb",crash,0
2026-07-26T16:42:15Z,d3c9ed5,"mooneye/acceptance","mooneye/acceptance/ppu/vblank_stat_intr-GS.gb",crash,0
2026-07-26T16:42:15Z,d3c9ed5,"mooneye/acceptance","mooneye/acceptance/push_timing.gb",crash,0
2026-07-26T16:42:15Z,d3c9ed5,"mooneye/acceptance","mooneye/acceptance/rapid_di_ei.gb",crash,0
2026-07-26T16:42:15Z,d3c9ed5,"mooneye/acceptance","mooneye/acceptance/ret_cc_timing.gb",crash,0
2026-07-26T16:42:15Z,d3c9ed5,"mooneye/acceptance","mooneye/acceptance/reti_intr_timing.gb",crash,0
2026-07-26T16:42:15Z,d3c9ed5,"mooneye/acceptance","mooneye/acceptance/reti_timing.gb",crash,0
2026-07-26T16:42:15Z,d3c9ed5,"mooneye/acceptance","mooneye/acceptance/ret_timing.gb",crash,0
2026-07-26T16:42:15Z,d3c9ed5,"mooneye/acceptance","mooneye/acceptance/rst_timing.gb",crash,0
2026-07-26T16:42:15Z,d3c9ed5,"mooneye/acceptance","mooneye/acceptance/serial/boot_sclk_align-dmgABCmgb.gb",crash,0
2026-07-26T16:42:15Z,d3c9ed5,"mooneye/acceptance","mooneye/acceptance/timer/div_write.gb",crash,0
2026-07-26T16:42:15Z,d3c9ed5,"mooneye/acceptance","mooneye/acceptance/timer/rapid_toggle.gb",crash,0
2026-07-26T16:42:15Z,d3c9ed5,"mooneye/acceptance","mooneye/acceptance/timer/tim00_div_trigger.gb",crash,0
2026-07-26T16:42:15Z,d3c9ed5,"mooneye/acceptance","mooneye/acceptance/timer/tim00.gb",crash,0
2026-07-26T16:42:15Z,d3c9ed5,"mooneye/acceptance","mooneye/acceptance/timer/tim01_div_trigger.gb",crash,0
2026-07-26T16:42:15Z,d3c9ed5,"mooneye/acceptance","mooneye/acceptance/timer/tim01.gb",crash,0
2026-07-26T16:42:15Z,d3c9ed5,"mooneye/acceptance","mooneye/acceptance/timer/tim10_div_trigger.gb",crash,0
2026-07-26T16:42:15Z,d3c9ed5,"mooneye/acceptance","mooneye/acceptance/timer/tim10.gb",crash,0
2026-07-26T16:42:15Z,d3c9ed5,"mooneye/acceptance","mooneye/acceptance/timer/tim11_div_trigger.gb",crash,0
2026-07-26T16:42:15Z,d3c9ed5,"mooneye/acceptance","mooneye/acceptance/timer/tim11.gb",crash,0
2026-07-26T16:42:15Z,d3c9ed5,"mooneye/acceptance","mooneye/acceptance/timer/tima_reload.gb",crash,0
2026-07-26T16:42:15Z,d3c9ed5,"mooneye/acceptance","mooneye/acceptance/timer/tima_write_reloading.gb",crash,0
2026-07-26T16:42:15Z,d3c9ed5,"mooneye/acceptance","mooneye/acceptance/timer/tma_write_reloading.gb",crash,0
2026-07-26T16:55:02Z,2186fb9,"blargg/cpu_instrs","blargg/cpu_instrs/cpu_instrs.gb",crash,0
2026-07-26T16:55:02Z,2186fb9,"blargg/cpu_instrs","blargg/cpu_instrs/individual/01-special.gb",crash,0
2026-07-26T16:55:02Z,2186fb9,"blargg/cpu_instrs","blargg/cpu_instrs/individual/02-interrupts.gb",crash,0
2026-07-26T16:55:02Z,2186fb9,"blargg/cpu_instrs","blargg/cpu_instrs/individual/03-op sp,hl.gb",crash,0
2026-07-26T16:55:02Z,2186fb9,"blargg/cpu_instrs","blargg/cpu_instrs/individual/04-op r,imm.gb",crash,0
2026-07-26T16:55:02Z,2186fb9,"blargg/cpu_instrs","blargg/cpu_instrs/individual/05-op rp.gb",crash,0
2026-07-26T16:55:02Z,2186fb9,"blargg/cpu_instrs","blargg/cpu_instrs/individual/06-ld r,r.gb",crash,0
2026-07-26T16:55:02Z,2186fb9,"blargg/cpu_instrs","blargg/cpu_instrs/individual/07-jr,jp,call,ret,rst.gb",crash,0
2026-07-26T16:55:02Z,2186fb9,"blargg/cpu_instrs","blargg/cpu_instrs/individual/08-misc instrs.gb",crash,0
2026-07-26T16:55:02Z,2186fb9,"blargg/cpu_instrs","blargg/cpu_instrs/individual/09-op r,r.gb",crash,0
2026-07-26T16:55:02Z,2186fb9,"blargg/cpu_instrs","blargg/cpu_instrs/individual/10-bit ops.gb",crash,0
2026-07-26T16:55:02Z,2186fb9,"blargg/cpu_instrs","blargg/cpu_instrs/individual/11-op a,(hl).gb",crash,0
2026-07-26T16:55:02Z,2186fb9,"blargg/dmg_sound","blargg/dmg_sound/dmg_sound.gb",crash,0
2026-07-26T16:55:02Z,2186fb9,"blargg/dmg_sound","blargg/dmg_sound/rom_singles/01-registers.gb",crash,0
2026-07-26T16:55:02Z,2186fb9,"blargg/dmg_sound","blargg/dmg_sound/rom_singles/02-len ctr.gb",crash,0
2026-07-26T16:55:02Z,2186fb9,"blargg/dmg_sound","blargg/dmg_sound/rom_singles/03-trigger.gb",crash,0
2026-07-26T16:55:02Z,2186fb9,"blargg/dmg_sound","blargg/dmg_sound/rom_singles/04-sweep.gb",crash,0
2026-07-26T16:55:02Z,2186fb9,"blargg/dmg_sound","blargg/dmg_sound/rom_singles/05-sweep details.gb",crash,0
2026-07-26T16:55:02Z,2186fb9,"blargg/dmg_sound","blargg/dmg_sound/rom_singles/06-overflow on trigger.gb",crash,0
2026-07-26T16:55:02Z,2186fb9,"blargg/dmg_sound","blargg/dmg_sound/rom_singles/07-len sweep period sync.gb",crash,0
2026-07-26T16:55:02Z,2186fb9,"blargg/dmg_sound","blargg/dmg_sound/rom_singles/08-len ctr during power.gb",crash,0
2026-07-26T16:55:02Z,2186fb9,"blargg/dmg_sound","blargg/dmg_sound/rom_singles/09-wave read while on.gb",crash,0
2026-07-26T16:55:02Z,2186fb9,"blargg/dmg_sound","blargg/dmg_sound/rom_singles/10-wave trigger while on.gb",crash,0
2026-07-26T16:55:02Z,2186fb9,"blargg/dmg_sound","blargg/dmg_sound/rom_singles/11-regs after power.gb",crash,0
2026-07-26T16:55:02Z,2186fb9,"blargg/dmg_sound","blargg/dmg_sound/rom_singles/12-wave write while on.gb",crash,0
2026-07-26T16:55:02Z,2186fb9,"blargg/halt_bug","blargg/halt_bug.gb",crash,0
2026-07-26T16:55:02Z,2186fb9,"blargg/instr_timing","blargg/instr_timing/instr_timing.gb",crash,0
2026-07-26T16:55:02Z,2186fb9,"blargg/interrupt_time","blargg/interrupt_time/interrupt_time.gb",crash,0
2026-07-26T16:55:02Z,2186fb9,"blargg/mem_timing-2","blargg/mem_timing-2/mem_timing.gb",crash,0
2026-07-26T16:55:02Z,2186fb9,"blargg/mem_timing-2","blargg/mem_timing-2/rom_singles/01-read_timing.gb",crash,0
2026-07-26T16:55:02Z,2186fb9,"blargg/mem_timing-2","blargg/mem_timing-2/rom_singles/02-write_timing.gb",crash,0
2026-07-26T16:55:02Z,2186fb9,"blargg/mem_timing-2","blargg/mem_timing-2/rom_singles/03-modify_timing.gb",crash,0
2026-07-26T16:55:02Z,2186fb9,"blargg/mem_timing","blargg/mem_timing/individual/01-read_timing.gb",crash,0
2026-07-26T16:55:02Z,2186fb9,"blargg/mem_timing","blargg/mem_timing/individual/02-write_timing.gb",crash,0
2026-07-26T16:55:02Z,2186fb9,"blargg/mem_timing","blargg/mem_timing/individual/03-modify_timing.gb",crash,0
2026-07-26T16:55:02Z,2186fb9,"blargg/mem_timing","blargg/mem_timing/mem_timing.gb",crash,0
2026-07-26T16:55:02Z,2186fb9,"blargg/oam_bug","blargg/oam_bug/oam_bug.gb",crash,0
2026-07-26T16:55:02Z,2186fb9,"blargg/oam_bug","blargg/oam_bug/rom_singles/1-lcd_sync.gb",crash,0
2026-07-26T16:55:02Z,2186fb9,"blargg/oam_bug","blargg/oam_bug/rom_singles/2-causes.gb",crash,0
2026-07-26T16:55:02Z,2186fb9,"blargg/oam_bug","blargg/oam_bug/rom_singles/3-non_causes.gb",crash,0
2026-07-26T16:55:02Z,2186fb9,"blargg/oam_bug","blargg/oam_bug/rom_singles/4-scanline_timing.gb",crash,0
2026-07-26T16:55:02Z,2186fb9,"blargg/oam_bug","blargg/oam_bug/rom_singles/5-timing_bug.gb",crash,0
2026-07-26T16:55:02Z,2186fb9,"blargg/oam_bug","blargg/oam_bug/rom_singles/6-timing_no_bug.gb",crash,0
2026-07-26T16:55:02Z,2186fb9,"blargg/oam_bug","blargg/oam_bug/rom_singles/7-timing_effect.gb",crash,0
2026-07-26T16:55:02Z,2186fb9,"blargg/oam_bug","blargg/oam_bug/rom_singles/8-instr_effect.gb",crash,0
2026-07-26T16:55:02Z,2186fb9,"dmg-acid2","dmg-acid2/dmg-acid2.gb",crash,0
2026-07-26T16:55:02Z,2186fb9,"mooneye/acceptance","mooneye/acceptance/add_sp_e_timing.gb",crash,0
2026-07-26T16:55:02Z,2186fb9,"mooneye/acceptance","mooneye/acceptance/bits/mem_oam.gb",crash,0
2026-07-26T16:55:02Z,2186fb9,"mooneye/acceptance","mooneye/acceptance/bits/reg_f.gb",crash,0
2026-07-26T16:55:02Z,2186fb9,"mooneye/acceptance","mooneye/acceptance/bits/unused_hwio-GS.gb",crash,0
2026-07-26T16:55:02Z,2186fb9,"mooneye/acceptance-nondmg","mooneye/acceptance/boot_div2-S.gb",crash,0
2026-07-26T16:55:02Z,2186fb9,"mooneye/acceptance-nondmg","mooneye/acceptance/boot_div-dmg0.gb",crash,0
2026-07-26T16:55:02Z,2186fb9,"mooneye/acceptance","mooneye/acceptance/boot_div-dmgABCmgb.gb",crash,0
2026-07-26T16:55:02Z,2186fb9,"mooneye/acceptance-nondmg","mooneye/acceptance/boot_div-S.gb",crash,0
2026-07-26T16:55:02Z,2186fb9,"mooneye/acceptance-nondmg","mooneye/acceptance/boot_hwio-dmg0.gb",crash,0
2026-07-26T16:55:02Z,2186fb9,"mooneye/acceptance","mooneye/acceptance/boot_hwio-dmgABCmgb.gb",crash,0
2026-07-26T16:55:02Z,2186fb9,"mooneye/acceptance-nondmg","mooneye/acceptance/boot_hwio-S.gb",crash,0
2026-07-26T16:55:02Z,2186fb9,"mooneye/acceptance-nondmg","mooneye/acceptance/boot_regs-dmg0.gb",crash,0
2026-07-26T16:55:02Z,2186fb9,"mooneye/acceptance","mooneye/acceptance/boot_regs-dmgABC.gb",crash,0
2026-07-26T16:55:02Z,2186fb9,"mooneye/acceptance-nondmg","mooneye/acceptance/boot_regs-mgb.gb",crash,0
2026-07-26T16:55:02Z,2186fb9,"mooneye/acceptance-nondmg","mooneye/acceptance/boot_regs-sgb2.gb",crash,0
2026-07-26T16:55:02Z,2186fb9,"mooneye/acceptance-nondmg","mooneye/acceptance/boot_regs-sgb.gb",crash,0
2026-07-26T16:55:02Z,2186fb9,"mooneye/acceptance","mooneye/acceptance/call_cc_timing2.gb",crash,0
2026-07-26T16:55:02Z,2186fb9,"mooneye/acceptance","mooneye/acceptance/call_cc_timing.gb",crash,0
2026-07-26T16:55:02Z,2186fb9,"mooneye/acceptance","mooneye/acceptance/call_timing2.gb",crash,0
2026-07-26T16:55:02Z,2186fb9,"mooneye/acceptance","mooneye/acceptance/call_timing.gb",crash,0
2026-07-26T16:55:02Z,2186fb9,"mooneye/acceptance","mooneye/acceptance/di_timing-GS.gb",crash,0
2026-07-26T16:55:02Z,2186fb9,"mooneye/acceptance","mooneye/acceptance/div_timing.gb",crash,0
2026-07-26T16:55:02Z,2186fb9,"mooneye/acceptance","mooneye/acceptance/ei_sequence.gb",crash,0
2026-07-26T16:55:02Z,2186fb9,"mooneye/acceptance","mooneye/acceptance/ei_timing.gb",crash,0
2026-07-26T16:55:02Z,2186fb9,"mooneye/acceptance","mooneye/acceptance/halt_ime0_ei.gb",crash,0
2026-07-26T16:55:02Z,2186fb9,"mooneye/acceptance","mooneye/acceptance/halt_ime0_nointr_timing.gb",crash,0
2026-07-26T16:55:02Z,2186fb9,"mooneye/acceptance","mooneye/acceptance/halt_ime1_timing2-GS.gb",crash,0
2026-07-26T16:55:02Z,2186fb9,"mooneye/acceptance","mooneye/acceptance/halt_ime1_timing.gb",crash,0
2026-07-26T16:55:02Z,2186fb9,"mooneye/acceptance","mooneye/acceptance/if_ie_registers.gb",crash,0
2026-07-26T16:55:02Z,2186fb9,"mooneye/acceptance","mooneye/acceptance/instr/daa.gb",crash,0
2026-07-26T16:55:02Z,2186fb9,"mooneye/acceptance","mooneye/acceptance/interrupts/ie_push.gb",crash,0
2026-07-26T16:55:02Z,2186fb9,"mooneye/acceptance","mooneye/acceptance/intr_timing.gb",crash,0
2026-07-26T16:55:02Z,2186fb9,"mooneye/acceptance","mooneye/acceptance/jp_cc_timing.gb",crash,0
2026-07-26T16:55:02Z,2186fb9,"mooneye/acceptance","mooneye/acceptance/jp_timing.gb",crash,0
2026-07-26T16:55:02Z,2186fb9,"mooneye/acceptance","mooneye/acceptance/ld_hl_sp_e_timing.gb",crash,0
2026-07-26T16:55:02Z,2186fb9,"mooneye/acceptance","mooneye/acceptance/oam_dma/basic.gb",crash,0
2026-07-26T16:55:02Z,2186fb9,"mooneye/acceptance","mooneye/acceptance/oam_dma/reg_read.gb",crash,0
2026-07-26T16:55:02Z,2186fb9,"mooneye/acceptance","mooneye/acceptance/oam_dma_restart.gb",crash,0
2026-07-26T16:55:02Z,2186fb9,"mooneye/acceptance","mooneye/acceptance/oam_dma/sources-GS.gb",crash,0
2026-07-26T16:55:02Z,2186fb9,"mooneye/acceptance","mooneye/acceptance/oam_dma_start.gb",crash,0
2026-07-26T16:55:02Z,2186fb9,"mooneye/acceptance","mooneye/acceptance/oam_dma_timing.gb",crash,0
2026-07-26T16:55:02Z,2186fb9,"mooneye/acceptance","mooneye/acceptance/pop_timing.gb",crash,0
2026-07-26T16:55:02Z,2186fb9,"mooneye/acceptance","mooneye/acceptance/ppu/hblank_ly_scx_timing-GS.gb",crash,0
2026-07-26T16:55:02Z,2186fb9,"mooneye/acceptance","mooneye/acceptance/ppu/intr_1_2_timing-GS.gb",crash,0
2026-07-26T16:55:02Z,2186fb9,"mooneye/acceptance","mooneye/acceptance/ppu/intr_2_0_timing.gb",crash,0
2026-07-26T16:55:02Z,2186fb9,"mooneye/acceptance","mooneye/acceptance/ppu/intr_2_mode0_timing.gb",crash,0
2026-07-26T16:55:02Z,2186fb9,"mooneye/acceptance","mooneye/acceptance/ppu/intr_2_mode0_timing_sprites.gb",crash,0
2026-07-26T16:55:02Z,2186fb9,"mooneye/acceptance","mooneye/acceptance/ppu/intr_2_mode3_timing.gb",crash,0
2026-07-26T16:55:02Z,2186fb9,"mooneye/acceptance","mooneye/acceptance/ppu/intr_2_oam_ok_timing.gb",crash,0
2026-07-26T16:55:02Z,2186fb9,"mooneye/acceptance","mooneye/acceptance/ppu/lcdon_timing-GS.gb",crash,0
2026-07-26T16:55:02Z,2186fb9,"mooneye/acceptance","mooneye/acceptance/ppu/lcdon_write_timing-GS.gb",crash,0
2026-07-26T16:55:02Z,2186fb9,"mooneye/acceptance","mooneye/acceptance/ppu/stat_irq_blocking.gb",crash,0
2026-07-26T16:55:02Z,2186fb9,"mooneye/acceptance","mooneye/acceptance/ppu/stat_lyc_onoff.gb",crash,0
2026-07-26T16:55:02Z,2186fb9,"mooneye/acceptance","mooneye/acceptance/ppu/vblank_stat_intr-GS.gb",crash,0
2026-07-26T16:55:02Z,2186fb9,"mooneye/acceptance","mooneye/acceptance/push_timing.gb",crash,0
2026-07-26T16:55:02Z,2186fb9,"mooneye/acceptance","mooneye/acceptance/rapid_di_ei.gb",crash,0
2026-07-26T16:55:02Z,2186fb9,"mooneye/acceptance","mooneye/acceptance/ret_cc_timing.gb",crash,0
2026-07-26T16:55:02Z,2186fb9,"mooneye/acceptance","mooneye/acceptance/reti_intr_timing.gb",crash,0
2026-07-26T16:55:02Z,2186fb9,"mooneye/acceptance","mooneye/acceptance/reti_timing.gb",crash,0
2026-07-26T16:55:02Z,2186fb9,"mooneye/acceptance","mooneye/acceptance/ret_timing.gb",crash,0
2026-07-26T16:55:02Z,2186fb9,"mooneye/acceptance","mooneye/acceptance/rst_timing.gb",crash,0
2026-07-26T16:55:02Z,2186fb9,"mooneye/acceptance","mooneye/acceptance/serial/boot_sclk_align-dmgABCmgb.gb",crash,0
2026-07-26T16:55:02Z,2186fb9,"mooneye/acceptance","mooneye/acceptance/timer/div_write.gb",crash,0
2026-07-26T16:55:02Z,2186fb9,"mooneye/acceptance","mooneye/acceptance/timer/rapid_toggle.gb",crash,0
2026-07-26T16:55:02Z,2186fb9,"mooneye/acceptance","mooneye/acceptance/timer/tim00_div_trigger.gb",crash,0
2026-07-26T16:55:02Z,2186fb9,"mooneye/acceptance","mooneye/acceptance/timer/tim00.gb",crash,0
2026-07-26T16:55:02Z,2186fb9,"mooneye/acceptance","mooneye/acceptance/timer/tim01_div_trigger.gb",crash,0
2026-07-26T16:55:02Z,2186fb9,"mooneye/acceptance","mooneye/acceptance/timer/tim01.gb",crash,0
2026-07-26T16:55:02Z,2186fb9,"mooneye/acceptance","mooneye/acceptance/timer/tim10_div_trigger.gb",crash,0
2026-07-26T16:55:02Z,2186fb9,"mooneye/acceptance","mooneye/acceptance/timer/tim10.gb",crash,0
2026-07-26T16:55:02Z,2186fb9,"mooneye/acceptance","mooneye/acceptance/timer/tim11_div_trigger.gb",crash,0
2026-07-26T16:55:02Z,2186fb9,"mooneye/acceptance","mooneye/acceptance/timer/tim11.gb",crash,0
2026-07-26T16:55:02Z,2186fb9,"mooneye/acceptance","mooneye/acceptance/timer/tima_reload.gb",crash,0
2026-07-26T16:55:02Z,2186fb9,"mooneye/acceptance","mooneye/acceptance/timer/tima_write_reloading.gb",crash,0
2026-07-26T16:55:02Z,2186fb9,"mooneye/acceptance","mooneye/acceptance/timer/tma_write_reloading.gb",crash,0
2026-07-26T17:09:17Z,a45ac7e,"blargg/cpu_instrs","blargg/cpu_instrs/cpu_instrs.gb",crash,0
2026-07-26T17:09:17Z,a45ac7e,"blargg/cpu_instrs","blargg/cpu_instrs/individual/01-special.gb",crash,0
2026-07-26T17:09:17Z,a45ac7e,"blargg/cpu_instrs","blargg/cpu_instrs/individual/02-interrupts.gb",crash,0
2026-07-26T17:09:17Z,a45ac7e,"blargg/cpu_instrs","blargg/cpu_instrs/individual/03-op sp,hl.gb",crash,0
2026-07-26T17:09:17Z,a45ac7e,"blargg/cpu_instrs","blargg/cpu_instrs/individual/04-op r,imm.gb",crash,0
2026-07-26T17:09:17Z,a45ac7e,"blargg/cpu_instrs","blargg/cpu_instrs/individual/05-op rp.gb",crash,0
2026-07-26T17:09:17Z,a45ac7e,"blargg/cpu_instrs","blargg/cpu_instrs/individual/06-ld r,r.gb",crash,0
2026-07-26T17:09:17Z,a45ac7e,"blargg/cpu_instrs","blargg/cpu_instrs/individual/07-jr,jp,call,ret,rst.gb",crash,0
2026-07-26T17:09:17Z,a45ac7e,"blargg/cpu_instrs","blargg/cpu_instrs/individual/08-misc instrs.gb",crash,0
2026-07-26T17:09:17Z,a45ac7e,"blargg/cpu_instrs","blargg/cpu_instrs/individual/09-op r,r.gb",crash,0
2026-07-26T17:09:17Z,a45ac7e,"blargg/cpu_instrs","blargg/cpu_instrs/individual/10-bit ops.gb",crash,0
2026-07-26T17:09:17Z,a45ac7e,"blargg/cpu_instrs","blargg/cpu_instrs/individual/11-op a,(hl).gb",crash,0
2026-07-26T17:09:17Z,a45ac7e,"blargg/dmg_sound","blargg/dmg_sound/dmg_sound.gb",crash,0
2026-07-26T17:09:17Z,a45ac7e,"blargg/dmg_sound","blargg/dmg_sound/rom_singles/01-registers.gb",crash,0
2026-07-26T17:09:17Z,a45ac7e,"blargg/dmg_sound","blargg/dmg_sound/rom_singles/02-len ctr.gb",crash,0
2026-07-26T17:09:17Z,a45ac7e,"blargg/dmg_sound","blargg/dmg_sound/rom_singles/03-trigger.gb",crash,0
2026-07-26T17:09:17Z,a45ac7e,"blargg/dmg_sound","blargg/dmg_sound/rom_singles/04-sweep.gb",crash,0
2026-07-26T17:09:17Z,a45ac7e,"blargg/dmg_sound","blargg/dmg_sound/rom_singles/05-sweep details.gb",crash,0
2026-07-26T17:09:17Z,a45ac7e,"blargg/dmg_sound","blargg/dmg_sound/rom_singles/06-overflow on trigger.gb",crash,0
2026-07-26T17:09:17Z,a45ac7e,"blargg/dmg_sound","blargg/dmg_sound/rom_singles/07-len sweep period sync.gb",crash,0
2026-07-26T17:09:17Z,a45ac7e,"blargg/dmg_sound","blargg/dmg_sound/rom_singles/08-len ctr during power.gb",crash,0
2026-07-26T17:09:17Z,a45ac7e,"blargg/dmg_sound","blargg/dmg_sound/rom_singles/09-wave read while on.gb",crash,0
2026-07-26T17:09:17Z,a45ac7e,"blargg/dmg_sound","blargg/dmg_sound/rom_singles/10-wave trigger while on.gb",crash,0
2026-07-26T17:09:17Z,a45ac7e,"blargg/dmg_sound","blargg/dmg_sound/rom_singles/11-regs after power.gb",crash,0
2026-07-26T17:09:17Z,a45ac7e,"blargg/dmg_sound","blargg/dmg_sound/rom_singles/12-wave write while on.gb",crash,0
2026-07-26T17:09:17Z,a45ac7e,"blargg/halt_bug","blargg/halt_bug.gb",crash,0
2026-07-26T17:09:17Z,a45ac7e,"blargg/instr_timing","blargg/instr_timing/instr_timing.gb",crash,0
2026-07-26T17:09:17Z,a45ac7e,"blargg/interrupt_time","blargg/interrupt_time/interrupt_time.gb",crash,0
2026-07-26T17:09:17Z,a45ac7e,"blargg/mem_timing-2","blargg/mem_timing-2/mem_timing.gb",crash,0
2026-07-26T17:09:17Z,a45ac7e,"blargg/mem_timing-2","blargg/mem_timing-2/rom_singles/01-read_timing.gb",crash,0
2026-07-26T17:09:17Z,a45ac7e,"blargg/mem_timing-2","blargg/mem_timing-2/rom_singles/02-write_timing.gb",crash,0
2026-07-26T17:09:17Z,a45ac7e,"blargg/mem_timing-2","blargg/mem_timing-2/rom_singles/03-modify_timing.gb",crash,0
2026-07-26T17:09:17Z,a45ac7e,"blargg/mem_timing","blargg/mem_timing/individual/01-read_timing.gb",crash,0
2026-07-26T17:09:17Z,a45ac7e,"blargg/mem_timing","blargg/mem_timing/individual/02-write_timing.gb",crash,0
2026-07-26T17:09:17Z,a45ac7e,"blargg/mem_timing","blargg/mem_timing/individual/03-modify_timing.gb",crash,0
2026-07-26T17:09:17Z,a45ac7e,"blargg/mem_timing","blargg/mem_timing/mem_timing.gb",crash,0
2026-07-26T17:09:17Z,a45ac7e,"blargg/oam_bug","blargg/oam_bug/oam_bug.gb",crash,0
2026-07-26T17:09:17Z,a45ac7e,"blargg/oam_bug","blargg/oam_bug/rom_singles/1-lcd_sync.gb",crash,0
2026-07-26T17:09:17Z,a45ac7e,"blargg/oam_bug","blargg/oam_bug/rom_singles/2-causes.gb",crash,0
2026-07-26T17:09:17Z,a45ac7e,"blargg/oam_bug","blargg/oam_bug/rom_singles/3-non_causes.gb",crash,0
2026-07-26T17:09:17Z,a45ac7e,"blargg/oam_bug","blargg/oam_bug/rom_singles/4-scanline_timing.gb",crash,0
2026-07-26T17:09:17Z,a45ac7e,"blargg/oam_bug","blargg/oam_bug/rom_singles/5-timing_bug.gb",crash,0
2026-07-26T17:09:17Z,a45ac7e,"blargg/oam_bug","blargg/oam_bug/rom_singles/6-timing_no_bug.gb",crash,0
2026-07-26T17:09:17Z,a45ac7e,"blargg/oam_bug","blargg/oam_bug/rom_singles/7-timing_effect.gb",crash,0
2026-07-26T17:09:17Z,a45ac7e,"blargg/oam_bug","blargg/oam_bug/rom_singles/8-instr_effect.gb",crash,0
2026-07-26T17:09:17Z,a45ac7e,"dmg-acid2","dmg-acid2/dmg-acid2.gb",crash,0
2026-07-26T17:09:17Z,a45ac7e,"mooneye/acceptance","mooneye/acceptance/add_sp_e_timing.gb",crash,0
2026-07-26T17:09:17Z,a45ac7e,"mooneye/acceptance","mooneye/acceptance/bits/mem_oam.gb",crash,0
2026-07-26T17:09:17Z,a45ac7e,"mooneye/acceptance","mooneye/acceptance/bits/reg_f.gb",crash,0
2026-07-26T17:09:17Z,a45ac7e,"mooneye/acceptance","mooneye/acceptance/bits/unused_hwio-GS.gb",crash,0
2026-07-26T17:09:17Z,a45ac7e,"mooneye/acceptance-nondmg","mooneye/acceptance/boot_div2-S.gb",crash,0
2026-07-26T17:09:17Z,a45ac7e,"mooneye/acceptance-nondmg","mooneye/acceptance/boot_div-dmg0.gb",crash,0
2026-07-26T17:09:17Z,a45ac7e,"mooneye/acceptance","mooneye/acceptance/boot_div-dmgABCmgb.gb",crash,0
2026-07-26T17:09:17Z,a45ac7e,"mooneye/acceptance-nondmg","mooneye/acceptance/boot_div-S.gb",crash,0
2026-07-26T17:09:17Z,a45ac7e,"mooneye/acceptance-nondmg","mooneye/acceptance/boot_hwio-dmg0.gb",crash,0
2026-07-26T17:09:17Z,a45ac7e,"mooneye/acceptance","mooneye/acceptance/boot_hwio-dmgABCmgb.gb",crash,0
2026-07-26T17:09:17Z,a45ac7e,"mooneye/acceptance-nondmg","mooneye/acceptance/boot_hwio-S.gb",crash,0
2026-07-26T17:09:17Z,a45ac7e,"mooneye/acceptance-nondmg","mooneye/acceptance/boot_regs-dmg0.gb",crash,0
2026-07-26T17:09:17Z,a45ac7e,"mooneye/acceptance","mooneye/acceptance/boot_regs-dmgABC.gb",crash,0
2026-07-26T17:09:17Z,a45ac7e,"mooneye/acceptance-nondmg","mooneye/acceptance/boot_regs-mgb.gb",crash,0
2026-07-26T17:09:17Z,a45ac7e,"mooneye/acceptance-nondmg","mooneye/acceptance/boot_regs-sgb2.gb",crash,0
2026-07-26T17:09:17Z,a45ac7e,"mooneye/acceptance-nondmg","mooneye/acceptance/boot_regs-sgb.gb",crash,0
2026-07-26T17:09:17Z,a45ac7e,"mooneye/acceptance","mooneye/acceptance/call_cc_timing2.gb",crash,0
2026-07-26T17:09:17Z,a45ac7e,"mooneye/acceptance","mooneye/acceptance/call_cc_timing.gb",crash,0
2026-07-26T17:09:17Z,a45ac7e,"mooneye/acceptance","mooneye/acceptance/call_timing2.gb",crash,0
2026-07-26T17:09:17Z,a45ac7e,"mooneye/acceptance","mooneye/acceptance/call_timing.gb",crash,0
2026-07-26T17:09:17Z,a45ac7e,"mooneye/acceptance","mooneye/acceptance/di_timing-GS.gb",crash,0
2026-07-26T17:09:17Z,a45ac7e,"mooneye/acceptance","mooneye/acceptance/div_timing.gb",crash,0
2026-07-26T17:09:17Z,a45ac7e,"mooneye/acceptance","mooneye/acceptance/ei_sequence.gb",crash,0
2026-07-26T17:09:17Z,a45ac7e,"mooneye/acceptance","mooneye/acceptance/ei_timing.gb",crash,0
2026-07-26T17:09:17Z,a45ac7e,"mooneye/acceptance","mooneye/acceptance/halt_ime0_ei.gb",crash,0
2026-07-26T17:09:17Z,a45ac7e,"mooneye/acceptance","mooneye/acceptance/halt_ime0_nointr_timing.gb",crash,0
2026-07-26T17:09:17Z,a45ac7e,"mooneye/acceptance","mooneye/acceptance/halt_ime1_timing2-GS.gb",crash,0
2026-07-26T17:09:17Z,a45ac7e,"mooneye/acceptance","mooneye/acceptance/halt_ime1_timing.gb",crash,0
2026-07-26T17:09:17Z,a45ac7e,"mooneye/acceptance","mooneye/acceptance/if_ie_registers.gb",crash,0
2026-07-26T17:09:17Z,a45ac7e,"mooneye/acceptance","mooneye/acceptance/instr/daa.gb",crash,0
2026-07-26T17:09:17Z,a45ac7e,"mooneye/acceptance","mooneye/acceptance/interrupts/ie_push.gb",crash,0
2026-07-26T17:09:17Z,a45ac7e,"mooneye/acceptance","mooneye/acceptance/intr_timing.gb",crash,0
2026-07-26T17:09:17Z,a45ac7e,"mooneye/acceptance","mooneye/acceptance/jp_cc_timing.gb",crash,0
2026-07-26T17:09:17Z,a45ac7e,"mooneye/acceptance","mooneye/acceptance/jp_timing.gb",crash,0
2026-07-26T17:09:17Z,a45ac7e,"mooneye/acceptance","mooneye/acceptance/ld_hl_sp_e_timing.gb",crash,0
2026-07-26T17:09:17Z,a45ac7e,"mooneye/acceptance","mooneye/acceptance/oam_dma/basic.gb",crash,0
2026-07-26T17:09:17Z,a45ac7e,"mooneye/acceptance","mooneye/acceptance/oam_dma/reg_read.gb",crash,0
2026-07-26T17:09:17Z,a45ac7e,"mooneye/acceptance","mooneye/acceptance/oam_dma_restart.gb",crash,0
2026-07-26T17:09:17Z,a45ac7e,"mooneye/acceptance","mooneye/acceptance/oam_dma/sources-GS.gb",crash,0
2026-07-26T17:09:17Z,a45ac7e,"mooneye/acceptance","mooneye/acceptance/oam_dma_start.gb",crash,0
2026-07-26T17:09:17Z,a45ac7e,"mooneye/acceptance","mooneye/acceptance/oam_dma_timing.gb",crash,0
2026-07-26T17:09:17Z,a45ac7e,"mooneye/acceptance","mooneye/acceptance/pop_timing.gb",crash,0
2026-07-26T17:09:17Z,a45ac7e,"mooneye/acceptance","mooneye/acceptance/ppu/hblank_ly_scx_timing-GS.gb",crash,0
2026-07-26T17:09:17Z,a45ac7e,"mooneye/acceptance","mooneye/acceptance/ppu/intr_1_2_timing-GS.gb",crash,0
2026-07-26T17:09:17Z,a45ac7e,"mooneye/acceptance","mooneye/acceptance/ppu/intr_2_0_timing.gb",crash,0
2026-07-26T17:09:17Z,a45ac7e,"mooneye/acceptance","mooneye/acceptance/ppu/intr_2_mode0_timing.gb",crash,0
2026-07-26T17:09:17Z,a45ac7e,"mooneye/acceptance","mooneye/acceptance/ppu/intr_2_mode0_timing_sprites.gb",crash,0
2026-07-26T17:09:17Z,a45ac7e,"mooneye/acceptance","mooneye/acceptance/ppu/intr_2_mode3_timing.gb",crash,0
2026-07-26T17:09:17Z,a45ac7e,"mooneye/acceptance","mooneye/acceptance/ppu/intr_2_oam_ok_timing.gb",crash,0
2026-07-26T17:09:17Z,a45ac7e,"mooneye/acceptance","mooneye/acceptance/ppu/lcdon_timing-GS.gb",crash,0
2026-07-26T17:09:17Z,a45ac7e,"mooneye/acceptance","mooneye/acceptance/ppu/lcdon_write_timing-GS.gb",crash,0
2026-07-26T17:09:17Z,a45ac7e,"mooneye/acceptance","mooneye/acceptance/ppu/stat_irq_blocking.gb",crash,0
2026-07-26T17:09:17Z,a45ac7e,"mooneye/acceptance","mooneye/acceptance/ppu/stat_lyc_onoff.gb",crash,0
2026-07-26T17:09:17Z,a45ac7e,"mooneye/acceptance","mooneye/acceptance/ppu/vblank_stat_intr-GS.gb",crash,0
2026-07-26T17:09:17Z,a45ac7e,"mooneye/acceptance","mooneye/acceptance/push_timing.gb",crash,0
2026-07-26T17:09:17Z,a45ac7e,"mooneye/acceptance","mooneye/acceptance/rapid_di_ei.gb",crash,0
2026-07-26T17:09:17Z,a45ac7e,"mooneye/acceptance","mooneye/acceptance/ret_cc_timing.gb",crash,0
2026-07-26T17:09:17Z,a45ac7e,"mooneye/acceptance","mooneye/acceptance/reti_intr_timing.gb",crash,0
2026-07-26T17:09:17Z,a45ac7e,"mooneye/acceptance","mooneye/acceptance/reti_timing.gb",crash,0
2026-07-26T17:09:17Z,a45ac7e,"mooneye/acceptance","mooneye/acceptance/ret_timing.gb",crash,0
2026-07-26T17:09:17Z,a45ac7e,"mooneye/acceptance","mooneye/acceptance/rst_timing.gb",crash,0
2026-07-26T17:09:17Z,a45ac7e,"mooneye/acceptance","mooneye/acceptance/serial/boot_sclk_align-dmgABCmgb.gb",crash,0
2026-07-26T17:09:17Z,a45ac7e,"mooneye/acceptance","mooneye/acceptance/timer/div_write.gb",crash,0
2026-07-26T17:09:17Z,a45ac7e,"mooneye/acceptance","mooneye/acceptance/timer/rapid_toggle.gb",crash,0
2026-07-26T17:09:17Z,a45ac7e,"mooneye/acceptance","mooneye/acceptance/timer/tim00_div_trigger.gb",crash,0
2026-07-26T17:09:17Z,a45ac7e,"mooneye/acceptance","mooneye/acceptance/timer/tim00.gb",crash,0
2026-07-26T17:09:17Z,a45ac7e,"mooneye/acceptance","mooneye/acceptance/timer/tim01_div_trigger.gb",crash,0
2026-07-26T17:09:17Z,a45ac7e,"mooneye/acceptance","mooneye/acceptance/timer/tim01.gb",crash,0
2026-07-26T17:09:17Z,a45ac7e,"mooneye/acceptance","mooneye/acceptance/timer/tim10_div_trigger.gb",crash,0
2026-07-26T17:09:17Z,a45ac7e,"mooneye/acceptance","mooneye/acceptance/timer/tim10.gb",crash,0
2026-07-26T17:09:17Z,a45ac7e,"mooneye/acceptance","mooneye/acceptance/timer/tim11_div_trigger.gb",crash,0
2026-07-26T17:09:17Z,a45ac7e,"mooneye/acceptance","mooneye/acceptance/timer/tim11.gb",crash,0
2026-07-26T17:09:17Z,a45ac7e,"mooneye/acceptance","mooneye/acceptance/timer/tima_reload.gb",crash,0
2026-07-26T17:09:17Z,a45ac7e,"mooneye/acceptance","mooneye/acceptance/timer/tima_write_reloading.gb",crash,0
2026-07-26T17:09:17Z,a45ac7e,"mooneye/acceptance","mooneye/acceptance/timer/tma_write_reloading.gb",crash,0
2026-07-26T17:21:38Z,4bcc389,"blargg/cpu_instrs","blargg/cpu_instrs/cpu_instrs.gb",crash,0
2026-07-26T17:21:38Z,4bcc389,"blargg/cpu_instrs","blargg/cpu_instrs/individual/01-special.gb",crash,0
2026-07-26T17:21:38Z,4bcc389,"blargg/cpu_instrs","blargg/cpu_instrs/individual/02-interrupts.gb",crash,0
2026-07-26T17:21:38Z,4bcc389,"blargg/cpu_instrs","blargg/cpu_instrs/individual/03-op sp,hl.gb",crash,0
2026-07-26T17:21:38Z,4bcc389,"blargg/cpu_instrs","blargg/cpu_instrs/individual/04-op r,imm.gb",crash,0
2026-07-26T17:21:38Z,4bcc389,"blargg/cpu_instrs","blargg/cpu_instrs/individual/05-op rp.gb",crash,0
2026-07-26T17:21:38Z,4bcc389,"blargg/cpu_instrs","blargg/cpu_instrs/individual/06-ld r,r.gb",crash,0
2026-07-26T17:21:38Z,4bcc389,"blargg/cpu_instrs","blargg/cpu_instrs/individual/07-jr,jp,call,ret,rst.gb",crash,0
2026-07-26T17:21:38Z,4bcc389,"blargg/cpu_instrs","blargg/cpu_instrs/individual/08-misc instrs.gb",crash,0
2026-07-26T17:21:38Z,4bcc389,"blargg/cpu_instrs","blargg/cpu_instrs/individual/09-op r,r.gb",crash,0
2026-07-26T17:21:38Z,4bcc389,"blargg/cpu_instrs","blargg/cpu_instrs/individual/10-bit ops.gb",crash,0
2026-07-26T17:21:38Z,4bcc389,"blargg/cpu_instrs","blargg/cpu_instrs/individual/11-op a,(hl).gb",crash,0
2026-07-26T17:21:38Z,4bcc389,"blargg/dmg_sound","blargg/dmg_sound/dmg_sound.gb",crash,0
2026-07-26T17:21:38Z,4bcc389,"blargg/dmg_sound","blargg/dmg_sound/rom_singles/01-registers.gb",crash,0
2026-07-26T17:21:38Z,4bcc389,"blargg/dmg_sound","blargg/dmg_sound/rom_singles/02-len ctr.gb",crash,0
2026-07-26T17:21:38Z,4bcc389,"blargg/dmg_sound","blargg/dmg_sound/rom_singles/03-trigger.gb",crash,0
2026-07-26T17:21:38Z,4bcc389,"blargg/dmg_sound","blargg/dmg_sound/rom_singles/04-sweep.gb",crash,0
2026-07-26T17:21:38Z,4bcc389,"blargg/dmg_sound","blargg/dmg_sound/rom_singles/05-sweep details.gb",crash,0
2026-07-26T17:21:38Z,4bcc389,"blargg/dmg_sound","blargg/dmg_sound/rom_singles/06-overflow on trigger.gb",crash,0
2026-07-26T17:21:38Z,4bcc389,"blargg/dmg_sound","blargg/dmg_sound/rom_singles/07-len sweep period sync.gb",crash,0
2026-07-26T17:21:38Z,4bcc389,"blargg/dmg_sound","blargg/dmg_sound/rom_singles/08-len ctr during power.gb",crash,0
2026-07-26T17:21:38Z,4bcc389,"blargg/dmg_sound","blargg/dmg_sound/rom_singles/09-wave read while on.gb",crash,0
2026-07-26T17:21:38Z,4bcc389,"blargg/dmg_sound","blargg/dmg_sound/rom_singles/10-wave trigger while on.gb",crash,0
2026-07-26T17:21:38Z,4bcc389,"blargg/dmg_sound","blargg/dmg_sound/rom_singles/11-regs after power.gb",crash,0
2026-07-26T17:21:38Z,4bcc389,"blargg/dmg_sound","blargg/dmg_sound/rom_singles/12-wave write while on.gb",crash,0
2026-07-26T17:21:38Z,4bcc389,"blargg/halt_bug","blargg/halt_bug.gb",crash,0
2026-07-26T17:21:38Z,4bcc389,"blargg/instr_timing","blargg/instr_timing/instr_timing.gb",crash,0
2026-07-26T17:21:38Z,4bcc389,"blargg/interrupt_time","blargg/interrupt_time/interrupt_time.gb",crash,0
2026-07-26T17:21:38Z,4bcc389,"blargg/mem_timing-2","blargg/mem_timing-2/mem_timing.gb",crash,0
2026-07-26T17:21:38Z,4bcc389,"blargg/mem_timing-2","blargg/mem_timing-2/rom_singles/01-read_timing.gb",crash,0
2026-07-26T17:21:38Z,4bcc389,"blargg/mem_timing-2","blargg/mem_timing-2/rom_singles/02-write_timing.gb",crash,0
2026-07-26T17:21:38Z,4bcc389,"blargg/mem_timing-2","blargg/mem_timing-2/rom_singles/03-modify_timing.gb",crash,0
2026-07-26T17:21:38Z,4bcc389,"blargg/mem_timing","blargg/mem_timing/individual/01-read_timing.gb",crash,0
2026-07-26T17:21:38Z,4bcc389,"blargg/mem_timing","blargg/mem_timing/individual/02-write_timing.gb",crash,0
2026-07-26T17:21:38Z,4bcc389,"blargg/mem_timing","blargg/mem_timing/individual/03-modify_timing.gb",crash,0
2026-07-26T17:21:38Z,4bcc389,"blargg/mem_timing","blargg/mem_timing/mem_timing.gb",crash,0
2026-07-26T17:21:38Z,4bcc389,"blargg/oam_bug","blargg/oam_bug/oam_bug.gb",crash,0
2026-07-26T17:21:38Z,4bcc389,"blargg/oam_bug","blargg/oam_bug/rom_singles/1-lcd_sync.gb",crash,0
2026-07-26T17:21:38Z,4bcc389,"blargg/oam_bug","blargg/oam_bug/rom_singles/2-causes.gb",crash,0
2026-07-26T17:21:38Z,4bcc389,"blargg/oam_bug","blargg/oam_bug/rom_singles/3-non_causes.gb",crash,0
2026-07-26T17:21:38Z,4bcc389,"blargg/oam_bug","blargg/oam_bug/rom_singles/4-scanline_timing.gb",crash,0
2026-07-26T17:21:38Z,4bcc389,"blargg/oam_bug","blargg/oam_bug/rom_singles/5-timing_bug.gb",crash,0
2026-07-26T17:21:38Z,4bcc389,"blargg/oam_bug","blargg/oam_bug/rom_singles/6-timing_no_bug.gb",crash,0
2026-07-26T17:21:38Z,4bcc389,"blargg/oam_bug","blargg/oam_bug/rom_singles/7-timing_effect.gb",crash,0
2026-07-26T17:21:38Z,4bcc389,"blargg/oam_bug","blargg/oam_bug/rom_singles/8-instr_effect.gb",crash,0
2026-07-26T17:21:38Z,4bcc389,"dmg-acid2","dmg-acid2/dmg-acid2.gb",crash,0
2026-07-26T17:21:38Z,4bcc389,"mooneye/acceptance","mooneye/acceptance/add_sp_e_timing.gb",crash,0
2026-07-26T17:21:38Z,4bcc389,"mooneye/acceptance","mooneye/acceptance/bits/mem_oam.gb",crash,0
2026-07-26T17:21:38Z,4bcc389,"mooneye/acceptance","mooneye/acceptance/bits/reg_f.gb",crash,0
2026-07-26T17:21:38Z,4bcc389,"mooneye/acceptance","mooneye/acceptance/bits/unused_hwio-GS.gb",crash,0
2026-07-26T17:21:38Z,4bcc389,"mooneye/acceptance-nondmg","mooneye/acceptance/boot_div2-S.gb",crash,0
2026-07-26T17:21:38Z,4bcc389,"mooneye/acceptance-nondmg","mooneye/acceptance/boot_div-dmg0.gb",crash,0
2026-07-26T17:21:38Z,4bcc389,"mooneye/acceptance","mooneye/acceptance/boot_div-dmgABCmgb.gb",crash,0
2026-07-26T17:21:38Z,4bcc389,"mooneye/acceptance-nondmg","mooneye/acceptance/boot_div-S.gb",crash,0
2026-07-26T17:21:38Z,4bcc389,"mooneye/acceptance-nondmg","mooneye/acceptance/boot_hwio-dmg0.gb",crash,0
2026-07-26T17:21:38Z,4bcc389,"mooneye/acceptance","mooneye/acceptance/boot_hwio-dmgABCmgb.gb",crash,0
2026-07-26T17:21:38Z,4bcc389,"mooneye/acceptance-nondmg","mooneye/acceptance/boot_hwio-S.gb",crash,0
2026-07-26T17:21:38Z,4bcc389,"mooneye/acceptance-nondmg","mooneye/acceptance/boot_regs-dmg0.gb",crash,0
2026-07-26T17:21:38Z,4bcc389,"mooneye/acceptance","mooneye/acceptance/boot_regs-dmgABC.gb",crash,0
2026-07-26T17:21:38Z,4bcc389,"mooneye/acceptance-nondmg","mooneye/acceptance/boot_regs-mgb.gb",crash,0
2026-07-26T17:21:38Z,4bcc389,"mooneye/acceptance-nondmg","mooneye/acceptance/boot_regs-sgb2.gb",crash,0
2026-07-26T17:21:38Z,4bcc389,"mooneye/acceptance-nondmg","mooneye/acceptance/boot_regs-sgb.gb",crash,0
2026-07-26T17:21:38Z,4bcc389,"mooneye/acceptance","mooneye/acceptance/call_cc_timing2.gb",crash,0
2026-07-26T17:21:38Z,4bcc389,"mooneye/acceptance","mooneye/acceptance/call_cc_timing.gb",crash,0
2026-07-26T17:21:38Z,4bcc389,"mooneye/acceptance","mooneye/acceptance/call_timing2.gb",crash,0
2026-07-26T17:21:38Z,4bcc389,"mooneye/acceptance","mooneye/acceptance/call_timing.gb",crash,0
2026-07-26T17:21:38Z,4bcc389,"mooneye/acceptance","mooneye/acceptance/di_timing-GS.gb",crash,0
2026-07-26T17:21:38Z,4bcc389,"mooneye/acceptance","mooneye/acceptance/div_timing.gb",crash,0
2026-07-26T17:21:38Z,4bcc389,"mooneye/acceptance","mooneye/acceptance/ei_sequence.gb",crash,0
2026-07-26T17:21:38Z,4bcc389,"mooneye/acceptance","mooneye/acceptance/ei_timing.gb",crash,0
2026-07-26T17:21:38Z,4bcc389,"mooneye/acceptance","mooneye/acceptance/halt_ime0_ei.gb",crash,0
2026-07-26T17:21:38Z,4bcc389,"mooneye/acceptance","mooneye/acceptance/halt_ime0_nointr_timing.gb",crash,0
2026-07-26T17:21:38Z,4bcc389,"mooneye/acceptance","mooneye/acceptance/halt_ime1_timing2-GS.gb",crash,0
2026-07-26T17:21:38Z,4bcc389,"mooneye/acceptance","mooneye/acceptance/halt_ime1_timing.gb",crash,0
2026-07-26T17:21:38Z,4bcc389,"mooneye/acceptance","mooneye/acceptance/if_ie_registers.gb",crash,0
2026-07-26T17:21:38Z,4bcc389,"mooneye/acceptance","mooneye/acceptance/instr/daa.gb",crash,0
2026-07-26T17:21:38Z,4bcc389,"mooneye/acceptance","mooneye/acceptance/interrupts/ie_push.gb",crash,0
2026-07-26T17:21:38Z,4bcc389,"mooneye/acceptance","mooneye/acceptance/intr_timing.gb",crash,0
2026-07-26T17:21:38Z,4bcc389,"mooneye/acceptance","mooneye/acceptance/jp_cc_timing.gb",crash,0
2026-07-26T17:21:38Z,4bcc389,"mooneye/acceptance","mooneye/acceptance/jp_timing.gb",crash,0
2026-07-26T17:21:38Z,4bcc389,"mooneye/acceptance","mooneye/acceptance/ld_hl_sp_e_timing.gb",crash,0
2026-07-26T17:21:38Z,4bcc389,"mooneye/acceptance","mooneye/acceptance/oam_dma/basic.gb",crash,0
2026-07-26T17:21:38Z,4bcc389,"mooneye/acceptance","mooneye/acceptance/oam_dma/reg_read.gb",crash,0
2026-07-26T17:21:38Z,4bcc389,"mooneye/acceptance","mooneye/acceptance/oam_dma_restart.gb",crash,0
2026-07-26T17:21:38Z,4bcc389,"mooneye/acceptance","mooneye/acceptance/oam_dma/sources-GS.gb",crash,0
2026-07-26T17:21:38Z,4bcc389,"mooneye/acceptance","mooneye/acceptance/oam_dma_start.gb",crash,0
2026-07-26T17:21:38Z,4bcc389,"mooneye/acceptance","mooneye/acceptance/oam_dma_timing.gb",crash,0
2026-07-26T17:21:38Z,4bcc389,"mooneye/acceptance","mooneye/acceptance/pop_timing.gb",crash,0
2026-07-26T17:21:38Z,4bcc389,"mooneye/acceptance","mooneye/acceptance/ppu/hblank_ly_scx_timing-GS.gb",crash,0
2026-07-26T17:21:38Z,4bcc389,"mooneye/acceptance","mooneye/acceptance/ppu/intr_1_2_timing-GS.gb",crash,0
2026-07-26T17:21:38Z,4bcc389,"mooneye/acceptance","mooneye/acceptance/ppu/intr_2_0_timing.gb",crash,0
2026-07-26T17:21:38Z,4bcc389,"mooneye/acceptance","mooneye/acceptance/ppu/intr_2_mode0_timing.gb",crash,0
2026-07-26T17:21:38Z,4bcc389,"mooneye/acceptance","mooneye/acceptance/ppu/intr_2_mode0_timing_sprites.gb",crash,0
2026-07-26T17:21:38Z,4bcc389,"mooneye/acceptance","mooneye/acceptance/ppu/intr_2_mode3_timing.gb",crash,0
2026-07-26T17:21:38Z,4bcc389,"mooneye/acceptance","mooneye/acceptance/ppu/intr_2_oam_ok_timing.gb",crash,0
2026-07-26T17:21:38Z,4bcc389,"mooneye/acceptance","mooneye/acceptance/ppu/lcdon_timing-GS.gb",crash,0
2026-07-26T17:21:38Z,4bcc389,"mooneye/acceptance","mooneye/acceptance/ppu/lcdon_write_timing-GS.gb",crash,0
2026-07-26T17:21:38Z,4bcc389,"mooneye/acceptance","mooneye/acceptance/ppu/stat_irq_blocking.gb",crash,0
2026-07-26T17:21:38Z,4bcc389,"mooneye/acceptance","mooneye/acceptance/ppu/stat_lyc_onoff.gb",crash,0
2026-07-26T17:21:38Z,4bcc389,"mooneye/acceptance","mooneye/acceptance/ppu/vblank_stat_intr-GS.gb",crash,0
2026-07-26T17:21:38Z,4bcc389,"mooneye/acceptance","mooneye/acceptance/push_timing.gb",crash,0
2026-07-26T17:21:38Z,4bcc389,"mooneye/acceptance","mooneye/acceptance/rapid_di_ei.gb",crash,0
2026-07-26T17:21:38Z,4bcc389,"mooneye/acceptance","mooneye/acceptance/ret_cc_timing.gb",crash,0
2026-07-26T17:21:38Z,4bcc389,"mooneye/acceptance","mooneye/acceptance/reti_intr_timing.gb",crash,0
2026-07-26T17:21:38Z,4bcc389,"mooneye/acceptance","mooneye/acceptance/reti_timing.gb",crash,0
2026-07-26T17:21:38Z,4bcc389,"mooneye/acceptance","mooneye/acceptance/ret_timing.gb",crash,0
2026-07-26T17:21:38Z,4bcc389,"mooneye/acceptance","mooneye/acceptance/rst_timing.gb",crash,0
2026-07-26T17:21:38Z,4bcc389,"mooneye/acceptance","mooneye/acceptance/serial/boot_sclk_align-dmgABCmgb.gb",crash,0
2026-07-26T17:21:38Z,4bcc389,"mooneye/acceptance","mooneye/acceptance/timer/div_write.gb",crash,0
2026-07-26T17:21:38Z,4bcc389,"mooneye/acceptance","mooneye/acceptance/timer/rapid_toggle.gb",crash,0
2026-07-26T17:21:38Z,4bcc389,"mooneye/acceptance","mooneye/acceptance/timer/tim00_div_trigger.gb",crash,0
2026-07-26T17:21:38Z,4bcc389,"mooneye/acceptance","mooneye/acceptance/timer/tim00.gb",crash,0
2026-07-26T17:21:38Z,4bcc389,"mooneye/acceptance","mooneye/acceptance/timer/tim01_div_trigger.gb",crash,0
2026-07-26T17:21:38Z,4bcc389,"mooneye/acceptance","mooneye/acceptance/timer/tim01.gb",crash,0
2026-07-26T17:21:38Z,4bcc389,"mooneye/acceptance","mooneye/acceptance/timer/tim10_div_trigger.gb",crash,0
2026-07-26T17:21:38Z,4bcc389,"mooneye/acceptance","mooneye/acceptance/timer/tim10.gb",crash,0
2026-07-26T17:21:38Z,4bcc389,"mooneye/acceptance","mooneye/acceptance/timer/tim11_div_trigger.gb",crash,0
2026-07-26T17:21:38Z,4bcc389,"mooneye/acceptance","mooneye/acceptance/timer/tim11.gb",crash,0
2026-07-26T17:21:38Z,4bcc389,"mooneye/acceptance","mooneye/acceptance/timer/tima_reload.gb",crash,0
2026-07-26T17:21:38Z,4bcc389,"mooneye/acceptance","mooneye/acceptance/timer/tima_write_reloading.gb",crash,0
2026-07-26T17:21:38Z,4bcc389,"mooneye/acceptance","mooneye/acceptance/timer/tma_write_reloading.gb",crash,0
2026-07-26T17:34:19Z,2a08209,"blargg/cpu_instrs","blargg/cpu_instrs/cpu_instrs.gb",crash,0
2026-07-26T17:34:19Z,2a08209,"blargg/cpu_instrs","blargg/cpu_instrs/individual/01-special.gb",crash,0
2026-07-26T17:34:19Z,2a08209,"blargg/cpu_instrs","blargg/cpu_instrs/individual/02-interrupts.gb",crash,0
2026-07-26T17:34:19Z,2a08209,"blargg/cpu_instrs","blargg/cpu_instrs/individual/03-op sp,hl.gb",crash,0
2026-07-26T17:34:19Z,2a08209,"blargg/cpu_instrs","blargg/cpu_instrs/individual/04-op r,imm.gb",crash,0
2026-07-26T17:34:19Z,2a08209,"blargg/cpu_instrs","blargg/cpu_instrs/individual/05-op rp.gb",crash,0
2026-07-26T17:34:19Z,2a08209,"blargg/cpu_instrs","blargg/cpu_instrs/individual/06-ld r,r.gb",crash,0
2026-07-26T17:34:19Z,2a08209,"blargg/cpu_instrs","blargg/cpu_instrs/individual/07-jr,jp,call,ret,rst.gb",crash,0
2026-07-26T17:34:19Z,2a08209,"blargg/cpu_instrs","blargg/cpu_instrs/individual/08-misc instrs.gb",crash,0
2026-07-26T17:34:19Z,2a08209,"blargg/cpu_instrs","blargg/cpu_instrs/individual/09-op r,r.gb",crash,0
2026-07-26T17:34:19Z,2a08209,"blargg/cpu_instrs","blargg/cpu_instrs/individual/10-bit ops.gb",crash,0
2026-07-26T17:34:19Z,2a08209,"blargg/cpu_instrs","blargg/cpu_instrs/individual/11-op a,(hl).gb",crash,0
2026-07-26T17:34:19Z,2a08209,"blargg/dmg_sound","blargg/dmg_sound/dmg_sound.gb",crash,0
2026-07-26T17:34:19Z,2a08209,"blargg/dmg_sound","blargg/dmg_sound/rom_singles/01-registers.gb",crash,0
2026-07-26T17:34:19Z,2a08209,"blargg/dmg_sound","blargg/dmg_sound/rom_singles/02-len ctr.gb",crash,0
2026-07-26T17:34:19Z,2a08209,"blargg/dmg_sound","blargg/dmg_sound/rom_singles/03-trigger.gb",crash,0
2026-07-26T17:34:19Z,2a08209,"blargg/dmg_sound","blargg/dmg_sound/rom_singles/04-sweep.gb",crash,0
2026-07-26T17:34:19Z,2a08209,"blargg/dmg_sound","blargg/dmg_sound/rom_singles/05-sweep details.gb",crash,0
2026-07-26T17:34:19Z,2a08209,"blargg/dmg_sound","blargg/dmg_sound/rom_singles/06-overflow on trigger.gb",crash,0
2026-07-26T17:34:19Z,2a08209,"blargg/dmg_sound","blargg/dmg_sound/rom_singles/07-len sweep period sync.gb",crash,0
2026-07-26T17:34:19Z,2a08209,"blargg/dmg_sound","blargg/dmg_sound/rom_singles/08-len ctr during power.gb",crash,0
2026-07-26T17:34:19Z,2a08209,"blargg/dmg_sound","blargg/dmg_sound/rom_singles/09-wave read while on.gb",crash,0
2026-07-26T17:34:19Z,2a08209,"blargg/dmg_sound","blargg/dmg_sound/rom_singles/10-wave trigger while on.gb",crash,0
2026-07-26T17:34:19Z,2a08209,"blargg/dmg_sound","blargg/dmg_sound/rom_singles/11-regs after power.gb",crash,0
2026-07-26T17:34:19Z,2a08209,"blargg/dmg_sound","blargg/dmg_sound/rom_singles/12-wave write while on.gb",crash,0
2026-07-26T17:34:19Z,2a08209,"blargg/halt_bug","blargg/halt_bug.gb",crash,0
2026-07-26T17:34:19Z,2a08209,"blargg/instr_timing","blargg/instr_timing/instr_timing.gb",crash,0
2026-07-26T17:34:19Z,2a08209,"blargg/interrupt_time","blargg/interrupt_time/interrupt_time.gb",crash,0
2026-07-26T17:34:19Z,2a08209,"blargg/mem_timing-2","blargg/mem_timing-2/mem_timing.gb",crash,0
2026-07-26T17:34:19Z,2a08209,"blargg/mem_timing-2","blargg/mem_timing-2/rom_singles/01-read_timing.gb",crash,0
2026-07-26T17:34:19Z,2a08209,"blargg/mem_timing-2","blargg/mem_timing-2/rom_singles/02-write_timing.gb",crash,0
2026-07-26T17:34:19Z,2a08209,"blargg/mem_timing-2","blargg/mem_timing-2/rom_singles/03-modify_timing.gb",crash,0
2026-07-26T17:34:19Z,2a08209,"blargg/mem_timing","blargg/mem_timing/individual/01-read_timing.gb",crash,0
2026-07-26T17:34:19Z,2a08209,"blargg/mem_timing","blargg/mem_timing/individual/02-write_timing.gb",crash,0
2026-07-26T17:34:19Z,2a08209,"blargg/mem_timing","blargg/mem_timing/individual/03-modify_timing.gb",crash,0
2026-07-26T17:34:19Z,2a08209,"blargg/mem_timing","blargg/mem_timing/mem_timing.gb",crash,0
2026-07-26T17:34:19Z,2a08209,"blargg/oam_bug","blargg/oam_bug/oam_bug.gb",crash,0
2026-07-26T17:34:19Z,2a08209,"blargg/oam_bug","blargg/oam_bug/rom_singles/1-lcd_sync.gb",crash,0
2026-07-26T17:34:19Z,2a08209,"blargg/oam_bug","blargg/oam_bug/rom_singles/2-causes.gb",crash,0
2026-07-26T17:34:19Z,2a08209,"blargg/oam_bug","blargg/oam_bug/rom_singles/3-non_causes.gb",crash,0
2026-07-26T17:34:19Z,2a08209,"blargg/oam_bug","blargg/oam_bug/rom_singles/4-scanline_timing.gb",crash,0
2026-07-26T17:34:19Z,2a08209,"blargg/oam_bug","blargg/oam_bug/rom_singles/5-timing_bug.gb",crash,0
2026-07-26T17:34:19Z,2a08209,"blargg/oam_bug","blargg/oam_bug/rom_singles/6-timing_no_bug.gb",crash,0
2026-07-26T17:34:19Z,2a08209,"blargg/oam_bug","blargg/oam_bug/rom_singles/7-timing_effect.gb",crash,0
2026-07-26T17:34:19Z,2a08209,"blargg/oam_bug","blargg/oam_bug/rom_singles/8-instr_effect.gb",crash,0
2026-07-26T17:34:19Z,2a08209,"dmg-acid2","dmg-acid2/dmg-acid2.gb",crash,0
2026-07-26T17:34:19Z,2a08209,"mooneye/acceptance","mooneye/acceptance/add_sp_e_timing.gb",crash,0
2026-07-26T17:34:19Z,2a08209,"mooneye/acceptance","mooneye/acceptance/bits/mem_oam.gb",crash,0
2026-07-26T17:34:19Z,2a08209,"mooneye/acceptance","mooneye/acceptance/bits/reg_f.gb",crash,0
2026-07-26T17:34:19Z,2a08209,"mooneye/acceptance","mooneye/acceptance/bits/unused_hwio-GS.gb",crash,0
2026-07-26T17:34:19Z,2a08209,"mooneye/acceptance-nondmg","mooneye/acceptance/boot_div2-S.gb",crash,0
2026-07-26T17:34:19Z,2a08209,"mooneye/acceptance-nondmg","mooneye/acceptance/boot_div-dmg0.gb",crash,0
2026-07-26T17:34:19Z,2a08209,"mooneye/acceptance","mooneye/acceptance/boot_div-dmgABCmgb.gb",crash,0
2026-07-26T17:34:19Z,2a08209,"mooneye/acceptance-nondmg","mooneye/acceptance/boot_div-S.gb",crash,0
2026-07-26T17:34:19Z,2a08209,"mooneye/acceptance-nondmg","mooneye/acceptance/boot_hwio-dmg0.gb",crash,0
2026-07-26T17:34:19Z,2a08209,"mooneye/acceptance","mooneye/acceptance/boot_hwio-dmgABCmgb.gb",crash,0
2026-07-26T17:34:19Z,2a08209,"mooneye/acceptance-nondmg","mooneye/acceptance/boot_hwio-S.gb",crash,0
2026-07-26T17:34:19Z,2a08209,"mooneye/acceptance-nondmg","mooneye/acceptance/boot_regs-dmg0.gb",crash,0
2026-07-26T17:34:19Z,2a08209,"mooneye/acceptance","mooneye/acceptance/boot_regs-dmgABC.gb",crash,0
2026-07-26T17:34:19Z,2a08209,"mooneye/acceptance-nondmg","mooneye/acceptance/boot_regs-mgb.gb",crash,0
2026-07-26T17:34:19Z,2a08209,"mooneye/acceptance-nondmg","mooneye/acceptance/boot_regs-sgb2.gb",crash,0
2026-07-26T17:34:19Z,2a08209,"mooneye/acceptance-nondmg","mooneye/acceptance/boot_regs-sgb.gb",crash,0
2026-07-26T17:34:19Z,2a08209,"mooneye/acceptance","mooneye/acceptance/call_cc_timing2.gb",crash,0
2026-07-26T17:34:19Z,2a08209,"mooneye/acceptance","mooneye/acceptance/call_cc_timing.gb",crash,0
2026-07-26T17:34:19Z,2a08209,"mooneye/acceptance","mooneye/acceptance/call_timing2.gb",crash,0
2026-07-26T17:34:19Z,2a08209,"mooneye/acceptance","mooneye/acceptance/call_timing.gb",crash,0
2026-07-26T17:34:19Z,2a08209,"mooneye/acceptance","mooneye/acceptance/di_timing-GS.gb",crash,0
2026-07-26T17:34:19Z,2a08209,"mooneye/acceptance","mooneye/acceptance/div_timing.gb",crash,0
2026-07-26T17:34:19Z,2a08209,"mooneye/acceptance","mooneye/acceptance/ei_sequence.gb",crash,0
2026-07-26T17:34:19Z,2a08209,"mooneye/acceptance","mooneye/acceptance/ei_timing.gb",crash,0
2026-07-26T17:34:19Z,2a08209,"mooneye/acceptance","mooneye/acceptance/halt_ime0_ei.gb",crash,0
2026-07-26T17:34:19Z,2a08209,"mooneye/acceptance","mooneye/acceptance/halt_ime0_nointr_timing.gb",crash,0
2026-07-26T17:34:19Z,2a08209,"mooneye/acceptance","mooneye/acceptance/halt_ime1_timing2-GS.gb",crash,0
2026-07-26T17:34:19Z,2a08209,"mooneye/acceptance","mooneye/acceptance/halt_ime1_timing.gb",crash,0
2026-07-26T17:34:19Z,2a08209,"mooneye/acceptance","mooneye/acceptance/if_ie_registers.gb",crash,0
2026-07-26T17:34:19Z,2a08209,"mooneye/acceptance","mooneye/acceptance/instr/daa.gb",crash,0
2026-07-26T17:34:19Z,2a08209,"mooneye/acceptance","mooneye/acceptance/interrupts/ie_push.gb",crash,0
2026-07-26T17:34:19Z,2a08209,"mooneye/acceptance","mooneye/acceptance/intr_timing.gb",crash,0
2026-07-26T17:34:19Z,2a08209,"mooneye/acceptance","mooneye/acceptance/jp_cc_timing.gb",crash,0
2026-07-26T17:34:19Z,2a08209,"mooneye/acceptance","mooneye/acceptance/jp_timing.gb",crash,0
2026-07-26T17:34:19Z,2a08209,"mooneye/acceptance","mooneye/acceptance/ld_hl_sp_e_timing.gb",crash,0
2026-07-26T17:34:19Z,2a08209,"mooneye/acceptance","mooneye/acceptance/oam_dma/basic.gb",crash,0
2026-07-26T17:34:19Z,2a08209,"mooneye/acceptance","mooneye/acceptance/oam_dma/reg_read.gb",crash,0
2026-07-26T17:34:19Z,2a08209,"mooneye/acceptance","mooneye/acceptance/oam_dma_restart.gb",crash,0
2026-07-26T17:34:19Z,2a08209,"mooneye/acceptance","mooneye/acceptance/oam_dma/sources-GS.gb",crash,0
2026-07-26T17:34:19Z,2a08209,"mooneye/acceptance","mooneye/acceptance/oam_dma_start.gb",crash,0
2026-07-26T17:34:19Z,2a08209,"mooneye/acceptance","mooneye/acceptance/oam_dma_timing.gb",crash,0
2026-07-26T17:34:19Z,2a08209,"mooneye/acceptance","mooneye/acceptance/pop_timing.gb",crash,0
2026-07-26T17:34:19Z,2a08209,"mooneye/acceptance","mooneye/acceptance/ppu/hblank_ly_scx_timing-GS.gb",crash,0
2026-07-26T17:34:19Z,2a08209,"mooneye/acceptance","mooneye/acceptance/ppu/intr_1_2_timing-GS.gb",crash,0
2026-07-26T17:34:19Z,2a08209,"mooneye/acceptance","mooneye/acceptance/ppu/intr_2_0_timing.gb",crash,0
2026-07-26T17:34:19Z,2a08209,"mooneye/acceptance","mooneye/acceptance/ppu/intr_2_mode0_timing.gb",crash,0
2026-07-26T17:34:19Z,2a08209,"mooneye/acceptance","mooneye/acceptance/ppu/intr_2_mode0_timing_sprites.gb",crash,0
2026-07-26T17:34:19Z,2a08209,"mooneye/acceptance","mooneye/acceptance/ppu/intr_2_mode3_timing.gb",crash,0
2026-07-26T17:34:19Z,2a08209,"mooneye/acceptance","mooneye/acceptance/ppu/intr_2_oam_ok_timing.gb",crash,0
2026-07-26T17:34:19Z,2a08209,"mooneye/acceptance","mooneye/acceptance/ppu/lcdon_timing-GS.gb",crash,0
2026-07-26T17:34:19Z,2a08209,"mooneye/acceptance","mooneye/acceptance/ppu/lcdon_write_timing-GS.gb",crash,0
2026-07-26T17:34:19Z,2a08209,"mooneye/acceptance","mooneye/acceptance/ppu/stat_irq_blocking.gb",crash,0
2026-07-26T17:34:19Z,2a08209,"mooneye/acceptance","mooneye/acceptance/ppu/stat_lyc_onoff.gb",crash,0
2026-07-26T17:34:19Z,2a08209,"mooneye/acceptance","mooneye/acceptance/ppu/vblank_stat_intr-GS.gb",crash,0
2026-07-26T17:34:19Z,2a08209,"mooneye/acceptance","mooneye/acceptance/push_timing.gb",crash,0
2026-07-26T17:34:19Z,2a08209,"mooneye/acceptance","mooneye/acceptance/rapid_di_ei.gb",crash,0
2026-07-26T17:34:19Z,2a08209,"mooneye/acceptance","mooneye/acceptance/ret_cc_timing.gb",crash,0
2026-07-26T17:34:19Z,2a08209,"mooneye/acceptance","mooneye/acceptance/reti_intr_timing.gb",crash,0
2026-07-26T17:34:19Z,2a08209,"mooneye/acceptance","mooneye/acceptance/reti_timing.gb",crash,0
2026-07-26T17:34:19Z,2a08209,"mooneye/acceptance","mooneye/acceptance/ret_timing.gb",crash,0
2026-07-26T17:34:19Z,2a08209,"mooneye/acceptance","mooneye/acceptance/rst_timing.gb",crash,0
2026-07-26T17:34:19Z,2a08209,"mooneye/acceptance","mooneye/acceptance/serial/boot_sclk_align-dmgABCmgb.gb",crash,0
2026-07-26T17:34:19Z,2a08209,"mooneye/acceptance","mooneye/acceptance/timer/div_write.gb",crash,0
2026-07-26T17:34:19Z,2a08209,"mooneye/acceptance","mooneye/acceptance/timer/rapid_toggle.gb",crash,0
2026-07-26T17:34:19Z,2a08209,"mooneye/acceptance","mooneye/acceptance/timer/tim00_div_trigger.gb",crash,0
2026-07-26T17:34:19Z,2a08209,"mooneye/acceptance","mooneye/acceptance/timer/tim00.gb",crash,0
2026-07-26T17:34:19Z,2a08209,"mooneye/acceptance","mooneye/acceptance/timer/tim01_div_trigger.gb",crash,0
2026-07-26T17:34:19Z,2a08209,"mooneye/acceptance","mooneye/acceptance/timer/tim01.gb",crash,0
2026-07-26T17:34:19Z,2a08209,"mooneye/acceptance","mooneye/acceptance/timer/tim10_div_trigger.gb",crash,0
2026-07-26T17:34:19Z,2a08209,"mooneye/acceptance","mooneye/acceptance/timer/tim10.gb",crash,0
2026-07-26T17:34:19Z,2a08209,"mooneye/acceptance","mooneye/acceptance/timer/tim11_div_trigger.gb",crash,0
2026-07-26T17:34:19Z,2a08209,"mooneye/acceptance","mooneye/acceptance/timer/tim11.gb",crash,0
2026-07-26T17:34:19Z,2a08209,"mooneye/acceptance","mooneye/acceptance/timer/tima_reload.gb",crash,0
2026-07-26T17:34:19Z,2a08209,"mooneye/acceptance","mooneye/acceptance/timer/tima_write_reloading.gb",crash,0
2026-07-26T17:34:19Z,2a08209,"mooneye/acceptance","mooneye/acceptance/timer/tma_write_reloading.gb",crash,0
2026-07-26T17:37:23Z,2a08209,"blargg/cpu_instrs","blargg/cpu_instrs/cpu_instrs.gb",crash,0
2026-07-26T17:37:23Z,2a08209,"blargg/cpu_instrs","blargg/cpu_instrs/individual/01-special.gb",crash,0
2026-07-26T17:37:23Z,2a08209,"blargg/cpu_instrs","blargg/cpu_instrs/individual/02-interrupts.gb",crash,0
2026-07-26T17:37:23Z,2a08209,"blargg/cpu_instrs","blargg/cpu_instrs/individual/03-op sp,hl.gb",crash,0
2026-07-26T17:37:23Z,2a08209,"blargg/cpu_instrs","blargg/cpu_instrs/individual/04-op r,imm.gb",crash,0
2026-07-26T17:37:23Z,2a08209,"blargg/cpu_instrs","blargg/cpu_instrs/individual/05-op rp.gb",crash,0
2026-07-26T17:37:23Z,2a08209,"blargg/cpu_instrs","blargg/cpu_instrs/individual/06-ld r,r.gb",crash,0
2026-07-26T17:37:23Z,2a08209,"blargg/cpu_instrs","blargg/cpu_instrs/individual/07-jr,jp,call,ret,rst.gb",crash,0
2026-07-26T17:37:23Z,2a08209,"blargg/cpu_instrs","blargg/cpu_instrs/individual/08-misc instrs.gb",crash,0
2026-07-26T17:37:23Z,2a08209,"blargg/cpu_instrs","blargg/cpu_instrs/individual/09-op r,r.gb",crash,0
2026-07-26T17:37:23Z,2a08209,"blargg/cpu_instrs","blargg/cpu_instrs/individual/10-bit ops.gb",crash,0
2026-07-26T17:37:23Z,2a08209,"blargg/cpu_instrs","blargg/cpu_instrs/individual/11-op a,(hl).gb",crash,0
2026-07-26T17:37:23Z,2a08209,"blargg/dmg_sound","blargg/dmg_sound/dmg_sound.gb",crash,0
2026-07-26T17:37:23Z,2a08209,"blargg/dmg_sound","blargg/dmg_sound/rom_singles/01-registers.gb",crash,0
2026-07-26T17:37:23Z,2a08209,"blargg/dmg_sound","blargg/dmg_sound/rom_singles/02-len ctr.gb",crash,0
2026-07-26T17:37:23Z,2a08209,"blargg/dmg_sound","blargg/dmg_sound/rom_singles/03-trigger.gb",crash,0
2026-07-26T17:37:23Z,2a08209,"blargg/dmg_sound","blargg/dmg_sound/rom_singles/04-sweep.gb",crash,0
2026-07-26T17:37:23Z,2a08209,"blargg/dmg_sound","blargg/dmg_sound/rom_singles/05-sweep details.gb",crash,0
2026-07-26T17:37:23Z,2a08209,"blargg/dmg_sound","blargg/dmg_sound/rom_singles/06-overflow on trigger.gb",crash,0
2026-07-26T17:37:23Z,2a08209,"blargg/dmg_sound","blargg/dmg_sound/rom_singles/07-len sweep period sync.gb",crash,0
2026-07-26T17:37:23Z,2a08209,"blargg/dmg_sound","blargg/dmg_sound/rom_singles/08-len ctr during power.gb",crash,0
2026-07-26T17:37:23Z,2a08209,"blargg/dmg_sound","blargg/dmg_sound/rom_singles/09-wave read while on.gb",crash,0
2026-07-26T17:37:23Z,2a08209,"blargg/dmg_sound","blargg/dmg_sound/rom_singles/10-wave trigger while on.gb",crash,0
2026-07-26T17:37:23Z,2a08209,"blargg/dmg_sound","blargg/dmg_sound/rom_singles/11-regs after power.gb",crash,0
2026-07-26T17:37:23Z,2a08209,"blargg/dmg_sound","blargg/dmg_sound/rom_singles/12-wave write while on.gb",crash,0
2026-07-26T17:37:23Z,2a08209,"blargg/halt_bug","blargg/halt_bug.gb",crash,0
2026-07-26T17:37:23Z,2a08209,"blargg/instr_timing","blargg/instr_timing/instr_timing.gb",crash,0
2026-07-26T17:37:23Z,2a08209,"blargg/interrupt_time","blargg/interrupt_time/interrupt_time.gb",crash,0
2026-07-26T17:37:23Z,2a08209,"blargg/mem_timing-2","blargg/mem_timing-2/mem_timing.gb",crash,0
2026-07-26T17:37:23Z,2a08209,"blargg/mem_timing-2","blargg/mem_timing-2/rom_singles/01-read_timing.gb",crash,0
2026-07-26T17:37:23Z,2a08209,"blargg/mem_timing-2","blargg/mem_timing-2/rom_singles/02-write_timing.gb",crash,0
2026-07-26T17:37:23Z,2a08209,"blargg/mem_timing-2","blargg/mem_timing-2/rom_singles/03-modify_timing.gb",crash,0
2026-07-26T17:37:23Z,2a08209,"blargg/mem_timing","blargg/mem_timing/individual/01-read_timing.gb",crash,0
2026-07-26T17:37:23Z,2a08209,"blargg/mem_timing","blargg/mem_timing/individual/02-write_timing.gb",crash,0
2026-07-26T17:37:23Z,2a08209,"blargg/mem_timing","blargg/mem_timing/individual/03-modify_timing.gb",crash,0
2026-07-26T17:37:23Z,2a08209,"blargg/mem_timing","blargg/mem_timing/mem_timing.gb",crash,0
2026-07-26T17:37:23Z,2a08209,"blargg/oam_bug","blargg/oam_bug/oam_bug.gb",crash,0
2026-07-26T17:37:23Z,2a08209,"blargg/oam_bug","blargg/oam_bug/rom_singles/1-lcd_sync.gb",crash,0
2026-07-26T17:37:23Z,2a08209,"blargg/oam_bug","blargg/oam_bug/rom_singles/2-causes.gb",crash,0
2026-07-26T17:37:23Z,2a08209,"blargg/oam_bug","blargg/oam_bug/rom_singles/3-non_causes.gb",crash,0
2026-07-26T17:37:23Z,2a08209,"blargg/oam_bug","blargg/oam_bug/rom_singles/4-scanline_timing.gb",crash,0
2026-07-26T17:37:23Z,2a08209,"blargg/oam_bug","blargg/oam_bug/rom_singles/5-timing_bug.gb",crash,0
2026-07-26T17:37:23Z,2a08209,"blargg/oam_bug","blargg/oam_bug/rom_singles/6-timing_no_bug.gb",crash,0
2026-07-26T17:37:23Z,2a08209,"blargg/oam_bug","blargg/oam_bug/rom_singles/7-timing_effect.gb",crash,0
2026-07-26T17:37:23Z,2a08209,"blargg/oam_bug","blargg/oam_bug/rom_singles/8-instr_effect.gb",crash,0
2026-07-26T17:37:23Z,2a08209,"dmg-acid2","dmg-acid2/dmg-acid2.gb",crash,0
2026-07-26T17:37:23Z,2a08209,"mooneye/acceptance","mooneye/acceptance/add_sp_e_timing.gb",crash,0
2026-07-26T17:37:23Z,2a08209,"mooneye/acceptance","mooneye/acceptance/bits/mem_oam.gb",crash,0
2026-07-26T17:37:23Z,2a08209,"mooneye/acceptance","mooneye/acceptance/bits/reg_f.gb",crash,0
2026-07-26T17:37:23Z,2a08209,"mooneye/acceptance","mooneye/acceptance/bits/unused_hwio-GS.gb",crash,0
2026-07-26T17:37:23Z,2a08209,"mooneye/acceptance-nondmg","mooneye/acceptance/boot_div2-S.gb",crash,0
2026-07-26T17:37:23Z,2a08209,"mooneye/acceptance-nondmg","mooneye/acceptance/boot_div-dmg0.gb",crash,0
2026-07-26T17:37:23Z,2a08209,"mooneye/acceptance","mooneye/acceptance/boot_div-dmgABCmgb.gb",crash,0
2026-07-26T17:37:23Z,2a08209,"mooneye/acceptance-nondmg","mooneye/acceptance/boot_div-S.gb",crash,0
2026-07-26T17:37:23Z,2a08209,"mooneye/acceptance-nondmg","mooneye/acceptance/boot_hwio-dmg0.gb",crash,0
2026-07-26T17:37:23Z,2a08209,"mooneye/acceptance","mooneye/acceptance/boot_hwio-dmgABCmgb.gb",crash,0
2026-07-26T17:37:23Z,2a08209,"mooneye/acceptance-nondmg","mooneye/acceptance/boot_hwio-S.gb",crash,0
2026-07-26T17:37:23Z,2a08209,"mooneye/acceptance-nondmg","mooneye/acceptance/boot_regs-dmg0.gb",crash,0
2026-07-26T17:37:23Z,2a08209,"mooneye/acceptance","mooneye/acceptance/boot_regs-dmgABC.gb",crash,0
2026-07-26T17:37:23Z,2a08209,"mooneye/acceptance-nondmg","mooneye/acceptance/boot_regs-mgb.gb",crash,0
2026-07-26T17:37:23Z,2a08209,"mooneye/acceptance-nondmg","mooneye/acceptance/boot_regs-sgb2.gb",crash,0
2026-07-26T17:37:23Z,2a08209,"mooneye/acceptance-nondmg","mooneye/acceptance/boot_regs-sgb.gb",crash,0
2026-07-26T17:37:23Z,2a08209,"mooneye/acceptance","mooneye/acceptance/call_cc_timing2.gb",crash,0
2026-07-26T17:37:23Z,2a08209,"mooneye/acceptance","mooneye/acceptance/call_cc_timing.gb",crash,0
2026-07-26T17:37:23Z,2a08209,"mooneye/acceptance","mooneye/acceptance/call_timing2.gb",crash,0
2026-07-26T17:37:23Z,2a08209,"mooneye/acceptance","mooneye/acceptance/call_timing.gb",crash,0
2026-07-26T17:37:23Z,2a08209,"mooneye/acceptance","mooneye/acceptance/di_timing-GS.gb",crash,0
2026-07-26T17:37:23Z,2a08209,"mooneye/acceptance","mooneye/acceptance/div_timing.gb",crash,0
2026-07-26T17:37:23Z,2a08209,"mooneye/acceptance","mooneye/acceptance/ei_sequence.gb",crash,0
2026-07-26T17:37:23Z,2a08209,"mooneye/acceptance","mooneye/acceptance/ei_timing.gb",crash,0
2026-07-26T17:37:23Z,2a08209,"mooneye/acceptance","mooneye/acceptance/halt_ime0_ei.gb",crash,0
2026-07-26T17:37:23Z,2a08209,"mooneye/acceptance","mooneye/acceptance/halt_ime0_nointr_timing.gb",crash,0
2026-07-26T17:37:23Z,2a08209,"mooneye/acceptance","mooneye/acceptance/halt_ime1_timing2-GS.gb",crash,0
2026-07-26T17:37:23Z,2a08209,"mooneye/acceptance","mooneye/acceptance/halt_ime1_timing.gb",crash,0
2026-07-26T17:37:23Z,2a08209,"mooneye/acceptance","mooneye/acceptance/if_ie_registers.gb",crash,0
2026-07-26T17:37:23Z,2a08209,"mooneye/acceptance","mooneye/acceptance/instr/daa.gb",crash,0
2026-07-26T17:37:23Z,2a08209,"mooneye/acceptance","mooneye/acceptance/interrupts/ie_push.gb",crash,0
2026-07-26T17:37:23Z,2a08209,"mooneye/acceptance","mooneye/acceptance/intr_timing.gb",crash,0
2026-07-26T17:37:23Z,2a08209,"mooneye/acceptance","mooneye/acceptance/jp_cc_timing.gb",crash,0
2026-07-26T17:37:23Z,2a08209,"mooneye/acceptance","mooneye/acceptance/jp_timing.gb",crash,0
2026-07-26T17:37:23Z,2a08209,"mooneye/acceptance","mooneye/acceptance/ld_hl_sp_e_timing.gb",crash,0
2026-07-26T17:37:23Z,2a08209,"mooneye/acceptance","mooneye/acceptance/oam_dma/basic.gb",crash,0
2026-07-26T17:37:23Z,2a08209,"mooneye/acceptance","mooneye/acceptance/oam_dma/reg_read.gb",crash,0
2026-07-26T17:37:23Z,2a08209,"mooneye/acceptance","mooneye/acceptance/oam_dma_restart.gb",crash,0
2026-07-26T17:37:23Z,2a08209,"mooneye/acceptance","mooneye/acceptance/oam_dma/sources-GS.gb",crash,0
2026-07-26T17:37:23Z,2a08209,"mooneye/acceptance","mooneye/acceptance/oam_dma_start.gb",crash,0
2026-07-26T17:37:23Z,2a08209,"mooneye/acceptance","mooneye/acceptance/oam_dma_timing.gb",crash,0
2026-07-26T17:37:23Z,2a08209,"mooneye/acceptance","mooneye/acceptance/pop_timing.gb",crash,0
2026-07-26T17:37:23Z,2a08209,"mooneye/acceptance","mooneye/acceptance/ppu/hblank_ly_scx_timing-GS.gb",crash,0
2026-07-26T17:37:23Z,2a08209,"mooneye/acceptance","mooneye/acceptance/ppu/intr_1_2_timing-GS.gb",crash,0
2026-07-26T17:37:23Z,2a08209,"mooneye/acceptance","mooneye/acceptance/ppu/intr_2_0_timing.gb",crash,0
2026-07-26T17:37:23Z,2a08209,"mooneye/acceptance","mooneye/acceptance/ppu/intr_2_mode0_timing.gb",crash,0
2026-07-26T17:37:23Z,2a08209,"mooneye/acceptance","mooneye/acceptance/ppu/intr_2_mode0_timing_sprites.gb",crash,0
2026-07-26T17:37:23Z,2a08209,"mooneye/acceptance","mooneye/acceptance/ppu/intr_2_mode3_timing.gb",crash,0
2026-07-26T17:37:23Z,2a08209,"mooneye/acceptance","mooneye/acceptance/ppu/intr_2_oam_ok_timing.gb",crash,0
2026-07-26T17:37:23Z,2a08209,"mooneye/acceptance","mooneye/acceptance/ppu/lcdon_timing-GS.gb",crash,0
2026-07-26T17:37:23Z,2a08209,"mooneye/acceptance","mooneye/acceptance/ppu/lcdon_write_timing-GS.gb",crash,0
2026-07-26T17:37:23Z,2a08209,"mooneye/acceptance","mooneye/acceptance/ppu/stat_irq_blocking.gb",crash,0
2026-07-26T17:37:23Z,2a08209,"mooneye/acceptance","mooneye/acceptance/ppu/stat_lyc_onoff.gb",crash,0
2026-07-26T17:37:23Z,2a08209,"mooneye/acceptance","mooneye/acceptance/ppu/vblank_stat_intr-GS.gb",crash,0
2026-07-26T17:37:23Z,2a08209,"mooneye/acceptance","mooneye/acceptance/push_timing.gb",crash,0
2026-07-26T17:37:23Z,2a08209,"mooneye/acceptance","mooneye/acceptance/rapid_di_ei.gb",crash,0
2026-07-26T17:37:23Z,2a08209,"mooneye/acceptance","mooneye/acceptance/ret_cc_timing.gb",crash,0
2026-07-26T17:37:23Z,2a08209,"mooneye/acceptance","mooneye/acceptance/reti_intr_timing.gb",crash,0
2026-07-26T17:37:23Z,2a08209,"mooneye/acceptance","mooneye/acceptance/reti_timing.gb",crash,0
2026-07-26T17:37:23Z,2a08209,"mooneye/acceptance","mooneye/acceptance/ret_timing.gb",crash,0
2026-07-26T17:37:23Z,2a08209,"mooneye/acceptance","mooneye/acceptance/rst_timing.gb",crash,0
2026-07-26T17:37:23Z,2a08209,"mooneye/acceptance","mooneye/acceptance/serial/boot_sclk_align-dmgABCmgb.gb",crash,0
2026-07-26T17:37:23Z,2a08209,"mooneye/acceptance","mooneye/acceptance/timer/div_write.gb",crash,0
2026-07-26T17:37:23Z,2a08209,"mooneye/acceptance","mooneye/acceptance/timer/rapid_toggle.gb",crash,0
2026-07-26T17:37:23Z,2a08209,"mooneye/acceptance","mooneye/acceptance/timer/tim00_div_trigger.gb",crash,0
2026-07-26T17:37:23Z,2a08209,"mooneye/acceptance","mooneye/acceptance/timer/tim00.gb",crash,0
2026-07-26T17:37:23Z,2a08209,"mooneye/acceptance","mooneye/acceptance/timer/tim01_div_trigger.gb",crash,0
2026-07-26T17:37:23Z,2a08209,"mooneye/acceptance","mooneye/acceptance/timer/tim01.gb",crash,0
2026-07-26T17:37:23Z,2a08209,"mooneye/acceptance","mooneye/acceptance/timer/tim10_div_trigger.gb",crash,0
2026-07-26T17:37:23Z,2a08209,"mooneye/acceptance","mooneye/acceptance/timer/tim10.gb",crash,0
2026-07-26T17:37:23Z,2a08209,"mooneye/acceptance","mooneye/acceptance/timer/tim11_div_trigger.gb",crash,0
2026-07-26T17:37:23Z,2a08209,"mooneye/acceptance","mooneye/acceptance/timer/tim11.gb",crash,0
2026-07-26T17:37:23Z,2a08209,"mooneye/acceptance","mooneye/acceptance/timer/tima_reload.gb",crash,0
2026-07-26T17:37:23Z,2a08209,"mooneye/acceptance","mooneye/acceptance/timer/tima_write_reloading.gb",crash,0
2026-07-26T17:37:23Z,2a08209,"mooneye/acceptance","mooneye/acceptance/timer/tma_write_reloading.gb",crash,0
2026-07-26T17:46:38Z,fa3ef9c,"blargg/cpu_instrs","blargg/cpu_instrs/cpu_instrs.gb",crash,0
2026-07-26T17:46:38Z,fa3ef9c,"blargg/cpu_instrs","blargg/cpu_instrs/individual/01-special.gb",crash,0
2026-07-26T17:46:38Z,fa3ef9c,"blargg/cpu_instrs","blargg/cpu_instrs/individual/02-interrupts.gb",crash,0
2026-07-26T17:46:38Z,fa3ef9c,"blargg/cpu_instrs","blargg/cpu_instrs/individual/03-op sp,hl.gb",crash,0
2026-07-26T17:46:38Z,fa3ef9c,"blargg/cpu_instrs","blargg/cpu_instrs/individual/04-op r,imm.gb",crash,0
2026-07-26T17:46:38Z,fa3ef9c,"blargg/cpu_instrs","blargg/cpu_instrs/individual/05-op rp.gb",crash,0
2026-07-26T17:46:38Z,fa3ef9c,"blargg/cpu_instrs","blargg/cpu_instrs/individual/06-ld r,r.gb",crash,0
2026-07-26T17:46:38Z,fa3ef9c,"blargg/cpu_instrs","blargg/cpu_instrs/individual/07-jr,jp,call,ret,rst.gb",crash,0
2026-07-26T17:46:38Z,fa3ef9c,"blargg/cpu_instrs","blargg/cpu_instrs/individual/08-misc instrs.gb",crash,0
2026-07-26T17:46:38Z,fa3ef9c,"blargg/cpu_instrs","blargg/cpu_instrs/individual/09-op r,r.gb",crash,0
2026-07-26T17:46:38Z,fa3ef9c,"blargg/cpu_instrs","blargg/cpu_instrs/individual/10-bit ops.gb",crash,0
2026-07-26T17:46:38Z,fa3ef9c,"blargg/cpu_instrs","blargg/cpu_instrs/individual/11-op a,(hl).gb",crash,0
2026-07-26T17:46:38Z,fa3ef9c,"blargg/dmg_sound","blargg/dmg_sound/dmg_sound.gb",crash,0
2026-07-26T17:46:38Z,fa3ef9c,"blargg/dmg_sound","blargg/dmg_sound/rom_singles/01-registers.gb",crash,0
2026-07-26T17:46:38Z,fa3ef9c,"blargg/dmg_sound","blargg/dmg_sound/rom_singles/02-len ctr.gb",crash,0
2026-07-26T17:46:38Z,fa3ef9c,"blargg/dmg_sound","blargg/dmg_sound/rom_singles/03-trigger.gb",crash,0
2026-07-26T17:46:38Z,fa3ef9c,"blargg/dmg_sound","blargg/dmg_sound/rom_singles/04-sweep.gb",crash,0
2026-07-26T17:46:38Z,fa3ef9c,"blargg/dmg_sound","blargg/dmg_sound/rom_singles/05-sweep details.gb",crash,0
2026-07-26T17:46:38Z,fa3ef9c,"blargg/dmg_sound","blargg/dmg_sound/rom_singles/06-overflow on trigger.gb",crash,0
2026-07-26T17:46:38Z,fa3ef9c,"blargg/dmg_sound","blargg/dmg_sound/rom_singles/07-len sweep period sync.gb",crash,0
2026-07-26T17:46:38Z,fa3ef9c,"blargg/dmg_sound","blargg/dmg_sound/rom_singles/08-len ctr during power.gb",crash,0
2026-07-26T17:46:38Z,fa3ef9c,"blargg/dmg_sound","blargg/dmg_sound/rom_singles/09-wave read while on.gb",crash,0
2026-07-26T17:46:38Z,fa3ef9c,"blargg/dmg_sound","blargg/dmg_sound/rom_singles/10-wave trigger while on.gb",crash,0
2026-07-26T17:46:38Z,fa3ef9c,"blargg/dmg_sound","blargg/dmg_sound/rom_singles/11-regs after power.gb",crash,0
2026-07-26T17:46:38Z,fa3ef9c,"blargg/dmg_sound","blargg/dmg_sound/rom_singles/12-wave write while on.gb",crash,0
2026-07-26T17:46:38Z,fa3ef9c,"blargg/halt_bug","blargg/halt_bug.gb",crash,0
2026-07-26T17:46:38Z,fa3ef9c,"blargg/instr_timing","blargg/instr_timing/instr_timing.gb",crash,0
2026-07-26T17:46:38Z,fa3ef9c,"blargg/interrupt_time","blargg/interrupt_time/interrupt_time.gb",crash,0
2026-07-26T17:46:38Z,fa3ef9c,"blargg/mem_timing-2","blargg/mem_timing-2/mem_timing.gb",crash,0
2026-07-26T17:46:38Z,fa3ef9c,"blargg/mem_timing-2","blargg/mem_timing-2/rom_singles/01-read_timing.gb",crash,0
2026-07-26T17:46:38Z,fa3ef9c,"blargg/mem_timing-2","blargg/mem_timing-2/rom_singles/02-write_timing.gb",crash,0
2026-07-26T17:46:38Z,fa3ef9c,"blargg/mem_timing-2","blargg/mem_timing-2/rom_singles/03-modify_timing.gb",crash,0
2026-07-26T17:46:38Z,fa3ef9c,"blargg/mem_timing","blargg/mem_timing/individual/01-read_timing.gb",crash,0
2026-07-26T17:46:38Z,fa3ef9c,"blargg/mem_timing","blargg/mem_timing/individual/02-write_timing.gb",crash,0
2026-07-26T17:46:38Z,fa3ef9c,"blargg/mem_timing","blargg/mem_timing/individual/03-modify_timing.gb",crash,0
2026-07-26T17:46:38Z,fa3ef9c,"blargg/mem_timing","blargg/mem_timing/mem_timing.gb",crash,0
2026-07-26T17:46:38Z,fa3ef9c,"blargg/oam_bug","blargg/oam_bug/oam_bug.gb",crash,0
2026-07-26T17:46:38Z,fa3ef9c,"blargg/oam_bug","blargg/oam_bug/rom_singles/1-lcd_sync.gb",crash,0
2026-07-26T17:46:38Z,fa3ef9c,"blargg/oam_bug","blargg/oam_bug/rom_singles/2-causes.gb",crash,0
2026-07-26T17:46:38Z,fa3ef9c,"blargg/oam_bug","blargg/oam_bug/rom_singles/3-non_causes.gb",crash,0
2026-07-26T17:46:38Z,fa3ef9c,"blargg/oam_bug","blargg/oam_bug/rom_singles/4-scanline_timing.gb",crash,0
2026-07-26T17:46:38Z,fa3ef9c,"blargg/oam_bug","blargg/oam_bug/rom_singles/5-timing_bug.gb",crash,0
2026-07-26T17:46:38Z,fa3ef9c,"blargg/oam_bug","blargg/oam_bug/rom_singles/6-timing_no_bug.gb",crash,0
2026-07-26T17:46:38Z,fa3ef9c,"blargg/oam_bug","blargg/oam_bug/rom_singles/7-timing_effect.gb",crash,0
2026-07-26T17:46:38Z,fa3ef9c,"blargg/oam_bug","blargg/oam_bug/rom_singles/8-instr_effect.gb",crash,0
2026-07-26T17:46:38Z,fa3ef9c,"dmg-acid2","dmg-acid2/dmg-acid2.gb",crash,0
2026-07-26T17:46:38Z,fa3ef9c,"mooneye/acceptance","mooneye/acceptance/add_sp_e_timing.gb",crash,0
2026-07-26T17:46:38Z,fa3ef9c,"mooneye/acceptance","mooneye/acceptance/bits/mem_oam.gb",crash,0
2026-07-26T17:46:38Z,fa3ef9c,"mooneye/acceptance","mooneye/acceptance/bits/reg_f.gb",crash,0
2026-07-26T17:46:38Z,fa3ef9c,"mooneye/acceptance","mooneye/acceptance/bits/unused_hwio-GS.gb",crash,0
2026-07-26T17:46:38Z,fa3ef9c,"mooneye/acceptance-nondmg","mooneye/acceptance/boot_div2-S.gb",crash,0
2026-07-26T17:46:38Z,fa3ef9c,"mooneye/acceptance-nondmg","mooneye/acceptance/boot_div-dmg0.gb",crash,0
2026-07-26T17:46:38Z,fa3ef9c,"mooneye/acceptance","mooneye/acceptance/boot_div-dmgABCmgb.gb",crash,0
2026-07-26T17:46:38Z,fa3ef9c,"mooneye/acceptance-nondmg","mooneye/acceptance/boot_div-S.gb",crash,0
2026-07-26T17:46:38Z,fa3ef9c,"mooneye/acceptance-nondmg","mooneye/acceptance/boot_hwio-dmg0.gb",crash,0
2026-07-26T17:46:38Z,fa3ef9c,"mooneye/acceptance","mooneye/acceptance/boot_hwio-dmgABCmgb.gb",crash,0
2026-07-26T17:46:38Z,fa3ef9c,"mooneye/acceptance-nondmg","mooneye/acceptance/boot_hwio-S.gb",crash,0
2026-07-26T17:46:38Z,fa3ef9c,"mooneye/acceptance-nondmg","mooneye/acceptance/boot_regs-dmg0.gb",crash,0
2026-07-26T17:46:38Z,fa3ef9c,"mooneye/acceptance","mooneye/acceptance/boot_regs-dmgABC.gb",crash,0
2026-07-26T17:46:38Z,fa3ef9c,"mooneye/acceptance-nondmg","mooneye/acceptance/boot_regs-mgb.gb",crash,0
2026-07-26T17:46:38Z,fa3ef9c,"mooneye/acceptance-nondmg","mooneye/acceptance/boot_regs-sgb2.gb",crash,0
2026-07-26T17:46:38Z,fa3ef9c,"mooneye/acceptance-nondmg","mooneye/acceptance/boot_regs-sgb.gb",crash,0
2026-07-26T17:46:38Z,fa3ef9c,"mooneye/acceptance","mooneye/acceptance/call_cc_timing2.gb",crash,0
2026-07-26T17:46:38Z,fa3ef9c,"mooneye/acceptance","mooneye/acceptance/call_cc_timing.gb",crash,0
2026-07-26T17:46:38Z,fa3ef9c,"mooneye/acceptance","mooneye/acceptance/call_timing2.gb",crash,0
2026-07-26T17:46:38Z,fa3ef9c,"mooneye/acceptance","mooneye/acceptance/call_timing.gb",crash,0
2026-07-26T17:46:38Z,fa3ef9c,"mooneye/acceptance","mooneye/acceptance/di_timing-GS.gb",crash,0
2026-07-26T17:46:38Z,fa3ef9c,"mooneye/acceptance","mooneye/acceptance/div_timing.gb",crash,0
2026-07-26T17:46:38Z,fa3ef9c,"mooneye/acceptance","mooneye/acceptance/ei_sequence.gb",crash,0
2026-07-26T17:46:38Z,fa3ef9c,"mooneye/acceptance","mooneye/acceptance/ei_timing.gb",crash,0
2026-07-26T17:46:38Z,fa3ef9c,"mooneye/acceptance","mooneye/acceptance/halt_ime0_ei.gb",crash,0
2026-07-26T17:46:38Z,fa3ef9c,"mooneye/acceptance","mooneye/acceptance/halt_ime0_nointr_timing.gb",crash,0
2026-07-26T17:46:38Z,fa3ef9c,"mooneye/acceptance","mooneye/acceptance/halt_ime1_timing2-GS.gb",crash,0
2026-07-26T17:46:38Z,fa3ef9c,"mooneye/acceptance","mooneye/acceptance/halt_ime1_timing.gb",crash,0
2026-07-26T17:46:38Z,fa3ef9c,"mooneye/acceptance","mooneye/acceptance/if_ie_registers.gb",crash,0
2026-07-26T17:46:38Z,fa3ef9c,"mooneye/acceptance","mooneye/acceptance/instr/daa.gb",crash,0
2026-07-26T17:46:38Z,fa3ef9c,"mooneye/acceptance","mooneye/acceptance/interrupts/ie_push.gb",crash,0
2026-07-26T17:46:38Z,fa3ef9c,"mooneye/acceptance","mooneye/acceptance/intr_timing.gb",crash,0
2026-07-26T17:46:38Z,fa3ef9c,"mooneye/acceptance","mooneye/acceptance/jp_cc_timing.gb",crash,0
2026-07-26T17:46:38Z,fa3ef9c,"mooneye/acceptance","mooneye/acceptance/jp_timing.gb",crash,0
2026-07-26T17:46:38Z,fa3ef9c,"mooneye/acceptance","mooneye/acceptance/ld_hl_sp_e_timing.gb",crash,0
2026-07-26T17:46:38Z,fa3ef9c,"mooneye/acceptance","mooneye/acceptance/oam_dma/basic.gb",crash,0
2026-07-26T17:46:38Z,fa3ef9c,"mooneye/acceptance","mooneye/acceptance/oam_dma/reg_read.gb",crash,0
2026-07-26T17:46:38Z,fa3ef9c,"mooneye/acceptance","mooneye/acceptance/oam_dma_restart.gb",crash,0
2026-07-26T17:46:38Z,fa3ef9c,"mooneye/acceptance","mooneye/acceptance/oam_dma/sources-GS.gb",crash,0
2026-07-26T17:46:38Z,fa3ef9c,"mooneye/acceptance","mooneye/acceptance/oam_dma_start.gb",crash,0
2026-07-26T17:46:38Z,fa3ef9c,"mooneye/acceptance","mooneye/acceptance/oam_dma_timing.gb",crash,0
2026-07-26T17:46:38Z,fa3ef9c,"mooneye/acceptance","mooneye/acceptance/pop_timing.gb",crash,0
2026-07-26T17:46:38Z,fa3ef9c,"mooneye/acceptance","mooneye/acceptance/ppu/hblank_ly_scx_timing-GS.gb",crash,0
2026-07-26T17:46:38Z,fa3ef9c,"mooneye/acceptance","mooneye/acceptance/ppu/intr_1_2_timing-GS.gb",crash,0
2026-07-26T17:46:38Z,fa3ef9c,"mooneye/acceptance","mooneye/acceptance/ppu/intr_2_0_timing.gb",crash,0
2026-07-26T17:46:38Z,fa3ef9c,"mooneye/acceptance","mooneye/acceptance/ppu/intr_2_mode0_timing.gb",crash,0
2026-07-26T17:46:38Z,fa3ef9c,"mooneye/acceptance","mooneye/acceptance/ppu/intr_2_mode0_timing_sprites.gb",crash,0
2026-07-26T17:46:38Z,fa3ef9c,"mooneye/acceptance","mooneye/acceptance/ppu/intr_2_mode3_timing.gb",crash,0
2026-07-26T17:46:38Z,fa3ef9c,"mooneye/acceptance","mooneye/acceptance/ppu/intr_2_oam_ok_timing.gb",crash,0
2026-07-26T17:46:38Z,fa3ef9c,"mooneye/acceptance","mooneye/acceptance/ppu/lcdon_timing-GS.gb",crash,0
2026-07-26T17:46:38Z,fa3ef9c,"mooneye/acceptance","mooneye/acceptance/ppu/lcdon_write_timing-GS.gb",crash,0
2026-07-26T17:46:38Z,fa3ef9c,"mooneye/acceptance","mooneye/acceptance/ppu/stat_irq_blocking.gb",crash,0
2026-07-26T17:46:38Z,fa3ef9c,"mooneye/acceptance","mooneye/acceptance/ppu/stat_lyc_onoff.gb",crash,0
2026-07-26T17:46:38Z,fa3ef9c,"mooneye/acceptance","mooneye/acceptance/ppu/vblank_stat_intr-GS.gb",crash,0
2026-07-26T17:46:38Z,fa3ef9c,"mooneye/acceptance","mooneye/acceptance/push_timing.gb",crash,0
2026-07-26T17:46:38Z,fa3ef9c,"mooneye/acceptance","mooneye/acceptance/rapid_di_ei.gb",crash,0
2026-07-26T17:46:38Z,fa3ef9c,"mooneye/acceptance","mooneye/acceptance/ret_cc_timing.gb",crash,0
2026-07-26T17:46:38Z,fa3ef9c,"mooneye/acceptance","mooneye/acceptance/reti_intr_timing.gb",crash,0
2026-07-26T17:46:38Z,fa3ef9c,"mooneye/acceptance","mooneye/acceptance/reti_timing.gb",crash,0
2026-07-26T17:46:38Z,fa3ef9c,"mooneye/acceptance","mooneye/acceptance/ret_timing.gb",crash,0
2026-07-26T17:46:38Z,fa3ef9c,"mooneye/acceptance","mooneye/acceptance/rst_timing.gb",crash,0
2026-07-26T17:46:38Z,fa3ef9c,"mooneye/acceptance","mooneye/acceptance/serial/boot_sclk_align-dmgABCmgb.gb",crash,0
2026-07-26T17:46:38Z,fa3ef9c,"mooneye/acceptance","mooneye/acceptance/timer/div_write.gb",crash,0
2026-07-26T17:46:38Z,fa3ef9c,"mooneye/acceptance","mooneye/acceptance/timer/rapid_toggle.gb",crash,0
2026-07-26T17:46:38Z,fa3ef9c,"mooneye/acceptance","mooneye/acceptance/timer/tim00_div_trigger.gb",crash,0
2026-07-26T17:46:38Z,fa3ef9c,"mooneye/acceptance","mooneye/acceptance/timer/tim00.gb",crash,0
2026-07-26T17:46:38Z,fa3ef9c,"mooneye/acceptance","mooneye/acceptance/timer/tim01_div_trigger.gb",crash,0
2026-07-26T17:46:38Z,fa3ef9c,"mooneye/acceptance","mooneye/acceptance/timer/tim01.gb",crash,0
2026-07-26T17:46:38Z,fa3ef9c,"mooneye/acceptance","mooneye/acceptance/timer/tim10_div_trigger.gb",crash,0
2026-07-26T17:46:38Z,fa3ef9c,"mooneye/acceptance","mooneye/acceptance/timer/tim10.gb",crash,0
2026-07-26T17:46:38Z,fa3ef9c,"mooneye/acceptance","mooneye/acceptance/timer/tim11_div_trigger.gb",crash,0
2026-07-26T17:46:38Z,fa3ef9c,"mooneye/acceptance","mooneye/acceptance/timer/tim11.gb",crash,0
2026-07-26T17:46:38Z,fa3ef9c,"mooneye/acceptance","mooneye/acceptance/timer/tima_reload.gb",crash,0
2026-07-26T17:46:38Z,fa3ef9c,"mooneye/acceptance","mooneye/acceptance/timer/tima_write_reloading.gb",crash,0
2026-07-26T17:46:38Z,fa3ef9c,"mooneye/acceptance","mooneye/acceptance/timer/tma_write_reloading.gb",crash,0
2026-07-26T18:05:37Z,161eab2,"blargg/cpu_instrs","blargg/cpu_instrs/cpu_instrs.gb",crash,0
2026-07-26T18:05:37Z,161eab2,"blargg/cpu_instrs","blargg/cpu_instrs/individual/01-special.gb",crash,0
2026-07-26T18:05:37Z,161eab2,"blargg/cpu_instrs","blargg/cpu_instrs/individual/02-interrupts.gb",crash,0
2026-07-26T18:05:37Z,161eab2,"blargg/cpu_instrs","blargg/cpu_instrs/individual/03-op sp,hl.gb",crash,0
2026-07-26T18:05:37Z,161eab2,"blargg/cpu_instrs","blargg/cpu_instrs/individual/04-op r,imm.gb",crash,0
2026-07-26T18:05:37Z,161eab2,"blargg/cpu_instrs","blargg/cpu_instrs/individual/05-op rp.gb",crash,0
2026-07-26T18:05:37Z,161eab2,"blargg/cpu_instrs","blargg/cpu_instrs/individual/06-ld r,r.gb",crash,0
2026-07-26T18:05:37Z,161eab2,"blargg/cpu_instrs","blargg/cpu_instrs/individual/07-jr,jp,call,ret,rst.gb",crash,0
2026-07-26T18:05:37Z,161eab2,"blargg/cpu_instrs","blargg/cpu_instrs/individual/08-misc instrs.gb",crash,0
2026-07-26T18:05:37Z,161eab2,"blargg/cpu_instrs","blargg/cpu_instrs/individual/09-op r,r.gb",crash,0
2026-07-26T18:05:37Z,161eab2,"blargg/cpu_instrs","blargg/cpu_instrs/individual/10-bit ops.gb",crash,0
2026-07-26T18:05:37Z,161eab2,"blargg/cpu_instrs","blargg/cpu_instrs/individual/11-op a,(hl).gb",crash,0
2026-07-26T18:05:37Z,161eab2,"blargg/dmg_sound","blargg/dmg_sound/dmg_sound.gb",crash,0
2026-07-26T18:05:37Z,161eab2,"blargg/dmg_sound","blargg/dmg_sound/rom_singles/01-registers.gb",crash,0
2026-07-26T18:05:37Z,161eab2,"blargg/dmg_sound","blargg/dmg_sound/rom_singles/02-len ctr.gb",crash,0
2026-07-26T18:05:37Z,161eab2,"blargg/dmg_sound","blargg/dmg_sound/rom_singles/03-trigger.gb",crash,0
2026-07-26T18:05:37Z,161eab2,"blargg/dmg_sound","blargg/dmg_sound/rom_singles/04-sweep.gb",crash,0
2026-07-26T18:05:37Z,161eab2,"blargg/dmg_sound","blargg/dmg_sound/rom_singles/05-sweep details.gb",crash,0
2026-07-26T18:05:37Z,161eab2,"blargg/dmg_sound","blargg/dmg_sound/rom_singles/06-overflow on trigger.gb",crash,0
2026-07-26T18:05:37Z,161eab2,"blargg/dmg_sound","blargg/dmg_sound/rom_singles/07-len sweep period sync.gb",crash,0
2026-07-26T18:05:37Z,161eab2,"blargg/dmg_sound","blargg/dmg_sound/rom_singles/08-len ctr during power.gb",crash,0
2026-07-26T18:05:37Z,161eab2,"blargg/dmg_sound","blargg/dmg_sound/rom_singles/09-wave read while on.gb",crash,0
2026-07-26T18:05:37Z,161eab2,"blargg/dmg_sound","blargg/dmg_sound/rom_singles/10-wave trigger while on.gb",crash,0
2026-07-26T18:05:37Z,161eab2,"blargg/dmg_sound","blargg/dmg_sound/rom_singles/11-regs after power.gb",crash,0
2026-07-26T18:05:37Z,161eab2,"blargg/dmg_sound","blargg/dmg_sound/rom_singles/12-wave write while on.gb",crash,0
2026-07-26T18:05:37Z,161eab2,"blargg/halt_bug","blargg/halt_bug.gb",crash,0
2026-07-26T18:05:37Z,161eab2,"blargg/instr_timing","blargg/instr_timing/instr_timing.gb",crash,0
2026-07-26T18:05:37Z,161eab2,"blargg/interrupt_time","blargg/interrupt_time/interrupt_time.gb",crash,0
2026-07-26T18:05:37Z,161eab2,"blargg/mem_timing-2","blargg/mem_timing-2/mem_timing.gb",crash,0
2026-07-26T18:05:37Z,161eab2,"blargg/mem_timing-2","blargg/mem_timing-2/rom_singles/01-read_timing.gb",crash,0
2026-07-26T18:05:37Z,161eab2,"blargg/mem_timing-2","blargg/mem_timing-2/rom_singles/02-write_timing.gb",crash,0
2026-07-26T18:05:37Z,161eab2,"blargg/mem_timing-2","blargg/mem_timing-2/rom_singles/03-modify_timing.gb",crash,0
2026-07-26T18:05:37Z,161eab2,"blargg/mem_timing","blargg/mem_timing/individual/01-read_timing.gb",crash,0
2026-07-26T18:05:37Z,161eab2,"blargg/mem_timing","blargg/mem_timing/individual/02-write_timing.gb",crash,0
2026-07-26T18:05:37Z,161eab2,"blargg/mem_timing","blargg/mem_timing/individual/03-modify_timing.gb",crash,0
2026-07-26T18:05:37Z,161eab2,"blargg/mem_timing","blargg/mem_timing/mem_timing.gb",crash,0
2026-07-26T18:05:37Z,161eab2,"blargg/oam_bug","blargg/oam_bug/oam_bug.gb",crash,0
2026-07-26T18:05:37Z,161eab2,"blargg/oam_bug","blargg/oam_bug/rom_singles/1-lcd_sync.gb",crash,0
2026-07-26T18:05:37Z,161eab2,"blargg/oam_bug","blargg/oam_bug/rom_singles/2-causes.gb",crash,0
2026-07-26T18:05:37Z,161eab2,"blargg/oam_bug","blargg/oam_bug/rom_singles/3-non_causes.gb",crash,0
2026-07-26T18:05:37Z,161eab2,"blargg/oam_bug","blargg/oam_bug/rom_singles/4-scanline_timing.gb",crash,0
2026-07-26T18:05:37Z,161eab2,"blargg/oam_bug","blargg/oam_bug/rom_singles/5-timing_bug.gb",crash,0
2026-07-26T18:05:37Z,161eab2,"blargg/oam_bug","blargg/oam_bug/rom_singles/6-timing_no_bug.gb",crash,0
2026-07-26T18:05:37Z,161eab2,"blargg/oam_bug","blargg/oam_bug/rom_singles/7-timing_effect.gb",crash,0
2026-07-26T18:05:37Z,161eab2,"blargg/oam_bug","blargg/oam_bug/rom_singles/8-instr_effect.gb",crash,0
2026-07-26T18:05:37Z,161eab2,"dmg-acid2","dmg-acid2/dmg-acid2.gb",crash,0
2026-07-26T18:05:37Z,161eab2,"mooneye/acceptance","mooneye/acceptance/add_sp_e_timing.gb",crash,0
2026-07-26T18:05:37Z,161eab2,"mooneye/acceptance","mooneye/acceptance/bits/mem_oam.gb",crash,0
2026-07-26T18:05:37Z,161eab2,"mooneye/acceptance","mooneye/acceptance/bits/reg_f.gb",crash,0
2026-07-26T18:05:37Z,161eab2,"mooneye/acceptance","mooneye/acceptance/bits/unused_hwio-GS.gb",crash,0
2026-07-26T18:05:37Z,161eab2,"mooneye/acceptance-nondmg","mooneye/acceptance/boot_div2-S.gb",crash,0
2026-07-26T18:05:37Z,161eab2,"mooneye/acceptance-nondmg","mooneye/acceptance/boot_div-dmg0.gb",crash,0
2026-07-26T18:05:37Z,161eab2,"mooneye/acceptance","mooneye/acceptance/boot_div-dmgABCmgb.gb",crash,0
2026-07-26T18:05:37Z,161eab2,"mooneye/acceptance-nondmg","mooneye/acceptance/boot_div-S.gb",crash,0
2026-07-26T18:05:37Z,161eab2,"mooneye/acceptance-nondmg","mooneye/acceptance/boot_hwio-dmg0.gb",crash,0
2026-07-26T18:05:37Z,161eab2,"mooneye/acceptance","mooneye/acceptance/boot_hwio-dmgABCmgb.gb",crash,0
2026-07-26T18:05:37Z,161eab2,"mooneye/acceptance-nondmg","mooneye/acceptance/boot_hwio-S.gb",crash,0
2026-07-26T18:05:37Z,161eab2,"mooneye/acceptance-nondmg","mooneye/acceptance/boot_regs-dmg0.gb",crash,0
2026-07-26T18:05:37Z,161eab2,"mooneye/acceptance","mooneye/acceptance/boot_regs-dmgABC.gb",crash,0
2026-07-26T18:05:37Z,161eab2,"mooneye/acceptance-nondmg","mooneye/acceptance/boot_regs-mgb.gb",crash,0
2026-07-26T18:05:37Z,161eab2,"mooneye/acceptance-nondmg","mooneye/acceptance/boot_regs-sgb2.gb",crash,0
2026-07-26T18:05:37Z,161eab2,"mooneye/acceptance-nondmg","mooneye/acceptance/boot_regs-sgb.gb",crash,0
2026-07-26T18:05:37Z,161eab2,"mooneye/acceptance","mooneye/acceptance/call_cc_timing2.gb",crash,0
2026-07-26T18:05:37Z,161eab2,"mooneye/acceptance","mooneye/acceptance/call_cc_timing.gb",crash,0
2026-07-26T18:05:37Z,161eab2,"mooneye/acceptance","mooneye/acceptance/call_timing2.gb",crash,0
2026-07-26T18:05:37Z,161eab2,"mooneye/acceptance","mooneye/acceptance/call_timing.gb",crash,0
2026-07-26T18:05:37Z,161eab2,"mooneye/acceptance","mooneye/acceptance/di_timing-GS.gb",crash,0
2026-07-26T18:05:37Z,161eab2,"mooneye/acceptance","mooneye/acceptance/div_timing.gb",crash,0
2026-07-26T18:05:37Z,161eab2,"mooneye/acceptance","mooneye/acceptance/ei_sequence.gb",crash,0
2026-07-26T18:05:37Z,161eab2,"mooneye/acceptance","mooneye/acceptance/ei_timing.gb",crash,0
2026-07-26T18:05:37Z,161eab2,"mooneye/acceptance","mooneye/acceptance/halt_ime0_ei.gb",crash,0
2026-07-26T18:05:37Z,161eab2,"mooneye/acceptance","mooneye/acceptance/halt_ime0_nointr_timing.gb",crash,0
2026-07-26T18:05:37Z,161eab2,"mooneye/acceptance","mooneye/acceptance/halt_ime1_timing2-GS.gb",crash,0
2026-07-26T18:05:37Z,161eab2,"mooneye/acceptance","mooneye/acceptance/halt_ime1_timing.gb",crash,0
2026-07-26T18:05:37Z,161eab2,"mooneye/acceptance","mooneye/acceptance/if_ie_registers.gb",crash,0
2026-07-26T18:05:37Z,161eab2,"mooneye/acceptance","mooneye/acceptance/instr/daa.gb",crash,0
2026-07-26T18:05:37Z,161eab2,"mooneye/acceptance","mooneye/acceptance/interrupts/ie_push.gb",crash,0
2026-07-26T18:05:37Z,161eab2,"mooneye/acceptance","mooneye/acceptance/intr_timing.gb",crash,0
2026-07-26T18:05:37Z,161eab2,"mooneye/acceptance","mooneye/acceptance/jp_cc_timing.gb",crash,0
2026-07-26T18:05:37Z,161eab2,"mooneye/acceptance","mooneye/acceptance/jp_timing.gb",crash,0
2026-07-26T18:05:37Z,161eab2,"mooneye/acceptance","mooneye/acceptance/ld_hl_sp_e_timing.gb",crash,0
2026-07-26T18:05:37Z,161eab2,"mooneye/acceptance","mooneye/acceptance/oam_dma/basic.gb",crash,0
2026-07-26T18:05:37Z,161eab2,"mooneye/acceptance","mooneye/acceptance/oam_dma/reg_read.gb",crash,0
2026-07-26T18:05:37Z,161eab2,"mooneye/acceptance","mooneye/acceptance/oam_dma_restart.gb",crash,0
2026-07-26T18:05:37Z,161eab2,"mooneye/acceptance","mooneye/acceptance/oam_dma/sources-GS.gb",crash,0
2026-07-26T18:05:37Z,161eab2,"mooneye/acceptance","mooneye/acceptance/oam_dma_start.gb",crash,0
2026-07-26T18:05:37Z,161eab2,"mooneye/acceptance","mooneye/acceptance/oam_dma_timing.gb",crash,0
2026-07-26T18:05:37Z,161eab2,"mooneye/acceptance","mooneye/acceptance/pop_timing.gb",crash,0
2026-07-26T18:05:37Z,161eab2,"mooneye/acceptance","mooneye/acceptance/ppu/hblank_ly_scx_timing-GS.gb",crash,0
2026-07-26T18:05:37Z,161eab2,"mooneye/acceptance","mooneye/acceptance/ppu/intr_1_2_timing-GS.gb",crash,0
2026-07-26T18:05:37Z,161eab2,"mooneye/acceptance","mooneye/acceptance/ppu/intr_2_0_timing.gb",crash,0
2026-07-26T18:05:37Z,161eab2,"mooneye/acceptance","mooneye/acceptance/ppu/intr_2_mode0_timing.gb",crash,0
2026-07-26T18:05:37Z,161eab2,"mooneye/acceptance","mooneye/acceptance/ppu/intr_2_mode0_timing_sprites.gb",crash,0
2026-07-26T18:05:37Z,161eab2,"mooneye/acceptance","mooneye/acceptance/ppu/intr_2_mode3_timing.gb",crash,0
2026-07-26T18:05:37Z,161eab2,"mooneye/acceptance","mooneye/acceptance/ppu/intr_2_oam_ok_timing.gb",crash,0
2026-07-26T18:05:37Z,161eab2,"mooneye/acceptance","mooneye/acceptance/ppu/lcdon_timing-GS.gb",crash,0
2026-07-26T18:05:37Z,161eab2,"mooneye/acceptance","mooneye/acceptance/ppu/lcdon_write_timing-GS.gb",crash,0
2026-07-26T18:05:37Z,161eab2,"mooneye/acceptance","mooneye/acceptance/ppu/stat_irq_blocking.gb",crash,0
2026-07-26T18:05:37Z,161eab2,"mooneye/acceptance","mooneye/acceptance/ppu/stat_lyc_onoff.gb",crash,0
2026-07-26T18:05:37Z,161eab2,"mooneye/acceptance","mooneye/acceptance/ppu/vblank_stat_intr-GS.gb",crash,0
2026-07-26T18:05:37Z,161eab2,"mooneye/acceptance","mooneye/acceptance/push_timing.gb",crash,0
2026-07-26T18:05:37Z,161eab2,"mooneye/acceptance","mooneye/acceptance/rapid_di_ei.gb",crash,0
2026-07-26T18:05:37Z,161eab2,"mooneye/acceptance","mooneye/acceptance/ret_cc_timing.gb",crash,0
2026-07-26T18:05:37Z,161eab2,"mooneye/acceptance","mooneye/acceptance/reti_intr_timing.gb",crash,0
2026-07-26T18:05:37Z,161eab2,"mooneye/acceptance","mooneye/acceptance/reti_timing.gb",crash,0
2026-07-26T18:05:37Z,161eab2,"mooneye/acceptance","mooneye/acceptance/ret_timing.gb",crash,0
2026-07-26T18:05:37Z,161eab2,"mooneye/acceptance","mooneye/acceptance/rst_timing.gb",crash,0
2026-07-26T18:05:37Z,161eab2,"mooneye/acceptance","mooneye/acceptance/serial/boot_sclk_align-dmgABCmgb.gb",crash,0
2026-07-26T18:05:37Z,161eab2,"mooneye/acceptance","mooneye/acceptance/timer/div_write.gb",crash,0
2026-07-26T18:05:37Z,161eab2,"mooneye/acceptance","mooneye/acceptance/timer/rapid_toggle.gb",crash,0
2026-07-26T18:05:37Z,161eab2,"mooneye/acceptance","mooneye/acceptance/timer/tim00_div_trigger.gb",crash,0
2026-07-26T18:05:37Z,161eab2,"mooneye/acceptance","mooneye/acceptance/timer/tim00.gb",crash,0
2026-07-26T18:05:37Z,161eab2,"mooneye/acceptance","mooneye/acceptance/timer/tim01_div_trigger.gb",crash,0
2026-07-26T18:05:37Z,161eab2,"mooneye/acceptance","mooneye/acceptance/timer/tim01.gb",crash,0
2026-07-26T18:05:37Z,161eab2,"mooneye/acceptance","mooneye/acceptance/timer/tim10_div_trigger.gb",crash,0
2026-07-26T18:05:37Z,161eab2,"mooneye/acceptance","mooneye/acceptance/timer/tim10.gb",crash,0
2026-07-26T18:05:37Z,161eab2,"mooneye/acceptance","mooneye/acceptance/timer/tim11_div_trigger.gb",crash,0
2026-07-26T18:05:37Z,161eab2,"mooneye/acceptance","mooneye/acceptance/timer/tim11.gb",crash,0
2026-07-26T18:05:37Z,161eab2,"mooneye/acceptance","mooneye/acceptance/timer/tima_reload.gb",crash,0
2026-07-26T18:05:37Z,161eab2,"mooneye/acceptance","mooneye/acceptance/timer/tima_write_reloading.gb",crash,0
2026-07-26T18:05:37Z,161eab2,"mooneye/acceptance","mooneye/acceptance/timer/tma_write_reloading.gb",crash,0
2026-07-26T19:11:36Z,c4f6580,"blargg/cpu_instrs","blargg/cpu_instrs/cpu_instrs.gb",crash,0
2026-07-26T19:11:36Z,c4f6580,"blargg/cpu_instrs","blargg/cpu_instrs/individual/01-special.gb",crash,0
2026-07-26T19:11:36Z,c4f6580,"blargg/cpu_instrs","blargg/cpu_instrs/individual/02-interrupts.gb",crash,0
2026-07-26T19:11:36Z,c4f6580,"blargg/cpu_instrs","blargg/cpu_instrs/individual/03-op sp,hl.gb",crash,0
2026-07-26T19:11:36Z,c4f6580,"blargg/cpu_instrs","blargg/cpu_instrs/individual/04-op r,imm.gb",crash,0
2026-07-26T19:11:36Z,c4f6580,"blargg/cpu_instrs","blargg/cpu_instrs/individual/05-op rp.gb",crash,0
2026-07-26T19:11:36Z,c4f6580,"blargg/cpu_instrs","blargg/cpu_instrs/individual/06-ld r,r.gb",crash,0
2026-07-26T19:11:36Z,c4f6580,"blargg/cpu_instrs","blargg/cpu_instrs/individual/07-jr,jp,call,ret,rst.gb",crash,0
2026-07-26T19:11:36Z,c4f6580,"blargg/cpu_instrs","blargg/cpu_instrs/individual/08-misc instrs.gb",crash,0
2026-07-26T19:11:36Z,c4f6580,"blargg/cpu_instrs","blargg/cpu_instrs/individual/09-op r,r.gb",crash,0
2026-07-26T19:11:36Z,c4f6580,"blargg/cpu_instrs","blargg/cpu_instrs/individual/10-bit ops.gb",crash,0
2026-07-26T19:11:36Z,c4f6580,"blargg/cpu_instrs","blargg/cpu_instrs/individual/11-op a,(hl).gb",crash,0
2026-07-26T19:11:36Z,c4f6580,"blargg/dmg_sound","blargg/dmg_sound/dmg_sound.gb",crash,0
2026-07-26T19:11:36Z,c4f6580,"blargg/dmg_sound","blargg/dmg_sound/rom_singles/01-registers.gb",crash,0
2026-07-26T19:11:36Z,c4f6580,"blargg/dmg_sound","blargg/dmg_sound/rom_singles/02-len ctr.gb",crash,0
2026-07-26T19:11:36Z,c4f6580,"blargg/dmg_sound","blargg/dmg_sound/rom_singles/03-trigger.gb",crash,0
2026-07-26T19:11:36Z,c4f6580,"blargg/dmg_sound","blargg/dmg_sound/rom_singles/04-sweep.gb",crash,0
2026-07-26T19:11:36Z,c4f6580,"blargg/dmg_sound","blargg/dmg_sound/rom_singles/05-sweep details.gb",crash,0
2026-07-26T19:11:36Z,c4f6580,"blargg/dmg_sound","blargg/dmg_sound/rom_singles/06-overflow on trigger.gb",crash,0
2026-07-26T19:11:36Z,c4f6580,"blargg/dmg_sound","blargg/dmg_sound/rom_singles/07-len sweep period sync.gb",crash,0
2026-07-26T19:11:36Z,c4f6580,"blargg/dmg_sound","blargg/dmg_sound/rom_singles/08-len ctr during power.gb",crash,0
2026-07-26T19:11:36Z,c4f6580,"blargg/dmg_sound","blargg/dmg_sound/rom_singles/09-wave read while on.gb",crash,0
2026-07-26T19:11:36Z,c4f6580,"blargg/dmg_sound","blargg/dmg_sound/rom_singles/10-wave trigger while on.gb",crash,0
2026-07-26T19:11:36Z,c4f6580,"blargg/dmg_sound","blargg/dmg_sound/rom_singles/11-regs after power.gb",crash,0
2026-07-26T19:11:36Z,c4f6580,"blargg/dmg_sound","blargg/dmg_sound/rom_singles/12-wave write while on.gb",crash,0
2026-07-26T19:11:36Z,c4f6580,"blargg/halt_bug","blargg/halt_bug.gb",crash,0
2026-07-26T19:11:36Z,c4f6580,"blargg/instr_timing","blargg/instr_timing/instr_timing.gb",crash,0
2026-07-26T19:11:36Z,c4f6580,"blargg/interrupt_time","blargg/interrupt_time/interrupt_time.gb",crash,0
2026-07-26T19:11:36Z,c4f6580,"blargg/mem_timing-2","blargg/mem_timing-2/mem_timing.gb",crash,0
2026-07-26T19:11:36Z,c4f6580,"blargg/mem_timing-2","blargg/mem_timing-2/rom_singles/01-read_timing.gb",crash,0
2026-07-26T19:11:36Z,c4f6580,"blargg/mem_timing-2","blargg/mem_timing-2/rom_singles/02-write_timing.gb",crash,0
2026-07-26T19:11:36Z,c4f6580,"blargg/mem_timing-2","blargg/mem_timing-2/rom_singles/03-modify_timing.gb",crash,0
2026-07-26T19:11:36Z,c4f6580,"blargg/mem_timing","blargg/mem_timing/individual/01-read_timing.gb",crash,0
2026-07-26T19:11:36Z,c4f6580,"blargg/mem_timing","blargg/mem_timing/individual/02-write_timing.gb",crash,0
2026-07-26T19:11:36Z,c4f6580,"blargg/mem_timing","blargg/mem_timing/individual/03-modify_timing.gb",crash,0
2026-07-26T19:11:36Z,c4f6580,"blargg/mem_timing","blargg/mem_timing/mem_timing.gb",crash,0
2026-07-26T19:11:36Z,c4f6580,"blargg/oam_bug","blargg/oam_bug/oam_bug.gb",crash,0
2026-07-26T19:11:36Z,c4f6580,"blargg/oam_bug","blargg/oam_bug/rom_singles/1-lcd_sync.gb",crash,0
2026-07-26T19:11:36Z,c4f6580,"blargg/oam_bug","blargg/oam_bug/rom_singles/2-causes.gb",crash,0
2026-07-26T19:11:36Z,c4f6580,"blargg/oam_bug","blargg/oam_bug/rom_singles/3-non_causes.gb",crash,0
2026-07-26T19:11:36Z,c4f6580,"blargg/oam_bug","blargg/oam_bug/rom_singles/4-scanline_timing.gb",crash,0
2026-07-26T19:11:36Z,c4f6580,"blargg/oam_bug","blargg/oam_bug/rom_singles/5-timing_bug.gb",crash,0
2026-07-26T19:11:36Z,c4f6580,"blargg/oam_bug","blargg/oam_bug/rom_singles/6-timing_no_bug.gb",crash,0
2026-07-26T19:11:36Z,c4f6580,"blargg/oam_bug","blargg/oam_bug/rom_singles/7-timing_effect.gb",crash,0
2026-07-26T19:11:36Z,c4f6580,"blargg/oam_bug","blargg/oam_bug/rom_singles/8-instr_effect.gb",crash,0
2026-07-26T19:11:36Z,c4f6580,"dmg-acid2","dmg-acid2/dmg-acid2.gb",crash,0
2026-07-26T19:11:36Z,c4f6580,"mooneye/acceptance","mooneye/acceptance/add_sp_e_timing.gb",crash,0
2026-07-26T19:11:36Z,c4f6580,"mooneye/acceptance","mooneye/acceptance/bits/mem_oam.gb",crash,0
2026-07-26T19:11:36Z,c4f6580,"mooneye/acceptance","mooneye/acceptance/bits/reg_f.gb",crash,0
2026-07-26T19:11:36Z,c4f6580,"mooneye/acceptance","mooneye/acceptance/bits/unused_hwio-GS.gb",crash,0
2026-07-26T19:11:36Z,c4f6580,"mooneye/acceptance-nondmg","mooneye/acceptance/boot_div2-S.gb",crash,0
2026-07-26T19:11:36Z,c4f6580,"mooneye/acceptance-nondmg","mooneye/acceptance/boot_div-dmg0.gb",crash,0
2026-07-26T19:11:36Z,c4f6580,"mooneye/acceptance","mooneye/acceptance/boot_div-dmgABCmgb.gb",crash,0
2026-07-26T19:11:36Z,c4f6580,"mooneye/acceptance-nondmg","mooneye/acceptance/boot_div-S.gb",crash,0
2026-07-26T19:11:36Z,c4f6580,"mooneye/acceptance-nondmg","mooneye/acceptance/boot_hwio-dmg0.gb",crash,0
2026-07-26T19:11:36Z,c4f6580,"mooneye/acceptance","mooneye/acceptance/boot_hwio-dmgABCmgb.gb",crash,0
2026-07-26T19:11:36Z,c4f6580,"mooneye/acceptance-nondmg","mooneye/acceptance/boot_hwio-S.gb",crash,0
2026-07-26T19:11:36Z,c4f6580,"mooneye/acceptance-nondmg","mooneye/acceptance/boot_regs-dmg0.gb",crash,0
2026-07-26T19:11:36Z,c4f6580,"mooneye/acceptance","mooneye/acceptance/boot_regs-dmgABC.gb",crash,0
2026-07-26T19:11:36Z,c4f6580,"mooneye/acceptance-nondmg","mooneye/acceptance/boot_regs-mgb.gb",crash,0
2026-07-26T19:11:36Z,c4f6580,"mooneye/acceptance-nondmg","mooneye/acceptance/boot_regs-sgb2.gb",crash,0
2026-07-26T19:11:36Z,c4f6580,"mooneye/acceptance-nondmg","mooneye/acceptance/boot_regs-sgb.gb",crash,0
2026-07-26T19:11:36Z,c4f6580,"mooneye/acceptance","mooneye/acceptance/call_cc_timing2.gb",crash,0
2026-07-26T19:11:36Z,c4f6580,"mooneye/acceptance","mooneye/acceptance/call_cc_timing.gb",crash,0
2026-07-26T19:11:36Z,c4f6580,"mooneye/acceptance","mooneye/acceptance/call_timing2.gb",crash,0
2026-07-26T19:11:36Z,c4f6580,"mooneye/acceptance","mooneye/acceptance/call_timing.gb",crash,0
2026-07-26T19:11:36Z,c4f6580,"mooneye/acceptance","mooneye/acceptance/di_timing-GS.gb",crash,0
2026-07-26T19:11:36Z,c4f6580,"mooneye/acceptance","mooneye/acceptance/div_timing.gb",crash,0
2026-07-26T19:11:36Z,c4f6580,"mooneye/acceptance","mooneye/acceptance/ei_sequence.gb",crash,0
2026-07-26T19:11:36Z,c4f6580,"mooneye/acceptance","mooneye/acceptance/ei_timing.gb",crash,0
2026-07-26T19:11:36Z,c4f6580,"mooneye/acceptance","mooneye/acceptance/halt_ime0_ei.gb",crash,0
2026-07-26T19:11:36Z,c4f6580,"mooneye/acceptance","mooneye/acceptance/halt_ime0_nointr_timing.gb",crash,0
2026-07-26T19:11:36Z,c4f6580,"mooneye/acceptance","mooneye/acceptance/halt_ime1_timing2-GS.gb",crash,0
2026-07-26T19:11:36Z,c4f6580,"mooneye/acceptance","mooneye/acceptance/halt_ime1_timing.gb",crash,0
2026-07-26T19:11:36Z,c4f6580,"mooneye/acceptance","mooneye/acceptance/if_ie_registers.gb",crash,0
2026-07-26T19:11:36Z,c4f6580,"mooneye/acceptance","mooneye/acceptance/instr/daa.gb",crash,0
2026-07-26T19:11:36Z,c4f6580,"mooneye/acceptance","mooneye/acceptance/interrupts/ie_push.gb",crash,0
2026-07-26T19:11:36Z,c4f6580,"mooneye/acceptance","mooneye/acceptance/intr_timing.gb",crash,0
2026-07-26T19:11:36Z,c4f6580,"mooneye/acceptance","mooneye/acceptance/jp_cc_timing.gb",crash,0
2026-07-26T19:11:36Z,c4f6580,"mooneye/acceptance","mooneye/acceptance/jp_timing.gb",crash,0
2026-07-26T19:11:36Z,c4f6580,"mooneye/acceptance","mooneye/acceptance/ld_hl_sp_e_timing.gb",crash,0
2026-07-26T19:11:36Z,c4f6580,"mooneye/acceptance","mooneye/acceptance/oam_dma/basic.gb",crash,0
2026-07-26T19:11:36Z,c4f6580,"mooneye/acceptance","mooneye/acceptance/oam_dma/reg_read.gb",crash,0
2026-07-26T19:11:36Z,c4f6580,"mooneye/acceptance","mooneye/acceptance/oam_dma_restart.gb",crash,0
2026-07-26T19:11:36Z,c4f6580,"mooneye/acceptance","mooneye/acceptance/oam_dma/sources-GS.gb",crash,0
2026-07-26T19:11:36Z,c4f6580,"mooneye/acceptance","mooneye/acceptance/oam_dma_start.gb",crash,0
2026-07-26T19:11:36Z,c4f6580,"mooneye/acceptance","mooneye/acceptance/oam_dma_timing.gb",crash,0
2026-07-26T19:11:36Z,c4f6580,"mooneye/acceptance","mooneye/acceptance/pop_timing.gb",crash,0
2026-07-26T19:11:36Z,c4f6580,"mooneye/acceptance","mooneye/acceptance/ppu/hblank_ly_scx_timing-GS.gb",crash,0
2026-07-26T19:11:36Z,c4f6580,"mooneye/acceptance","mooneye/acceptance/ppu/intr_1_2_timing-GS.gb",crash,0
2026-07-26T19:11:36Z,c4f6580,"mooneye/acceptance","mooneye/acceptance/ppu/intr_2_0_timing.gb",crash,0
2026-07-26T19:11:36Z,c4f6580,"mooneye/acceptance","mooneye/acceptance/ppu/intr_2_mode0_timing.gb",crash,0
2026-07-26T19:11:36Z,c4f6580,"mooneye/acceptance","mooneye/acceptance/ppu/intr_2_mode0_timing_sprites.gb",crash,0
2026-07-26T19:11:36Z,c4f6580,"mooneye/acceptance","mooneye/acceptance/ppu/intr_2_mode3_timing.gb",crash,0
2026-07-26T19:11:36Z,c4f6580,"mooneye/acceptance","mooneye/acceptance/ppu/intr_2_oam_ok_timing.gb",crash,0
2026-07-26T19:11:36Z,c4f6580,"mooneye/acceptance","mooneye/acceptance/ppu/lcdon_timing-GS.gb",crash,0
2026-07-26T19:11:36Z,c4f6580,"mooneye/acceptance","mooneye/acceptance/ppu/lcdon_write_timing-GS.gb",crash,0
2026-07-26T19:11:36Z,c4f6580,"mooneye/acceptance","mooneye/acceptance/ppu/stat_irq_blocking.gb",crash,0
2026-07-26T19:11:36Z,c4f6580,"mooneye/acceptance","mooneye/acceptance/ppu/stat_lyc_onoff.gb",crash,0
2026-07-26T19:11:36Z,c4f6580,"mooneye/acceptance","mooneye/acceptance/ppu/vblank_stat_intr-GS.gb",crash,0
2026-07-26T19:11:36Z,c4f6580,"mooneye/acceptance","mooneye/acceptance/push_timing.gb",crash,0
2026-07-26T19:11:36Z,c4f6580,"mooneye/acceptance","mooneye/acceptance/rapid_di_ei.gb",crash,0
2026-07-26T19:11:36Z,c4f6580,"mooneye/acceptance","mooneye/acceptance/ret_cc_timing.gb",crash,0
2026-07-26T19:11:36Z,c4f6580,"mooneye/acceptance","mooneye/acceptance/reti_intr_timing.gb",crash,0
2026-07-26T19:11:36Z,c4f6580,"mooneye/acceptance","mooneye/acceptance/reti_timing.gb",crash,0
2026-07-26T19:11:36Z,c4f6580,"mooneye/acceptance","mooneye/acceptance/ret_timing.gb",crash,0
2026-07-26T19:11:36Z,c4f6580,"mooneye/acceptance","mooneye/acceptance/rst_timing.gb",crash,0
2026-07-26T19:11:36Z,c4f6580,"mooneye/acceptance","mooneye/acceptance/serial/boot_sclk_align-dmgABCmgb.gb",crash,0
2026-07-26T19:11:36Z,c4f6580,"mooneye/acceptance","mooneye/acceptance/timer/div_write.gb",crash,0
2026-07-26T19:11:36Z,c4f6580,"mooneye/acceptance","mooneye/acceptance/timer/rapid_toggle.gb",crash,0
2026-07-26T19:11:36Z,c4f6580,"mooneye/acceptance","mooneye/acceptance/timer/tim00_div_trigger.gb",crash,0
2026-07-26T19:11:36Z,c4f6580,"mooneye/acceptance","mooneye/acceptance/timer/tim00.gb",crash,0
2026-07-26T19:11:36Z,c4f6580,"mooneye/acceptance","mooneye/acceptance/timer/tim01_div_trigger.gb",crash,0
2026-07-26T19:11:36Z,c4f6580,"mooneye/acceptance","mooneye/acceptance/timer/tim01.gb",crash,0
2026-07-26T19:11:36Z,c4f6580,"mooneye/acceptance","mooneye/acceptance/timer/tim10_div_trigger.gb",crash,0
2026-07-26T19:11:36Z,c4f6580,"mooneye/acceptance","mooneye/acceptance/timer/tim10.gb",crash,0
2026-07-26T19:11:36Z,c4f6580,"mooneye/acceptance","mooneye/acceptance/timer/tim11_div_trigger.gb",crash,0
2026-07-26T19:11:36Z,c4f6580,"mooneye/acceptance","mooneye/acceptance/timer/tim11.gb",crash,0
2026-07-26T19:11:36Z,c4f6580,"mooneye/acceptance","mooneye/acceptance/timer/tima_reload.gb",crash,0
2026-07-26T19:11:36Z,c4f6580,"mooneye/acceptance","mooneye/acceptance/timer/tima_write_reloading.gb",crash,0
2026-07-26T19:11:36Z,c4f6580,"mooneye/acceptance","mooneye/acceptance/timer/tma_write_reloading.gb",crash,0
2026-07-26T19:23:03Z,e4ebb35,"blargg/cpu_instrs","blargg/cpu_instrs/cpu_instrs.gb",crash,0
2026-07-26T19:23:03Z,e4ebb35,"blargg/cpu_instrs","blargg/cpu_instrs/individual/01-special.gb",crash,0
2026-07-26T19:23:03Z,e4ebb35,"blargg/cpu_instrs","blargg/cpu_instrs/individual/02-interrupts.gb",crash,0
2026-07-26T19:23:03Z,e4ebb35,"blargg/cpu_instrs","blargg/cpu_instrs/individual/03-op sp,hl.gb",crash,0
2026-07-26T19:23:03Z,e4ebb35,"blargg/cpu_instrs","blargg/cpu_instrs/individual/04-op r,imm.gb",crash,0
2026-07-26T19:23:03Z,e4ebb35,"blargg/cpu_instrs","blargg/cpu_instrs/individual/05-op rp.gb",crash,0
2026-07-26T19:23:03Z,e4ebb35,"blargg/cpu_instrs","blargg/cpu_instrs/individual/06-ld r,r.gb",crash,0
2026-07-26T19:23:03Z,e4ebb35,"blargg/cpu_instrs","blargg/cpu_instrs/individual/07-jr,jp,call,ret,rst.gb",crash,0
2026-07-26T19:23:03Z,e4ebb35,"blargg/cpu_instrs","blargg/cpu_instrs/individual/08-misc instrs.gb",crash,0
2026-07-26T19:23:03Z,e4ebb35,"blargg/cpu_instrs","blargg/cpu_instrs/individual/09-op r,r.gb",crash,0
2026-07-26T19:23:03Z,e4ebb35,"blargg/cpu_instrs","blargg/cpu_instrs/individual/10-bit ops.gb",crash,0
2026-07-26T19:23:03Z,e4ebb35,"blargg/cpu_instrs","blargg/cpu_instrs/individual/11-op a,(hl).gb",crash,0
2026-07-26T19:23:03Z,e4ebb35,"blargg/dmg_sound","blargg/dmg_sound/dmg_sound.gb",crash,0
2026-07-26T19:23:03Z,e4ebb35,"blargg/dmg_sound","blargg/dmg_sound/rom_singles/01-registers.gb",crash,0
2026-07-26T19:23:03Z,e4ebb35,"blargg/dmg_sound","blargg/dmg_sound/rom_singles/02-len ctr.gb",crash,0
2026-07-26T19:23:03Z,e4ebb35,"blargg/dmg_sound","blargg/dmg_sound/rom_singles/03-trigger.gb",crash,0
2026-07-26T19:23:03Z,e4ebb35,"blargg/dmg_sound","blargg/dmg_sound/rom_singles/04-sweep.gb",crash,0
2026-07-26T19:23:03Z,e4ebb35,"blargg/dmg_sound","blargg/dmg_sound/rom_singles/05-sweep details.gb",crash,0
2026-07-26T19:23:03Z,e4ebb35,"blargg/dmg_sound","blargg/dmg_sound/rom_singles/06-overflow on trigger.gb",crash,0
2026-07-26T19:23:03Z,e4ebb35,"blargg/dmg_sound","blargg/dmg_sound/rom_singles/07-len sweep period sync.gb",crash,0
2026-07-26T19:23:03Z,e4ebb35,"blargg/dmg_sound","blargg/dmg_sound/rom_singles/08-len ctr during power.gb",crash,0
2026-07-26T19:23:03Z,e4ebb35,"blargg/dmg_sound","blargg/dmg_sound/rom_singles/09-wave read while on.gb",crash,0
2026-07-26T19:23:03Z,e4ebb35,"blargg/dmg_sound","blargg/dmg_sound/rom_singles/10-wave trigger while on.gb",crash,0
2026-07-26T19:23:03Z,e4ebb35,"blargg/dmg_sound","blargg/dmg_sound/rom_singles/11-regs after power.gb",crash,0
2026-07-26T19:23:03Z,e4ebb35,"blargg/dmg_sound","blargg/dmg_sound/rom_singles/12-wave write while on.gb",crash,0
2026-07-26T19:23:03Z,e4ebb35,"blargg/halt_bug","blargg/halt_bug.gb",crash,0
2026-07-26T19:23:03Z,e4ebb35,"blargg/instr_timing","blargg/instr_timing/instr_timing.gb",crash,0
2026-07-26T19:23:03Z,e4ebb35,"blargg/interrupt_time","blargg/interrupt_time/interrupt_time.gb",crash,0
2026-07-26T19:23:03Z,e4ebb35,"blargg/mem_timing-2","blargg/mem_timing-2/mem_timing.gb",crash,0
2026-07-26T19:23:03Z,e4ebb35,"blargg/mem_timing-2","blargg/mem_timing-2/rom_singles/01-read_timing.gb",crash,0
2026-07-26T19:23:03Z,e4ebb35,"blargg/mem_timing-2","blargg/mem_timing-2/rom_singles/02-write_timing.gb",crash,0
2026-07-26T19:23:03Z,e4ebb35,"blargg/mem_timing-2","blargg/mem_timing-2/rom_singles/03-modify_timing.gb",crash,0
2026-07-26T19:23:03Z,e4ebb35,"blargg/mem_timing","blargg/mem_timing/individual/01-read_timing.gb",crash,0
2026-07-26T19:23:03Z,e4ebb35,"blargg/mem_timing","blargg/mem_timing/individual/02-write_timing.gb",crash,0
2026-07-26T19:23:03Z,e4ebb35,"blargg/mem_timing","blargg/mem_timing/individual/03-modify_timing.gb",crash,0
2026-07-26T19:23:03Z,e4ebb35,"blargg/mem_timing","blargg/mem_timing/mem_timing.gb",crash,0
2026-07-26T19:23:03Z,e4ebb35,"blargg/oam_bug","blargg/oam_bug/oam_bug.gb",crash,0
2026-07-26T19:23:03Z,e4ebb35,"blargg/oam_bug","blargg/oam_bug/rom_singles/1-lcd_sync.gb",crash,0
2026-07-26T19:23:03Z,e4ebb35,"blargg/oam_bug","blargg/oam_bug/rom_singles/2-causes.gb",crash,0
2026-07-26T19:23:03Z,e4ebb35,"blargg/oam_bug","blargg/oam_bug/rom_singles/3-non_causes.gb",crash,0
2026-07-26T19:23:03Z,e4ebb35,"blargg/oam_bug","blargg/oam_bug/rom_singles/4-scanline_timing.gb",crash,0
2026-07-26T19:23:03Z,e4ebb35,"blargg/oam_bug","blargg/oam_bug/rom_singles/5-timing_bug.gb",crash,0
2026-07-26T19:23:03Z,e4ebb35,"blargg/oam_bug","blargg/oam_bug/rom_singles/6-timing_no_bug.gb",crash,0
2026-07-26T19:23:03Z,e4ebb35,"blargg/oam_bug","blargg/oam_bug/rom_singles/7-timing_effect.gb",crash,0
2026-07-26T19:23:03Z,e4ebb35,"blargg/oam_bug","blargg/oam_bug/rom_singles/8-instr_effect.gb",crash,0
2026-07-26T19:23:03Z,e4ebb35,"dmg-acid2","dmg-acid2/dmg-acid2.gb",crash,0
2026-07-26T19:23:03Z,e4ebb35,"mooneye/acceptance","mooneye/acceptance/add_sp_e_timing.gb",crash,0
2026-07-26T19:23:03Z,e4ebb35,"mooneye/acceptance","mooneye/acceptance/bits/mem_oam.gb",crash,0
2026-07-26T19:23:03Z,e4ebb35,"mooneye/acceptance","mooneye/acceptance/bits/reg_f.gb",crash,0
2026-07-26T19:23:03Z,e4ebb35,"mooneye/acceptance","mooneye/acceptance/bits/unused_hwio-GS.gb",crash,0
2026-07-26T19:23:03Z,e4ebb35,"mooneye/acceptance-nondmg","mooneye/acceptance/boot_div2-S.gb",crash,0
2026-07-26T19:23:03Z,e4ebb35,"mooneye/acceptance-nondmg","mooneye/acceptance/boot_div-dmg0.gb",crash,0
2026-07-26T19:23:03Z,e4ebb35,"mooneye/acceptance","mooneye/acceptance/boot_div-dmgABCmgb.gb",crash,0
2026-07-26T19:23:03Z,e4ebb35,"mooneye/acceptance-nondmg","mooneye/acceptance/boot_div-S.gb",crash,0
2026-07-26T19:23:03Z,e4ebb35,"mooneye/acceptance-nondmg","mooneye/acceptance/boot_hwio-dmg0.gb",crash,0
2026-07-26T19:23:03Z,e4ebb35,"mooneye/acceptance","mooneye/acceptance/boot_hwio-dmgABCmgb.gb",crash,0
2026-07-26T19:23:03Z,e4ebb35,"mooneye/acceptance-nondmg","mooneye/acceptance/boot_hwio-S.gb",crash,0
2026-07-26T19:23:03Z,e4ebb35,"mooneye/acceptance-nondmg","mooneye/acceptance/boot_regs-dmg0.gb",crash,0
2026-07-26T19:23:03Z,e4ebb35,"mooneye/acceptance","mooneye/acceptance/boot_regs-dmgABC.gb",crash,0
2026-07-26T19:23:03Z,e4ebb35,"mooneye/acceptance-nondmg","mooneye/acceptance/boot_regs-mgb.gb",crash,0
2026-07-26T19:23:03Z,e4ebb35,"mooneye/acceptance-nondmg","mooneye/acceptance/boot_regs-sgb2.gb",crash,0
2026-07-26T19:23:03Z,e4ebb35,"mooneye/acceptance-nondmg","mooneye/acceptance/boot_regs-sgb.gb",crash,0
2026-07-26T19:23:03Z,e4ebb35,"mooneye/acceptance","mooneye/acceptance/call_cc_timing2.gb",crash,0
2026-07-26T19:23:03Z,e4ebb35,"mooneye/acceptance","mooneye/acceptance/call_cc_timing.gb",crash,0
2026-07-26T19:23:03Z,e4ebb35,"mooneye/acceptance","mooneye/acceptance/call_timing2.gb",crash,0
2026-07-26T19:23:03Z,e4ebb35,"mooneye/acceptance","mooneye/acceptance/call_timing.gb",crash,0
2026-07-26T19:23:03Z,e4ebb35,"mooneye/acceptance","mooneye/acceptance/di_timing-GS.gb",crash,0
2026-07-26T19:23:03Z,e4ebb35,"mooneye/acceptance","mooneye/acceptance/div_timing.gb",crash,0
2026-07-26T19:23:03Z,e4ebb35,"mooneye/acceptance","mooneye/acceptance/ei_sequence.gb",crash,0
2026-07-26T19:23:03Z,e4ebb35,"mooneye/acceptance","mooneye/acceptance/ei_timing.gb",crash,0
2026-07-26T19:23:03Z,e4ebb35,"mooneye/acceptance","mooneye/acceptance/halt_ime0_ei.gb",crash,0
2026-07-26T19:23:03Z,e4ebb35,"mooneye/acceptance","mooneye/acceptance/halt_ime0_nointr_timing.gb",crash,0
2026-07-26T19:23:03Z,e4ebb35,"mooneye/acceptance","mooneye/acceptance/halt_ime1_timing2-GS.gb",crash,0
2026-07-26T19:23:03Z,e4ebb35,"mooneye/acceptance","mooneye/acceptance/halt_ime1_timing.gb",crash,0
2026-07-26T19:23:03Z,e4ebb35,"mooneye/acceptance","mooneye/acceptance/if_ie_registers.gb",crash,0
2026-07-26T19:23:03Z,e4ebb35,"mooneye/acceptance","mooneye/acceptance/instr/daa.gb",crash,0
2026-07-26T19:23:03Z,e4ebb35,"mooneye/acceptance","mooneye/acceptance/interrupts/ie_push.gb",crash,0
2026-07-26T19:23:03Z,e4ebb35,"mooneye/acceptance","mooneye/acceptance/intr_timing.gb",crash,0
2026-07-26T19:23:03Z,e4ebb35,"mooneye/acceptance","mooneye/acceptance/jp_cc_timing.gb",crash,0
2026-07-26T19:23:03Z,e4ebb35,"mooneye/acceptance","mooneye/acceptance/jp_timing.gb",crash,0
2026-07-26T19:23:03Z,e4ebb35,"mooneye/acceptance","mooneye/acceptance/ld_hl_sp_e_timing.gb",crash,0
2026-07-26T19:23:03Z,e4ebb35,"mooneye/acceptance","mooneye/acceptance/oam_dma/basic.gb",crash,0
2026-07-26T19:23:03Z,e4ebb35,"mooneye/acceptance","mooneye/acceptance/oam_dma/reg_read.gb",crash,0
2026-07-26T19:23:03Z,e4ebb35,"mooneye/acceptance","mooneye/acceptance/oam_dma_restart.gb",crash,0
2026-07-26T19:23:03Z,e4ebb35,"mooneye/acceptance","mooneye/acceptance/oam_dma/sources-GS.gb",crash,0
2026-07-26T19:23:03Z,e4ebb35,"mooneye/acceptance","mooneye/acceptance/oam_dma_start.gb",crash,0
2026-07-26T19:23:03Z,e4ebb35,"mooneye/acceptance","mooneye/acceptance/oam_dma_timing.gb",crash,0
2026-07-26T19:23:03Z,e4ebb35,"mooneye/acceptance","mooneye/acceptance/pop_timing.gb",crash,0
2026-07-26T19:23:03Z,e4ebb35,"mooneye/acceptance","mooneye/acceptance/ppu/hblank_ly_scx_timing-GS.gb",crash,0
2026-07-26T19:23:03Z,e4ebb35,"mooneye/acceptance","mooneye/acceptance/ppu/intr_1_2_timing-GS.gb",crash,0
2026-07-26T19:23:03Z,e4ebb35,"mooneye/acceptance","mooneye/acceptance/ppu/intr_2_0_timing.gb",crash,0
2026-07-26T19:23:03Z,e4ebb35,"mooneye/acceptance","mooneye/acceptance/ppu/intr_2_mode0_timing.gb",crash,0
2026-07-26T19:23:03Z,e4ebb35,"mooneye/acceptance","mooneye/acceptance/ppu/intr_2_mode0_timing_sprites.gb",crash,0
2026-07-26T19:23:03Z,e4ebb35,"mooneye/acceptance","mooneye/acceptance/ppu/intr_2_mode3_timing.gb",crash,0
2026-07-26T19:23:03Z,e4ebb35,"mooneye/acceptance","mooneye/acceptance/ppu/intr_2_oam_ok_timing.gb",crash,0
2026-07-26T19:23:03Z,e4ebb35,"mooneye/acceptance","mooneye/acceptance/ppu/lcdon_timing-GS.gb",crash,0
2026-07-26T19:23:03Z,e4ebb35,"mooneye/acceptance","mooneye/acceptance/ppu/lcdon_write_timing-GS.gb",crash,0
2026-07-26T19:23:03Z,e4ebb35,"mooneye/acceptance","mooneye/acceptance/ppu/stat_irq_blocking.gb",crash,0
2026-07-26T19:23:03Z,e4ebb35,"mooneye/acceptance","mooneye/acceptance/ppu/stat_lyc_onoff.gb",crash,0
2026-07-26T19:23:03Z,e4ebb35,"mooneye/acceptance","mooneye/acceptance/ppu/vblank_stat_intr-GS.gb",crash,0
2026-07-26T19:23:03Z,e4ebb35,"mooneye/acceptance","mooneye/acceptance/push_timing.gb",crash,0
2026-07-26T19:23:03Z,e4ebb35,"mooneye/acceptance","mooneye/acceptance/rapid_di_ei.gb",crash,0
2026-07-26T19:23:03Z,e4ebb35,"mooneye/acceptance","mooneye/acceptance/ret_cc_timing.gb",crash,0
2026-07-26T19:23:03Z,e4ebb35,"mooneye/acceptance","mooneye/acceptance/reti_intr_timing.gb",crash,0
2026-07-26T19:23:03Z,e4ebb35,"mooneye/acceptance","mooneye/acceptance/reti_timing.gb",crash,0
2026-07-26T19:23:03Z,e4ebb35,"mooneye/acceptance","mooneye/acceptance/ret_timing.gb",crash,0
2026-07-26T19:23:03Z,e4ebb35,"mooneye/acceptance","mooneye/acceptance/rst_timing.gb",crash,0
2026-07-26T19:23:03Z,e4ebb35,"mooneye/acceptance","mooneye/acceptance/serial/boot_sclk_align-dmgABCmgb.gb",crash,0
2026-07-26T19:23:03Z,e4ebb35,"mooneye/acceptance","mooneye/acceptance/timer/div_write.gb",crash,0
2026-07-26T19:23:03Z,e4ebb35,"mooneye/acceptance","mooneye/acceptance/timer/rapid_toggle.gb",crash,0
2026-07-26T19:23:03Z,e4ebb35,"mooneye/acceptance","mooneye/acceptance/timer/tim00_div_trigger.gb",crash,0
2026-07-26T19:23:03Z,e4ebb35,"mooneye/acceptance","mooneye/acceptance/timer/tim00.gb",crash,0
2026-07-26T19:23:03Z,e4ebb35,"mooneye/acceptance","mooneye/acceptance/timer/tim01_div_trigger.gb",crash,0
2026-07-26T19:23:03Z,e4ebb35,"mooneye/acceptance","mooneye/acceptance/timer/tim01.gb",crash,0
2026-07-26T19:23:03Z,e4ebb35,"mooneye/acceptance","mooneye/acceptance/timer/tim10_div_trigger.gb",crash,0
2026-07-26T19:23:03Z,e4ebb35,"mooneye/acceptance","mooneye/acceptance/timer/tim10.gb",crash,0
2026-07-26T19:23:03Z,e4ebb35,"mooneye/acceptance","mooneye/acceptance/timer/tim11_div_trigger.gb",crash,0
2026-07-26T19:23:03Z,e4ebb35,"mooneye/acceptance","mooneye/acceptance/timer/tim11.gb",crash,0
2026-07-26T19:23:03Z,e4ebb35,"mooneye/acceptance","mooneye/acceptance/timer/tima_reload.gb",crash,0
2026-07-26T19:23:03Z,e4ebb35,"mooneye/acceptance","mooneye/acceptance/timer/tima_write_reloading.gb",crash,0
2026-07-26T19:23:03Z,e4ebb35,"mooneye/acceptance","mooneye/acceptance/timer/tma_write_reloading.gb",crash,0
2026-07-26T19:36:18Z,032bd27,"blargg/cpu_instrs","blargg/cpu_instrs/cpu_instrs.gb",crash,0
2026-07-26T19:36:18Z,032bd27,"blargg/cpu_instrs","blargg/cpu_instrs/individual/01-special.gb",crash,0
2026-07-26T19:36:18Z,032bd27,"blargg/cpu_instrs","blargg/cpu_instrs/individual/02-interrupts.gb",crash,0
2026-07-26T19:36:18Z,032bd27,"blargg/cpu_instrs","blargg/cpu_instrs/individual/03-op sp,hl.gb",crash,0
2026-07-26T19:36:18Z,032bd27,"blargg/cpu_instrs","blargg/cpu_instrs/individual/04-op r,imm.gb",crash,0
2026-07-26T19:36:18Z,032bd27,"blargg/cpu_instrs","blargg/cpu_instrs/individual/05-op rp.gb",crash,0
2026-07-26T19:36:18Z,032bd27,"blargg/cpu_instrs","blargg/cpu_instrs/individual/06-ld r,r.gb",crash,0
2026-07-26T19:36:18Z,032bd27,"blargg/cpu_instrs","blargg/cpu_instrs/individual/07-jr,jp,call,ret,rst.gb",crash,0
2026-07-26T19:36:18Z,032bd27,"blargg/cpu_instrs","blargg/cpu_instrs/individual/08-misc instrs.gb",crash,0
2026-07-26T19:36:18Z,032bd27,"blargg/cpu_instrs","blargg/cpu_instrs/individual/09-op r,r.gb",crash,0
2026-07-26T19:36:18Z,032bd27,"blargg/cpu_instrs","blargg/cpu_instrs/individual/10-bit ops.gb",crash,0
2026-07-26T19:36:18Z,032bd27,"blargg/cpu_instrs","blargg/cpu_instrs/individual/11-op a,(hl).gb",crash,0
2026-07-26T19:36:18Z,032bd27,"blargg/dmg_sound","blargg/dmg_sound/dmg_sound.gb",crash,0
2026-07-26T19:36:18Z,032bd27,"blargg/dmg_sound","blargg/dmg_sound/rom_singles/01-registers.gb",crash,0
2026-07-26T19:36:18Z,032bd27,"blargg/dmg_sound","blargg/dmg_sound/rom_singles/02-len ctr.gb",crash,0
2026-07-26T19:36:18Z,032bd27,"blargg/dmg_sound","blargg/dmg_sound/rom_singles/03-trigger.gb",crash,0
2026-07-26T19:36:18Z,032bd27,"blargg/dmg_sound","blargg/dmg_sound/rom_singles/04-sweep.gb",crash,0
2026-07-26T19:36:18Z,032bd27,"blargg/dmg_sound","blargg/dmg_sound/rom_singles/05-sweep details.gb",crash,0
2026-07-26T19:36:18Z,032bd27,"blargg/dmg_sound","blargg/dmg_sound/rom_singles/06-overflow on trigger.gb",crash,0
2026-07-26T19:36:18Z,032bd27,"blargg/dmg_sound","blargg/dmg_sound/rom_singles/07-len sweep period sync.gb",crash,0
2026-07-26T19:36:18Z,032bd27,"blargg/dmg_sound","blargg/dmg_sound/rom_singles/08-len ctr during power.gb",crash,0
2026-07-26T19:36:18Z,032bd27,"blargg/dmg_sound","blargg/dmg_sound/rom_singles/09-wave read while on.gb",crash,0
2026-07-26T19:36:18Z,032bd27,"blargg/dmg_sound","blargg/dmg_sound/rom_singles/10-wave trigger while on.gb",crash,0
2026-07-26T19:36:18Z,032bd27,"blargg/dmg_sound","blargg/dmg_sound/rom_singles/11-regs after power.gb",crash,0
2026-07-26T19:36:18Z,032bd27,"blargg/dmg_sound","blargg/dmg_sound/rom_singles/12-wave write while on.gb",crash,0
2026-07-26T19:36:18Z,032bd27,"blargg/halt_bug","blargg/halt_bug.gb",crash,0
2026-07-26T19:36:18Z,032bd27,"blargg/instr_timing","blargg/instr_timing/instr_timing.gb",crash,0
2026-07-26T19:36:18Z,032bd27,"blargg/interrupt_time","blargg/interrupt_time/interrupt_time.gb",crash,0
2026-07-26T19:36:18Z,032bd27,"blargg/mem_timing-2","blargg/mem_timing-2/mem_timing.gb",crash,0
2026-07-26T19:36:18Z,032bd27,"blargg/mem_timing-2","blargg/mem_timing-2/rom_singles/01-read_timing.gb",crash,0
2026-07-26T19:36:18Z,032bd27,"blargg/mem_timing-2","blargg/mem_timing-2/rom_singles/02-write_timing.gb",crash,0
2026-07-26T19:36:18Z,032bd27,"blargg/mem_timing-2","blargg/mem_timing-2/rom_singles/03-modify_timing.gb",crash,0
2026-07-26T19:36:18Z,032bd27,"blargg/mem_timing","blargg/mem_timing/individual/01-read_timing.gb",crash,0
2026-07-26T19:36:18Z,032bd27,"blargg/mem_timing","blargg/mem_timing/individual/02-write_timing.gb",crash,0
2026-07-26T19:36:18Z,032bd27,"blargg/mem_timing","blargg/mem_timing/individual/03-modify_timing.gb",crash,0
2026-07-26T19:36:18Z,032bd27,"blargg/mem_timing","blargg/mem_timing/mem_timing.gb",crash,0
2026-07-26T19:36:18Z,032bd27,"blargg/oam_bug","blargg/oam_bug/oam_bug.gb",crash,0
2026-07-26T19:36:18Z,032bd27,"blargg/oam_bug","blargg/oam_bug/rom_singles/1-lcd_sync.gb",crash,0
2026-07-26T19:36:18Z,032bd27,"blargg/oam_bug","blargg/oam_bug/rom_singles/2-causes.gb",crash,0
2026-07-26T19:36:18Z,032bd27,"blargg/oam_bug","blargg/oam_bug/rom_singles/3-non_causes.gb",crash,0
2026-07-26T19:36:18Z,032bd27,"blargg/oam_bug","blargg/oam_bug/rom_singles/4-scanline_timing.gb",crash,0
2026-07-26T19:36:18Z,032bd27,"blargg/oam_bug","blargg/oam_bug/rom_singles/5-timing_bug.gb",crash,0
2026-07-26T19:36:18Z,032bd27,"blargg/oam_bug","blargg/oam_bug/rom_singles/6-timing_no_bug.gb",crash,0
2026-07-26T19:36:18Z,032bd27,"blargg/oam_bug","blargg/oam_bug/rom_singles/7-timing_effect.gb",crash,0
2026-07-26T19:36:18Z,032bd27,"blargg/oam_bug","blargg/oam_bug/rom_singles/8-instr_effect.gb",crash,0
2026-07-26T19:36:18Z,032bd27,"dmg-acid2","dmg-acid2/dmg-acid2.gb",crash,0
2026-07-26T19:36:18Z,032bd27,"mooneye/acceptance","mooneye/acceptance/add_sp_e_timing.gb",crash,0
2026-07-26T19:36:18Z,032bd27,"mooneye/acceptance","mooneye/acceptance/bits/mem_oam.gb",crash,0
2026-07-26T19:36:18Z,032bd27,"mooneye/acceptance","mooneye/acceptance/bits/reg_f.gb",crash,0
2026-07-26T19:36:18Z,032bd27,"mooneye/acceptance","mooneye/acceptance/bits/unused_hwio-GS.gb",crash,0
2026-07-26T19:36:18Z,032bd27,"mooneye/acceptance-nondmg","mooneye/acceptance/boot_div2-S.gb",crash,0
2026-07-26T19:36:18Z,032bd27,"mooneye/acceptance-nondmg","mooneye/acceptance/boot_div-dmg0.gb",crash,0
2026-07-26T19:36:18Z,032bd27,"mooneye/acceptance","mooneye/acceptance/boot_div-dmgABCmgb.gb",crash,0
2026-07-26T19:36:18Z,032bd27,"mooneye/acceptance-nondmg","mooneye/acceptance/boot_div-S.gb",crash,0
2026-07-26T19:36:18Z,032bd27,"mooneye/acceptance-nondmg","mooneye/acceptance/boot_hwio-dmg0.gb",crash,0
2026-07-26T19:36:18Z,032bd27,"mooneye/acceptance","mooneye/acceptance/boot_hwio-dmgABCmgb.gb",crash,0
2026-07-26T19:36:18Z,032bd27,"mooneye/acceptance-nondmg","mooneye/acceptance/boot_hwio-S.gb",crash,0
2026-07-26T19:36:18Z,032bd27,"mooneye/acceptance-nondmg","mooneye/acceptance/boot_regs-dmg0.gb",crash,0
2026-07-26T19:36:18Z,032bd27,"mooneye/acceptance","mooneye/acceptance/boot_regs-dmgABC.gb",crash,0
2026-07-26T19:36:18Z,032bd27,"mooneye/acceptance-nondmg","mooneye/acceptance/boot_regs-mgb.gb",crash,0
2026-07-26T19:36:18Z,032bd27,"mooneye/acceptance-nondmg","mooneye/acceptance/boot_regs-sgb2.gb",crash,0
2026-07-26T19:36:18Z,032bd27,"mooneye/acceptance-nondmg","mooneye/acceptance/boot_regs-sgb.gb",crash,0
2026-07-26T19:36:18Z,032bd27,"mooneye/acceptance","mooneye/acceptance/call_cc_timing2.gb",crash,0
2026-07-26T19:36:18Z,032bd27,"mooneye/acceptance","mooneye/acceptance/call_cc_timing.gb",crash,0
2026-07-26T19:36:18Z,032bd27,"mooneye/acceptance","mooneye/acceptance/call_timing2.gb",crash,0
2026-07-26T19:36:18Z,032bd27,"mooneye/acceptance","mooneye/acceptance/call_timing.gb",crash,0
2026-07-26T19:36:18Z,032bd27,"mooneye/acceptance","mooneye/acceptance/di_timing-GS.gb",crash,0
2026-07-26T19:36:18Z,032bd27,"mooneye/acceptance","mooneye/acceptance/div_timing.gb",crash,0
2026-07-26T19:36:18Z,032bd27,"mooneye/acceptance","mooneye/acceptance/ei_sequence.gb",crash,0
2026-07-26T19:36:18Z,032bd27,"mooneye/acceptance","mooneye/acceptance/ei_timing.gb",crash,0
2026-07-26T19:36:18Z,032bd27,"mooneye/acceptance","mooneye/acceptance/halt_ime0_ei.gb",crash,0
2026-07-26T19:36:18Z,032bd27,"mooneye/acceptance","mooneye/acceptance/halt_ime0_nointr_timing.gb",crash,0
2026-07-26T19:36:18Z,032bd27,"mooneye/acceptance","mooneye/acceptance/halt_ime1_timing2-GS.gb",crash,0
2026-07-26T19:36:18Z,032bd27,"mooneye/acceptance","mooneye/acceptance/halt_ime1_timing.gb",crash,0
2026-07-26T19:36:18Z,032bd27,"mooneye/acceptance","mooneye/acceptance/if_ie_registers.gb",crash,0
2026-07-26T19:36:18Z,032bd27,"mooneye/acceptance","mooneye/acceptance/instr/daa.gb",crash,0
2026-07-26T19:36:18Z,032bd27,"mooneye/acceptance","mooneye/acceptance/interrupts/ie_push.gb",crash,0
2026-07-26T19:36:18Z,032bd27,"mooneye/acceptance","mooneye/acceptance/intr_timing.gb",crash,0
2026-07-26T19:36:18Z,032bd27,"mooneye/acceptance","mooneye/acceptance/jp_cc_timing.gb",crash,0
2026-07-26T19:36:18Z,032bd27,"mooneye/acceptance","mooneye/acceptance/jp_timing.gb",crash,0
2026-07-26T19:36:18Z,032bd27,"mooneye/acceptance","mooneye/acceptance/ld_hl_sp_e_timing.gb",crash,0
2026-07-26T19:36:18Z,032bd27,"mooneye/acceptance","mooneye/acceptance/oam_dma/basic.gb",crash,0
2026-07-26T19:36:18Z,032bd27,"mooneye/acceptance","mooneye/acceptance/oam_dma/reg_read.gb",crash,0
2026-07-26T19:36:18Z,032bd27,"mooneye/acceptance","mooneye/acceptance/oam_dma_restart.gb",crash,0
2026-07-26T19:36:18Z,032bd27,"mooneye/acceptance","mooneye/acceptance/oam_dma/sources-GS.gb",crash,0
2026-07-26T19:36:18Z,032bd27,"mooneye/acceptance","mooneye/acceptance/oam_dma_start.gb",crash,0
2026-07-26T19:36:18Z,032bd27,"mooneye/acceptance","mooneye/acceptance/oam_dma_timing.gb",crash,0
2026-07-26T19:36:18Z,032bd27,"mooneye/acceptance","mooneye/acceptance/pop_timing.gb",crash,0
2026-07-26T19:36:18Z,032bd27,"mooneye/acceptance","mooneye/acceptance/ppu/hblank_ly_scx_timing-GS.gb",crash,0
2026-07-26T19:36:18Z,032bd27,"mooneye/acceptance","mooneye/acceptance/ppu/intr_1_2_timing-GS.gb",crash,0
2026-07-26T19:36:18Z,032bd27,"mooneye/acceptance","mooneye/acceptance/ppu/intr_2_0_timing.gb",crash,0
2026-07-26T19:36:18Z,032bd27,"mooneye/acceptance","mooneye/acceptance/ppu/intr_2_mode0_timing.gb",crash,0
2026-07-26T19:36:18Z,032bd27,"mooneye/acceptance","mooneye/acceptance/ppu/intr_2_mode0_timing_sprites.gb",crash,0
2026-07-26T19:36:18Z,032bd27,"mooneye/acceptance","mooneye/acceptance/ppu/intr_2_mode3_timing.gb",crash,0
2026-07-26T19:36:18Z,032bd27,"mooneye/acceptance","mooneye/acceptance/ppu/intr_2_oam_ok_timing.gb",crash,0
2026-07-26T19:36:18Z,032bd27,"mooneye/acceptance","mooneye/acceptance/ppu/lcdon_timing-GS.gb",crash,0
2026-07-26T19:36:18Z,032bd27,"mooneye/acceptance","mooneye/acceptance/ppu/lcdon_write_timing-GS.gb",crash,0
2026-07-26T19:36:18Z,032bd27,"mooneye/acceptance","mooneye/acceptance/ppu/stat_irq_blocking.gb",crash,0
2026-07-26T19:36:18Z,032bd27,"mooneye/acceptance","mooneye/acceptance/ppu/stat_lyc_onoff.gb",crash,0
2026-07-26T19:36:18Z,032bd27,"mooneye/acceptance","mooneye/acceptance/ppu/vblank_stat_intr-GS.gb",crash,0
2026-07-26T19:36:18Z,032bd27,"mooneye/acceptance","mooneye/acceptance/push_timing.gb",crash,0
2026-07-26T19:36:18Z,032bd27,"mooneye/acceptance","mooneye/acceptance/rapid_di_ei.gb",crash,0
2026-07-26T19:36:18Z,032bd27,"mooneye/acceptance","mooneye/acceptance/ret_cc_timing.gb",crash,0
2026-07-26T19:36:18Z,032bd27,"mooneye/acceptance","mooneye/acceptance/reti_intr_timing.gb",crash,0
2026-07-26T19:36:18Z,032bd27,"mooneye/acceptance","mooneye/acceptance/reti_timing.gb",crash,0
2026-07-26T19:36:18Z,032bd27,"mooneye/acceptance","mooneye/acceptance/ret_timing.gb",crash,0
2026-07-26T19:36:18Z,032bd27,"mooneye/acceptance","mooneye/acceptance/rst_timing.gb",crash,0
2026-07-26T19:36:18Z,032bd27,"mooneye/acceptance","mooneye/acceptance/serial/boot_sclk_align-dmgABCmgb.gb",crash,0
2026-07-26T19:36:18Z,032bd27,"mooneye/acceptance","mooneye/acceptance/timer/div_write.gb",crash,0
2026-07-26T19:36:18Z,032bd27,"mooneye/acceptance","mooneye/acceptance/timer/rapid_toggle.gb",crash,0
2026-07-26T19:36:18Z,032bd27,"mooneye/acceptance","mooneye/acceptance/timer/tim00_div_trigger.gb",crash,0
2026-07-26T19:36:18Z,032bd27,"mooneye/acceptance","mooneye/acceptance/timer/tim00.gb",crash,0
2026-07-26T19:36:18Z,032bd27,"mooneye/acceptance","mooneye/acceptance/timer/tim01_div_trigger.gb",crash,0
2026-07-26T19:36:18Z,032bd27,"mooneye/acceptance","mooneye/acceptance/timer/tim01.gb",crash,0
2026-07-26T19:36:18Z,032bd27,"mooneye/acceptance","mooneye/acceptance/timer/tim10_div_trigger.gb",crash,0
2026-07-26T19:36:18Z,032bd27,"mooneye/acceptance","mooneye/acceptance/timer/tim10.gb",crash,0
2026-07-26T19:36:18Z,032bd27,"mooneye/acceptance","mooneye/acceptance/timer/tim11_div_trigger.gb",crash,0
2026-07-26T19:36:18Z,032bd27,"mooneye/acceptance","mooneye/acceptance/timer/tim11.gb",crash,0
2026-07-26T19:36:18Z,032bd27,"mooneye/acceptance","mooneye/acceptance/timer/tima_reload.gb",crash,0
2026-07-26T19:36:18Z,032bd27,"mooneye/acceptance","mooneye/acceptance/timer/tima_write_reloading.gb",crash,0
2026-07-26T19:36:18Z,032bd27,"mooneye/acceptance","mooneye/acceptance/timer/tma_write_reloading.gb",crash,0
2026-07-26T19:48:03Z,510374d,"blargg/cpu_instrs","blargg/cpu_instrs/cpu_instrs.gb",crash,0
2026-07-26T19:48:03Z,510374d,"blargg/cpu_instrs","blargg/cpu_instrs/individual/01-special.gb",crash,0
2026-07-26T19:48:03Z,510374d,"blargg/cpu_instrs","blargg/cpu_instrs/individual/02-interrupts.gb",crash,0
2026-07-26T19:48:03Z,510374d,"blargg/cpu_instrs","blargg/cpu_instrs/individual/03-op sp,hl.gb",crash,0
2026-07-26T19:48:03Z,510374d,"blargg/cpu_instrs","blargg/cpu_instrs/individual/04-op r,imm.gb",crash,0
2026-07-26T19:48:03Z,510374d,"blargg/cpu_instrs","blargg/cpu_instrs/individual/05-op rp.gb",crash,0
2026-07-26T19:48:03Z,510374d,"blargg/cpu_instrs","blargg/cpu_instrs/individual/06-ld r,r.gb",crash,0
2026-07-26T19:48:03Z,510374d,"blargg/cpu_instrs","blargg/cpu_instrs/individual/07-jr,jp,call,ret,rst.gb",crash,0
2026-07-26T19:48:03Z,510374d,"blargg/cpu_instrs","blargg/cpu_instrs/individual/08-misc instrs.gb",crash,0
2026-07-26T19:48:03Z,510374d,"blargg/cpu_instrs","blargg/cpu_instrs/individual/09-op r,r.gb",crash,0
2026-07-26T19:48:03Z,510374d,"blargg/cpu_instrs","blargg/cpu_instrs/individual/10-bit ops.gb",crash,0
2026-07-26T19:48:03Z,510374d,"blargg/cpu_instrs","blargg/cpu_instrs/individual/11-op a,(hl).gb",crash,0
2026-07-26T19:48:03Z,510374d,"blargg/dmg_sound","blargg/dmg_sound/dmg_sound.gb",crash,0
2026-07-26T19:48:03Z,510374d,"blargg/dmg_sound","blargg/dmg_sound/rom_singles/01-registers.gb",crash,0
2026-07-26T19:48:03Z,510374d,"blargg/dmg_sound","blargg/dmg_sound/rom_singles/02-len ctr.gb",crash,0
2026-07-26T19:48:03Z,510374d,"blargg/dmg_sound","blargg/dmg_sound/rom_singles/03-trigger.gb",crash,0
2026-07-26T19:48:03Z,510374d,"blargg/dmg_sound","blargg/dmg_sound/rom_singles/04-sweep.gb",crash,0
2026-07-26T19:48:03Z,510374d,"blargg/dmg_sound","blargg/dmg_sound/rom_singles/05-sweep details.gb",crash,0
2026-07-26T19:48:03Z,510374d,"blargg/dmg_sound","blargg/dmg_sound/rom_singles/06-overflow on trigger.gb",crash,0
2026-07-26T19:48:03Z,510374d,"blargg/dmg_sound","blargg/dmg_sound/rom_singles/07-len sweep period sync.gb",crash,0
2026-07-26T19:48:03Z,510374d,"blargg/dmg_sound","blargg/dmg_sound/rom_singles/08-len ctr during power.gb",crash,0
2026-07-26T19:48:03Z,510374d,"blargg/dmg_sound","blargg/dmg_sound/rom_singles/09-wave read while on.gb",crash,0
2026-07-26T19:48:03Z,510374d,"blargg/dmg_sound","blargg/dmg_sound/rom_singles/10-wave trigger while on.gb",crash,0
2026-07-26T19:48:03Z,510374d,"blargg/dmg_sound","blargg/dmg_sound/rom_singles/11-regs after power.gb",crash,0
2026-07-26T19:48:03Z,510374d,"blargg/dmg_sound","blargg/dmg_sound/rom_singles/12-wave write while on.gb",crash,0
2026-07-26T19:48:03Z,510374d,"blargg/halt_bug","blargg/halt_bug.gb",crash,0
2026-07-26T19:48:03Z,510374d,"blargg/instr_timing","blargg/instr_timing/instr_timing.gb",crash,0
2026-07-26T19:48:03Z,510374d,"blargg/interrupt_time","blargg/interrupt_time/interrupt_time.gb",crash,0
2026-07-26T19:48:03Z,510374d,"blargg/mem_timing-2","blargg/mem_timing-2/mem_timing.gb",crash,0
2026-07-26T19:48:03Z,510374d,"blargg/mem_timing-2","blargg/mem_timing-2/rom_singles/01-read_timing.gb",crash,0
2026-07-26T19:48:03Z,510374d,"blargg/mem_timing-2","blargg/mem_timing-2/rom_singles/02-write_timing.gb",crash,0
2026-07-26T19:48:03Z,510374d,"blargg/mem_timing-2","blargg/mem_timing-2/rom_singles/03-modify_timing.gb",crash,0
2026-07-26T19:48:03Z,510374d,"blargg/mem_timing","blargg/mem_timing/individual/01-read_timing.gb",crash,0
2026-07-26T19:48:03Z,510374d,"blargg/mem_timing","blargg/mem_timing/individual/02-write_timing.gb",crash,0
2026-07-26T19:48:03Z,510374d,"blargg/mem_timing","blargg/mem_timing/individual/03-modify_timing.gb",crash,0
2026-07-26T19:48:03Z,510374d,"blargg/mem_timing","blargg/mem_timing/mem_timing.gb",crash,0
2026-07-26T19:48:03Z,510374d,"blargg/oam_bug","blargg/oam_bug/oam_bug.gb",crash,0
2026-07-26T19:48:03Z,510374d,"blargg/oam_bug","blargg/oam_bug/rom_singles/1-lcd_sync.gb",crash,0
2026-07-26T19:48:03Z,510374d,"blargg/oam_bug","blargg/oam_bug/rom_singles/2-causes.gb",crash,0
2026-07-26T19:48:03Z,510374d,"blargg/oam_bug","blargg/oam_bug/rom_singles/3-non_causes.gb",crash,0
2026-07-26T19:48:03Z,510374d,"blargg/oam_bug","blargg/oam_bug/rom_singles/4-scanline_timing.gb",crash,0
2026-07-26T19:48:03Z,510374d,"blargg/oam_bug","blargg/oam_bug/rom_singles/5-timing_bug.gb",crash,0
2026-07-26T19:48:03Z,510374d,"blargg/oam_bug","blargg/oam_bug/rom_singles/6-timing_no_bug.gb",crash,0
2026-07-26T19:48:03Z,510374d,"blargg/oam_bug","blargg/oam_bug/rom_singles/7-timing_effect.gb",crash,0
2026-07-26T19:48:03Z,510374d,"blargg/oam_bug","blargg/oam_bug/rom_singles/8-instr_effect.gb",crash,0
2026-07-26T19:48:03Z,510374d,"dmg-acid2","dmg-acid2/dmg-acid2.gb",crash,0
2026-07-26T19:48:03Z,510374d,"mooneye/acceptance","mooneye/acceptance/add_sp_e_timing.gb",crash,0
2026-07-26T19:48:03Z,510374d,"mooneye/acceptance","mooneye/acceptance/bits/mem_oam.gb",crash,0
2026-07-26T19:48:03Z,510374d,"mooneye/acceptance","mooneye/acceptance/bits/reg_f.gb",crash,0
2026-07-26T19:48:03Z,510374d,"mooneye/acceptance","mooneye/acceptance/bits/unused_hwio-GS.gb",crash,0
2026-07-26T19:48:03Z,510374d,"mooneye/acceptance-nondmg","mooneye/acceptance/boot_div2-S.gb",crash,0
2026-07-26T19:48:03Z,510374d,"mooneye/acceptance-nondmg","mooneye/acceptance/boot_div-dmg0.gb",crash,0
2026-07-26T19:48:03Z,510374d,"mooneye/acceptance","mooneye/acceptance/boot_div-dmgABCmgb.gb",crash,0
2026-07-26T19:48:03Z,510374d,"mooneye/acceptance-nondmg","mooneye/acceptance/boot_div-S.gb",crash,0
2026-07-26T19:48:03Z,510374d,"mooneye/acceptance-nondmg","mooneye/acceptance/boot_hwio-dmg0.gb",crash,0
2026-07-26T19:48:03Z,510374d,"mooneye/acceptance","mooneye/acceptance/boot_hwio-dmgABCmgb.gb",crash,0
2026-07-26T19:48:03Z,510374d,"mooneye/acceptance-nondmg","mooneye/acceptance/boot_hwio-S.gb",crash,0
2026-07-26T19:48:03Z,510374d,"mooneye/acceptance-nondmg","mooneye/acceptance/boot_regs-dmg0.gb",crash,0
2026-07-26T19:48:03Z,510374d,"mooneye/acceptance","mooneye/acceptance/boot_regs-dmgABC.gb",crash,0
2026-07-26T19:48:03Z,510374d,"mooneye/acceptance-nondmg","mooneye/acceptance/boot_regs-mgb.gb",crash,0
2026-07-26T19:48:03Z,510374d,"mooneye/acceptance-nondmg","mooneye/acceptance/boot_regs-sgb2.gb",crash,0
2026-07-26T19:48:03Z,510374d,"mooneye/acceptance-nondmg","mooneye/acceptance/boot_regs-sgb.gb",crash,0
2026-07-26T19:48:03Z,510374d,"mooneye/acceptance","mooneye/acceptance/call_cc_timing2.gb",crash,0
2026-07-26T19:48:03Z,510374d,"mooneye/acceptance","mooneye/acceptance/call_cc_timing.gb",crash,0
2026-07-26T19:48:03Z,510374d,"mooneye/acceptance","mooneye/acceptance/call_timing2.gb",crash,0
2026-07-26T19:48:03Z,510374d,"mooneye/acceptance","mooneye/acceptance/call_timing.gb",crash,0
2026-07-26T19:48:03Z,510374d,"mooneye/acceptance","mooneye/acceptance/di_timing-GS.gb",crash,0
2026-07-26T19:48:03Z,510374d,"mooneye/acceptance","mooneye/acceptance/div_timing.gb",crash,0
2026-07-26T19:48:03Z,510374d,"mooneye/acceptance","mooneye/acceptance/ei_sequence.gb",crash,0
2026-07-26T19:48:03Z,510374d,"mooneye/acceptance","mooneye/acceptance/ei_timing.gb",crash,0
2026-07-26T19:48:03Z,510374d,"mooneye/acceptance","mooneye/acceptance/halt_ime0_ei.gb",crash,0
2026-07-26T19:48:03Z,510374d,"mooneye/acceptance","mooneye/acceptance/halt_ime0_nointr_timing.gb",crash,0
2026-07-26T19:48:03Z,510374d,"mooneye/acceptance","mooneye/acceptance/halt_ime1_timing2-GS.gb",crash,0
2026-07-26T19:48:03Z,510374d,"mooneye/acceptance","mooneye/acceptance/halt_ime1_timing.gb",crash,0
2026-07-26T19:48:03Z,510374d,"mooneye/acceptance","mooneye/acceptance/if_ie_registers.gb",crash,0
2026-07-26T19:48:03Z,510374d,"mooneye/acceptance","mooneye/acceptance/instr/daa.gb",crash,0
2026-07-26T19:48:03Z,510374d,"mooneye/acceptance","mooneye/acceptance/interrupts/ie_push.gb",crash,0
2026-07-26T19:48:03Z,510374d,"mooneye/acceptance","mooneye/acceptance/intr_timing.gb",crash,0
2026-07-26T19:48:03Z,510374d,"mooneye/acceptance","mooneye/acceptance/jp_cc_timing.gb",crash,0
2026-07-26T19:48:03Z,510374d,"mooneye/acceptance","mooneye/acceptance/jp_timing.gb",crash,0
2026-07-26T19:48:03Z,510374d,"mooneye/acceptance","mooneye/acceptance/ld_hl_sp_e_timing.gb",crash,0
2026-07-26T19:48:03Z,510374d,"mooneye/acceptance","mooneye/acceptance/oam_dma/basic.gb",crash,0
2026-07-26T19:48:03Z,510374d,"mooneye/acceptance","mooneye/acceptance/oam_dma/reg_read.gb",crash,0
2026-07-26T19:48:03Z,510374d,"mooneye/acceptance","mooneye/acceptance/oam_dma_restart.gb",crash,0
2026-07-26T19:48:03Z,510374d,"mooneye/acceptance","mooneye/acceptance/oam_dma/sources-GS.gb",crash,0
2026-07-26T19:48:03Z,510374d,"mooneye/acceptance","mooneye/acceptance/oam_dma_start.gb",crash,0
2026-07-26T19:48:03Z,510374d,"mooneye/acceptance","mooneye/acceptance/oam_dma_timing.gb",crash,0
2026-07-26T19:48:03Z,510374d,"mooneye/acceptance","mooneye/acceptance/pop_timing.gb",crash,0
2026-07-26T19:48:03Z,510374d,"mooneye/acceptance","mooneye/acceptance/ppu/hblank_ly_scx_timing-GS.gb",crash,0
2026-07-26T19:48:03Z,510374d,"mooneye/acceptance","mooneye/acceptance/ppu/intr_1_2_timing-GS.gb",crash,0
2026-07-26T19:48:03Z,510374d,"mooneye/acceptance","mooneye/acceptance/ppu/intr_2_0_timing.gb",crash,0
2026-07-26T19:48:03Z,510374d,"mooneye/acceptance","mooneye/acceptance/ppu/intr_2_mode0_timing.gb",crash,0
2026-07-26T19:48:03Z,510374d,"mooneye/acceptance","mooneye/acceptance/ppu/intr_2_mode0_timing_sprites.gb",crash,0
2026-07-26T19:48:03Z,510374d,"mooneye/acceptance","mooneye/acceptance/ppu/intr_2_mode3_timing.gb",crash,0
2026-07-26T19:48:03Z,510374d,"mooneye/acceptance","mooneye/acceptance/ppu/intr_2_oam_ok_timing.gb",crash,0
2026-07-26T19:48:03Z,510374d,"mooneye/acceptance","mooneye/acceptance/ppu/lcdon_timing-GS.gb",crash,0
2026-07-26T19:48:03Z,510374d,"mooneye/acceptance","mooneye/acceptance/ppu/lcdon_write_timing-GS.gb",crash,0
2026-07-26T19:48:03Z,510374d,"mooneye/acceptance","mooneye/acceptance/ppu/stat_irq_blocking.gb",crash,0
2026-07-26T19:48:03Z,510374d,"mooneye/acceptance","mooneye/acceptance/ppu/stat_lyc_onoff.gb",crash,0
2026-07-26T19:48:03Z,510374d,"mooneye/acceptance","mooneye/acceptance/ppu/vblank_stat_intr-GS.gb",crash,0
2026-07-26T19:48:03Z,510374d,"mooneye/acceptance","mooneye/acceptance/push_timing.gb",crash,0
2026-07-26T19:48:03Z,510374d,"mooneye/acceptance","mooneye/acceptance/rapid_di_ei.gb",crash,0
2026-07-26T19:48:03Z,510374d,"mooneye/acceptance","mooneye/acceptance/ret_cc_timing.gb",crash,0
2026-07-26T19:48:03Z,510374d,"mooneye/acceptance","mooneye/acceptance/reti_intr_timing.gb",crash,0
2026-07-26T19:48:03Z,510374d,"mooneye/acceptance","mooneye/acceptance/reti_timing.gb",crash,0
2026-07-26T19:48:03Z,510374d,"mooneye/acceptance","mooneye/acceptance/ret_timing.gb",crash,0
2026-07-26T19:48:03Z,510374d,"mooneye/acceptance","mooneye/acceptance/rst_timing.gb",crash,0
2026-07-26T19:48:03Z,510374d,"mooneye/acceptance","mooneye/acceptance/serial/boot_sclk_align-dmgABCmgb.gb",crash,0
2026-07-26T19:48:03Z,510374d,"mooneye/acceptance","mooneye/acceptance/timer/div_write.gb",crash,0
2026-07-26T19:48:03Z,510374d,"mooneye/acceptance","mooneye/acceptance/timer/rapid_toggle.gb",crash,0
2026-07-26T19:48:03Z,510374d,"mooneye/acceptance","mooneye/acceptance/timer/tim00_div_trigger.gb",crash,0
2026-07-26T19:48:03Z,510374d,"mooneye/acceptance","mooneye/acceptance/timer/tim00.gb",crash,0
2026-07-26T19:48:03Z,510374d,"mooneye/acceptance","mooneye/acceptance/timer/tim01_div_trigger.gb",crash,0
2026-07-26T19:48:03Z,510374d,"mooneye/acceptance","mooneye/acceptance/timer/tim01.gb",crash,0
2026-07-26T19:48:03Z,510374d,"mooneye/acceptance","mooneye/acceptance/timer/tim10_div_trigger.gb",crash,0
2026-07-26T19:48:03Z,510374d,"mooneye/acceptance","mooneye/acceptance/timer/tim10.gb",crash,0
2026-07-26T19:48:03Z,510374d,"mooneye/acceptance","mooneye/acceptance/timer/tim11_div_trigger.gb",crash,0
2026-07-26T19:48:03Z,510374d,"mooneye/acceptance","mooneye/acceptance/timer/tim11.gb",crash,0
2026-07-26T19:48:03Z,510374d,"mooneye/acceptance","mooneye/acceptance/timer/tima_reload.gb",crash,0
2026-07-26T19:48:03Z,510374d,"mooneye/acceptance","mooneye/acceptance/timer/tima_write_reloading.gb",crash,0
2026-07-26T19:48:03Z,510374d,"mooneye/acceptance","mooneye/acceptance/timer/tma_write_reloading.gb",crash,0
2026-07-26T20:04:57Z,532d68a,"blargg/cpu_instrs","blargg/cpu_instrs/cpu_instrs.gb",crash,0
2026-07-26T20:04:57Z,532d68a,"blargg/cpu_instrs","blargg/cpu_instrs/individual/01-special.gb",crash,0
2026-07-26T20:04:57Z,532d68a,"blargg/cpu_instrs","blargg/cpu_instrs/individual/02-interrupts.gb",crash,0
2026-07-26T20:04:57Z,532d68a,"blargg/cpu_instrs","blargg/cpu_instrs/individual/03-op sp,hl.gb",crash,0
2026-07-26T20:04:57Z,532d68a,"blargg/cpu_instrs","blargg/cpu_instrs/individual/04-op r,imm.gb",crash,0
2026-07-26T20:04:57Z,532d68a,"blargg/cpu_instrs","blargg/cpu_instrs/individual/05-op rp.gb",crash,0
2026-07-26T20:04:57Z,532d68a,"blargg/cpu_instrs","blargg/cpu_instrs/individual/06-ld r,r.gb",crash,0
2026-07-26T20:04:57Z,532d68a,"blargg/cpu_instrs","blargg/cpu_instrs/individual/07-jr,jp,call,ret,rst.gb",crash,0
2026-07-26T20:04:57Z,532d68a,"blargg/cpu_instrs","blargg/cpu_instrs/individual/08-misc instrs.gb",crash,0
2026-07-26T20:04:57Z,532d68a,"blargg/cpu_instrs","blargg/cpu_instrs/individual/09-op r,r.gb",crash,0
2026-07-26T20:04:57Z,532d68a,"blargg/cpu_instrs","blargg/cpu_instrs/individual/10-bit ops.gb",crash,0
2026-07-26T20:04:57Z,532d68a,"blargg/cpu_instrs","blargg/cpu_instrs/individual/11-op a,(hl).gb",crash,0
2026-07-26T20:04:57Z,532d68a,"blargg/dmg_sound","blargg/dmg_sound/dmg_sound.gb",crash,0
2026-07-26T20:04:57Z,532d68a,"blargg/dmg_sound","blargg/dmg_sound/rom_singles/01-registers.gb",crash,0
2026-07-26T20:04:57Z,532d68a,"blargg/dmg_sound","blargg/dmg_sound/rom_singles/02-len ctr.gb",crash,0
2026-07-26T20:04:57Z,532d68a,"blargg/dmg_sound","blargg/dmg_sound/rom_singles/03-trigger.gb",crash,0
2026-07-26T20:04:57Z,532d68a,"blargg/dmg_sound","blargg/dmg_sound/rom_singles/04-sweep.gb",crash,0
2026-07-26T20:04:57Z,532d68a,"blargg/dmg_sound","blargg/dmg_sound/rom_singles/05-sweep details.gb",crash,0
2026-07-26T20:04:57Z,532d68a,"blargg/dmg_sound","blargg/dmg_sound/rom_singles/06-overflow on trigger.gb",crash,0
2026-07-26T20:04:57Z,532d68a,"blargg/dmg_sound","blargg/dmg_sound/rom_singles/07-len sweep period sync.gb",crash,0
2026-07-26T20:04:57Z,532d68a,"blargg/dmg_sound","blargg/dmg_sound/rom_singles/08-len ctr during power.gb",crash,0
2026-07-26T20:04:57Z,532d68a,"blargg/dmg_sound","blargg/dmg_sound/rom_singles/09-wave read while on.gb",crash,0
2026-07-26T20:04:57Z,532d68a,"blargg/dmg_sound","blargg/dmg_sound/rom_singles/10-wave trigger while on.gb",crash,0
2026-07-26T20:04:57Z,532d68a,"blargg/dmg_sound","blargg/dmg_sound/rom_singles/11-regs after power.gb",crash,0
2026-07-26T20:04:57Z,532d68a,"blargg/dmg_sound","blargg/dmg_sound/rom_singles/12-wave write while on.gb",crash,0
2026-07-26T20:04:57Z,532d68a,"blargg/halt_bug","blargg/halt_bug.gb",crash,0
2026-07-26T20:04:57Z,532d68a,"blargg/instr_timing","blargg/instr_timing/instr_timing.gb",crash,0
2026-07-26T20:04:57Z,532d68a,"blargg/interrupt_time","blargg/interrupt_time/interrupt_time.gb",crash,0
2026-07-26T20:04:57Z,532d68a,"blargg/mem_timing-2","blargg/mem_timing-2/mem_timing.gb",crash,0
2026-07-26T20:04:57Z,532d68a,"blargg/mem_timing-2","blargg/mem_timing-2/rom_singles/01-read_timing.gb",crash,0
2026-07-26T20:04:57Z,532d68a,"blargg/mem_timing-2","blargg/mem_timing-2/rom_singles/02-write_timing.gb",crash,0
2026-07-26T20:04:57Z,532d68a,"blargg/mem_timing-2","blargg/mem_timing-2/rom_singles/03-modify_timing.gb",crash,0
2026-07-26T20:04:57Z,532d68a,"blargg/mem_timing","blargg/mem_timing/individual/01-read_timing.gb",crash,0
2026-07-26T20:04:57Z,532d68a,"blargg/mem_timing","blargg/mem_timing/individual/02-write_timing.gb",crash,0
2026-07-26T20:04:57Z,532d68a,"blargg/mem_timing","blargg/mem_timing/individual/03-modify_timing.gb",crash,0
2026-07-26T20:04:57Z,532d68a,"blargg/mem_timing","blargg/mem_timing/mem_timing.gb",crash,0
2026-07-26T20:04:57Z,532d68a,"blargg/oam_bug","blargg/oam_bug/oam_bug.gb",crash,0
2026-07-26T20:04:57Z,532d68a,"blargg/oam_bug","blargg/oam_bug/rom_singles/1-lcd_sync.gb",crash,0
2026-07-26T20:04:57Z,532d68a,"blargg/oam_bug","blargg/oam_bug/rom_singles/2-causes.gb",crash,0
2026-07-26T20:04:57Z,532d68a,"blargg/oam_bug","blargg/oam_bug/rom_singles/3-non_causes.gb",crash,0
2026-07-26T20:04:57Z,532d68a,"blargg/oam_bug","blargg/oam_bug/rom_singles/4-scanline_timing.gb",crash,0
2026-07-26T20:04:57Z,532d68a,"blargg/oam_bug","blargg/oam_bug/rom_singles/5-timing_bug.gb",crash,0
2026-07-26T20:04:57Z,532d68a,"blargg/oam_bug","blargg/oam_bug/rom_singles/6-timing_no_bug.gb",crash,0
2026-07-26T20:04:57Z,532d68a,"blargg/oam_bug","blargg/oam_bug/rom_singles/7-timing_effect.gb",crash,0
2026-07-26T20:04:57Z,532d68a,"blargg/oam_bug","blargg/oam_bug/rom_singles/8-instr_effect.gb",crash,0
2026-07-26T20:04:57Z,532d68a,"dmg-acid2","dmg-acid2/dmg-acid2.gb",crash,0
2026-07-26T20:04:57Z,532d68a,"mooneye/acceptance","mooneye/acceptance/add_sp_e_timing.gb",crash,0
2026-07-26T20:04:57Z,532d68a,"mooneye/acceptance","mooneye/acceptance/bits/mem_oam.gb",crash,0
2026-07-26T20:04:57Z,532d68a,"mooneye/acceptance","mooneye/acceptance/bits/reg_f.gb",crash,0
2026-07-26T20:04:57Z,532d68a,"mooneye/acceptance","mooneye/acceptance/bits/unused_hwio-GS.gb",crash,0
2026-07-26T20:04:57Z,532d68a,"mooneye/acceptance-nondmg","mooneye/acceptance/boot_div2-S.gb",crash,0
2026-07-26T20:04:57Z,532d68a,"mooneye/acceptance-nondmg","mooneye/acceptance/boot_div-dmg0.gb",crash,0
2026-07-26T20:04:57Z,532d68a,"mooneye/acceptance","mooneye/acceptance/boot_div-dmgABCmgb.gb",crash,0
2026-07-26T20:04:57Z,532d68a,"mooneye/acceptance-nondmg","mooneye/acceptance/boot_div-S.gb",crash,0
2026-07-26T20:04:57Z,532d68a,"mooneye/acceptance-nondmg","mooneye/acceptance/boot_hwio-dmg0.gb",crash,0
2026-07-26T20:04:57Z,532d68a,"mooneye/acceptance","mooneye/acceptance/boot_hwio-dmgABCmgb.gb",crash,0
2026-07-26T20:04:57Z,532d68a,"mooneye/acceptance-nondmg","mooneye/acceptance/boot_hwio-S.gb",crash,0
2026-07-26T20:04:57Z,532d68a,"mooneye/acceptance-nondmg","mooneye/acceptance/boot_regs-dmg0.gb",crash,0
2026-07-26T20:04:57Z,532d68a,"mooneye/acceptance","mooneye/acceptance/boot_regs-dmgABC.gb",crash,0
2026-07-26T20:04:57Z,532d68a,"mooneye/acceptance-nondmg","mooneye/acceptance/boot_regs-mgb.gb",crash,0
2026-07-26T20:04:57Z,532d68a,"mooneye/acceptance-nondmg","mooneye/acceptance/boot_regs-sgb2.gb",crash,0
2026-07-26T20:04:57Z,532d68a,"mooneye/acceptance-nondmg","mooneye/acceptance/boot_regs-sgb.gb",crash,0
2026-07-26T20:04:57Z,532d68a,"mooneye/acceptance","mooneye/acceptance/call_cc_timing2.gb",crash,0
2026-07-26T20:04:57Z,532d68a,"mooneye/acceptance","mooneye/acceptance/call_cc_timing.gb",crash,0
2026-07-26T20:04:57Z,532d68a,"mooneye/acceptance","mooneye/acceptance/call_timing2.gb",crash,0
2026-07-26T20:04:57Z,532d68a,"mooneye/acceptance","mooneye/acceptance/call_timing.gb",crash,0
2026-07-26T20:04:57Z,532d68a,"mooneye/acceptance","mooneye/acceptance/di_timing-GS.gb",crash,0
2026-07-26T20:04:57Z,532d68a,"mooneye/acceptance","mooneye/acceptance/div_timing.gb",crash,0
2026-07-26T20:04:57Z,532d68a,"mooneye/acceptance","mooneye/acceptance/ei_sequence.gb",crash,0
2026-07-26T20:04:57Z,532d68a,"mooneye/acceptance","mooneye/acceptance/ei_timing.gb",crash,0
2026-07-26T20:04:57Z,532d68a,"mooneye/acceptance","mooneye/acceptance/halt_ime0_ei.gb",crash,0
2026-07-26T20:04:57Z,532d68a,"mooneye/acceptance","mooneye/acceptance/halt_ime0_nointr_timing.gb",crash,0
2026-07-26T20:04:57Z,532d68a,"mooneye/acceptance","mooneye/acceptance/halt_ime1_timing2-GS.gb",crash,0
2026-07-26T20:04:57Z,532d68a,"mooneye/acceptance","mooneye/acceptance/halt_ime1_timing.gb",crash,0
2026-07-26T20:04:57Z,532d68a,"mooneye/acceptance","mooneye/acceptance/if_ie_registers.gb",crash,0
2026-07-26T20:04:57Z,532d68a,"mooneye/acceptance","mooneye/acceptance/instr/daa.gb",crash,0
2026-07-26T20:04:57Z,532d68a,"mooneye/acceptance","mooneye/acceptance/interrupts/ie_push.gb",crash,0
2026-07-26T20:04:57Z,532d68a,"mooneye/acceptance","mooneye/acceptance/intr_timing.gb",crash,0
2026-07-26T20:04:57Z,532d68a,"mooneye/acceptance","mooneye/acceptance/jp_cc_timing.gb",crash,0
2026-07-26T20:04:57Z,532d68a,"mooneye/acceptance","mooneye/acceptance/jp_timing.gb",crash,0
2026-07-26T20:04:57Z,532d68a,"mooneye/acceptance","mooneye/acceptance/ld_hl_sp_e_timing.gb",crash,0
2026-07-26T20:04:57Z,532d68a,"mooneye/acceptance","mooneye/acceptance/oam_dma/basic.gb",crash,0
2026-07-26T20:04:57Z,532d68a,"mooneye/acceptance","mooneye/acceptance/oam_dma/reg_read.gb",crash,0
2026-07-26T20:04:57Z,532d68a,"mooneye/acceptance","mooneye/acceptance/oam_dma_restart.gb",crash,0
2026-07-26T20:04:57Z,532d68a,"mooneye/acceptance","mooneye/acceptance/oam_dma/sources-GS.gb",crash,0
2026-07-26T20:04:57Z,532d68a,"mooneye/acceptance","mooneye/acceptance/oam_dma_start.gb",crash,0
2026-07-26T20:04:57Z,532d68a,"mooneye/acceptance","mooneye/acceptance/oam_dma_timing.gb",crash,0
2026-07-26T20:04:57Z,532d68a,"mooneye/acceptance","mooneye/acceptance/pop_timing.gb",crash,0
2026-07-26T20:04:57Z,532d68a,"mooneye/acceptance","mooneye/acceptance/ppu/hblank_ly_scx_timing-GS.gb",crash,0
2026-07-26T20:04:57Z,532d68a,"mooneye/acceptance","mooneye/acceptance/ppu/intr_1_2_timing-GS.gb",crash,0
2026-07-26T20:04:57Z,532d68a,"mooneye/acceptance","mooneye/acceptance/ppu/intr_2_0_timing.gb",crash,0
2026-07-26T20:04:57Z,532d68a,"mooneye/acceptance","mooneye/acceptance/ppu/intr_2_mode0_timing.gb",crash,0
2026-07-26T20:04:57Z,532d68a,"mooneye/acceptance","mooneye/acceptance/ppu/intr_2_mode0_timing_sprites.gb",crash,0
2026-07-26T20:04:57Z,532d68a,"mooneye/acceptance","mooneye/acceptance/ppu/intr_2_mode3_timing.gb",crash,0
2026-07-26T20:04:57Z,532d68a,"mooneye/acceptance","mooneye/acceptance/ppu/intr_2_oam_ok_timing.gb",crash,0
2026-07-26T20:04:57Z,532d68a,"mooneye/acceptance","mooneye/acceptance/ppu/lcdon_timing-GS.gb",crash,0
2026-07-26T20:04:57Z,532d68a,"mooneye/acceptance","mooneye/acceptance/ppu/lcdon_write_timing-GS.gb",crash,0
2026-07-26T20:04:57Z,532d68a,"mooneye/acceptance","mooneye/acceptance/ppu/stat_irq_blocking.gb",crash,0
2026-07-26T20:04:57Z,532d68a,"mooneye/acceptance","mooneye/acceptance/ppu/stat_lyc_onoff.gb",crash,0
2026-07-26T20:04:57Z,532d68a,"mooneye/acceptance","mooneye/acceptance/ppu/vblank_stat_intr-GS.gb",crash,0
2026-07-26T20:04:57Z,532d68a,"mooneye/acceptance","mooneye/acceptance/push_timing.gb",crash,0
2026-07-26T20:04:57Z,532d68a,"mooneye/acceptance","mooneye/acceptance/rapid_di_ei.gb",crash,0
2026-07-26T20:04:57Z,532d68a,"mooneye/acceptance","mooneye/acceptance/ret_cc_timing.gb",crash,0
2026-07-26T20:04:57Z,532d68a,"mooneye/acceptance","mooneye/acceptance/reti_intr_timing.gb",crash,0
2026-07-26T20:04:57Z,532d68a,"mooneye/acceptance","mooneye/acceptance/reti_timing.gb",crash,0
2026-07-26T20:04:57Z,532d68a,"mooneye/acceptance","mooneye/acceptance/ret_timing.gb",crash,0
2026-07-26T20:04:57Z,532d68a,"mooneye/acceptance","mooneye/acceptance/rst_timing.gb",crash,0
2026-07-26T20:04:57Z,532d68a,"mooneye/acceptance","mooneye/acceptance/serial/boot_sclk_align-dmgABCmgb.gb",crash,0
2026-07-26T20:04:57Z,532d68a,"mooneye/acceptance","mooneye/acceptance/timer/div_write.gb",crash,0
2026-07-26T20:04:57Z,532d68a,"mooneye/acceptance","mooneye/acceptance/timer/rapid_toggle.gb",crash,0
2026-07-26T20:04:57Z,532d68a,"mooneye/acceptance","mooneye/acceptance/timer/tim00_div_trigger.gb",crash,0
2026-07-26T20:04:57Z,532d68a,"mooneye/acceptance","mooneye/acceptance/timer/tim00.gb",crash,0
2026-07-26T20:04:57Z,532d68a,"mooneye/acceptance","mooneye/acceptance/timer/tim01_div_trigger.gb",crash,0
2026-07-26T20:04:57Z,532d68a,"mooneye/acceptance","mooneye/acceptance/timer/tim01.gb",crash,0
2026-07-26T20:04:57Z,532d68a,"mooneye/acceptance","mooneye/acceptance/timer/tim10_div_trigger.gb",crash,0
2026-07-26T20:04:57Z,532d68a,"mooneye/acceptance","mooneye/acceptance/timer/tim10.gb",crash,0
2026-07-26T20:04:57Z,532d68a,"mooneye/acceptance","mooneye/acceptance/timer/tim11_div_trigger.gb",crash,0
2026-07-26T20:04:57Z,532d68a,"mooneye/acceptance","mooneye/acceptance/timer/tim11.gb",crash,0
2026-07-26T20:04:57Z,532d68a,"mooneye/acceptance","mooneye/acceptance/timer/tima_reload.gb",crash,0
2026-07-26T20:04:57Z,532d68a,"mooneye/acceptance","mooneye/acceptance/timer/tima_write_reloading.gb",crash,0
2026-07-26T20:04:57Z,532d68a,"mooneye/acceptance","mooneye/acceptance/timer/tma_write_reloading.gb",crash,0
2026-07-26T20:15:57Z,236e78d,"blargg/cpu_instrs","blargg/cpu_instrs/cpu_instrs.gb",crash,0
2026-07-26T20:15:57Z,236e78d,"blargg/cpu_instrs","blargg/cpu_instrs/individual/01-special.gb",crash,0
2026-07-26T20:15:57Z,236e78d,"blargg/cpu_instrs","blargg/cpu_instrs/individual/02-interrupts.gb",crash,0
2026-07-26T20:15:57Z,236e78d,"blargg/cpu_instrs","blargg/cpu_instrs/individual/03-op sp,hl.gb",crash,0
2026-07-26T20:15:57Z,236e78d,"blargg/cpu_instrs","blargg/cpu_instrs/individual/04-op r,imm.gb",crash,0
2026-07-26T20:15:57Z,236e78d,"blargg/cpu_instrs","blargg/cpu_instrs/individual/05-op rp.gb",crash,0
2026-07-26T20:15:57Z,236e78d,"blargg/cpu_instrs","blargg/cpu_instrs/individual/06-ld r,r.gb",crash,0
2026-07-26T20:15:57Z,236e78d,"blargg/cpu_instrs","blargg/cpu_instrs/individual/07-jr,jp,call,ret,rst.gb",crash,0
2026-07-26T20:15:57Z,236e78d,"blargg/cpu_instrs","blargg/cpu_instrs/individual/08-misc instrs.gb",crash,0
2026-07-26T20:15:57Z,236e78d,"blargg/cpu_instrs","blargg/cpu_instrs/individual/09-op r,r.gb",crash,0
2026-07-26T20:15:57Z,236e78d,"blargg/cpu_instrs","blargg/cpu_instrs/individual/10-bit ops.gb",crash,0
2026-07-26T20:15:57Z,236e78d,"blargg/cpu_instrs","blargg/cpu_instrs/individual/11-op a,(hl).gb",crash,0
2026-07-26T20:15:57Z,236e78d,"blargg/dmg_sound","blargg/dmg_sound/dmg_sound.gb",crash,0
2026-07-26T20:15:57Z,236e78d,"blargg/dmg_sound","blargg/dmg_sound/rom_singles/01-registers.gb",crash,0
2026-07-26T20:15:57Z,236e78d,"blargg/dmg_sound","blargg/dmg_sound/rom_singles/02-len ctr.gb",crash,0
2026-07-26T20:15:57Z,236e78d,"blargg/dmg_sound","blargg/dmg_sound/rom_singles/03-trigger.gb",crash,0
2026-07-26T20:15:57Z,236e78d,"blargg/dmg_sound","blargg/dmg_sound/rom_singles/04-sweep.gb",crash,0
2026-07-26T20:15:57Z,236e78d,"blargg/dmg_sound","blargg/dmg_sound/rom_singles/05-sweep details.gb",crash,0
2026-07-26T20:15:57Z,236e78d,"blargg/dmg_sound","blargg/dmg_sound/rom_singles/06-overflow on trigger.gb",crash,0
2026-07-26T20:15:57Z,236e78d,"blargg/dmg_sound","blargg/dmg_sound/rom_singles/07-len sweep period sync.gb",crash,0
2026-07-26T20:15:57Z,236e78d,"blargg/dmg_sound","blargg/dmg_sound/rom_singles/08-len ctr during power.gb",crash,0
2026-07-26T20:15:57Z,236e78d,"blargg/dmg_sound","blargg/dmg_sound/rom_singles/09-wave read while on.gb",crash,0
2026-07-26T20:15:57Z,236e78d,"blargg/dmg_sound","blargg/dmg_sound/rom_singles/10-wave trigger while on.gb",crash,0
2026-07-26T20:15:57Z,236e78d,"blargg/dmg_sound","blargg/dmg_sound/rom_singles/11-regs after power.gb",crash,0
2026-07-26T20:15:57Z,236e78d,"blargg/dmg_sound","blargg/dmg_sound/rom_singles/12-wave write while on.gb",crash,0
2026-07-26T20:15:57Z,236e78d,"blargg/halt_bug","blargg/halt_bug.gb",crash,0
2026-07-26T20:15:57Z,236e78d,"blargg/instr_timing","blargg/instr_timing/instr_timing.gb",crash,0
2026-07-26T20:15:57Z,236e78d,"blargg/interrupt_time","blargg/interrupt_time/interrupt_time.gb",crash,0
2026-07-26T20:15:57Z,236e78d,"blargg/mem_timing-2","blargg/mem_timing-2/mem_timing.gb",crash,0
2026-07-26T20:15:57Z,236e78d,"blargg/mem_timing-2","blargg/mem_timing-2/rom_singles/01-read_timing.gb",crash,0
2026-07-26T20:15:57Z,236e78d,"blargg/mem_timing-2","blargg/mem_timing-2/rom_singles/02-write_timing.gb",crash,0
2026-07-26T20:15:57Z,236e78d,"blargg/mem_timing-2","blargg/mem_timing-2/rom_singles/03-modify_timing.gb",crash,0
2026-07-26T20:15:57Z,236e78d,"blargg/mem_timing","blargg/mem_timing/individual/01-read_timing.gb",crash,0
2026-07-26T20:15:57Z,236e78d,"blargg/mem_timing","blargg/mem_timing/individual/02-write_timing.gb",crash,0
2026-07-26T20:15:57Z,236e78d,"blargg/mem_timing","blargg/mem_timing/individual/03-modify_timing.gb",crash,0
2026-07-26T20:15:57Z,236e78d,"blargg/mem_timing","blargg/mem_timing/mem_timing.gb",crash,0
2026-07-26T20:15:57Z,236e78d,"blargg/oam_bug","blargg/oam_bug/oam_bug.gb",crash,0
2026-07-26T20:15:57Z,236e78d,"blargg/oam_bug","blargg/oam_bug/rom_singles/1-lcd_sync.gb",crash,0
2026-07-26T20:15:57Z,236e78d,"blargg/oam_bug","blargg/oam_bug/rom_singles/2-causes.gb",crash,0
2026-07-26T20:15:57Z,236e78d,"blargg/oam_bug","blargg/oam_bug/rom_singles/3-non_causes.gb",crash,0
2026-07-26T20:15:57Z,236e78d,"blargg/oam_bug","blargg/oam_bug/rom_singles/4-scanline_timing.gb",crash,0
2026-07-26T20:15:57Z,236e78d,"blargg/oam_bug","blargg/oam_bug/rom_singles/5-timing_bug.gb",crash,0
2026-07-26T20:15:57Z,236e78d,"blargg/oam_bug","blargg/oam_bug/rom_singles/6-timing_no_bug.gb",crash,0
2026-07-26T20:15:57Z,236e78d,"blargg/oam_bug","blargg/oam_bug/rom_singles/7-timing_effect.gb",crash,0
2026-07-26T20:15:57Z,236e78d,"blargg/oam_bug","blargg/oam_bug/rom_singles/8-instr_effect.gb",crash,0
2026-07-26T20:15:57Z,236e78d,"dmg-acid2","dmg-acid2/dmg-acid2.gb",crash,0
2026-07-26T20:15:57Z,236e78d,"mooneye/acceptance","mooneye/acceptance/add_sp_e_timing.gb",crash,0
2026-07-26T20:15:57Z,236e78d,"mooneye/acceptance","mooneye/acceptance/bits/mem_oam.gb",crash,0
2026-07-26T20:15:57Z,236e78d,"mooneye/acceptance","mooneye/acceptance/bits/reg_f.gb",crash,0
2026-07-26T20:15:57Z,236e78d,"mooneye/acceptance","mooneye/acceptance/bits/unused_hwio-GS.gb",crash,0
2026-07-26T20:15:57Z,236e78d,"mooneye/acceptance-nondmg","mooneye/acceptance/boot_div2-S.gb",crash,0
2026-07-26T20:15:57Z,236e78d,"mooneye/acceptance-nondmg","mooneye/acceptance/boot_div-dmg0.gb",crash,0
2026-07-26T20:15:57Z,236e78d,"mooneye/acceptance","mooneye/acceptance/boot_div-dmgABCmgb.gb",crash,0
2026-07-26T20:15:57Z,236e78d,"mooneye/acceptance-nondmg","mooneye/acceptance/boot_div-S.gb",crash,0
2026-07-26T20:15:57Z,236e78d,"mooneye/acceptance-nondmg","mooneye/acceptance/boot_hwio-dmg0.gb",crash,0
2026-07-26T20:15:57Z,236e78d,"mooneye/acceptance","mooneye/acceptance/boot_hwio-dmgABCmgb.gb",crash,0
2026-07-26T20:15:57Z,236e78d,"mooneye/acceptance-nondmg","mooneye/acceptance/boot_hwio-S.gb",crash,0
2026-07-26T20:15:57Z,236e78d,"mooneye/acceptance-nondmg","mooneye/acceptance/boot_regs-dmg0.gb",crash,0
2026-07-26T20:15:57Z,236e78d,"mooneye/acceptance","mooneye/acceptance/boot_regs-dmgABC.gb",crash,0
2026-07-26T20:15:57Z,236e78d,"mooneye/acceptance-nondmg","mooneye/acceptance/boot_regs-mgb.gb",crash,0
2026-07-26T20:15:57Z,236e78d,"mooneye/acceptance-nondmg","mooneye/acceptance/boot_regs-sgb2.gb",crash,0
2026-07-26T20:15:57Z,236e78d,"mooneye/acceptance-nondmg","mooneye/acceptance/boot_regs-sgb.gb",crash,0
2026-07-26T20:15:57Z,236e78d,"mooneye/acceptance","mooneye/acceptance/call_cc_timing2.gb",crash,0
2026-07-26T20:15:57Z,236e78d,"mooneye/acceptance","mooneye/acceptance/call_cc_timing.gb",crash,0
2026-07-26T20:15:57Z,236e78d,"mooneye/acceptance","mooneye/acceptance/call_timing2.gb",crash,0
2026-07-26T20:15:57Z,236e78d,"mooneye/acceptance","mooneye/acceptance/call_timing.gb",crash,0
2026-07-26T20:15:57Z,236e78d,"mooneye/acceptance","mooneye/acceptance/di_timing-GS.gb",crash,0
2026-07-26T20:15:57Z,236e78d,"mooneye/acceptance","mooneye/acceptance/div_timing.gb",crash,0
2026-07-26T20:15:57Z,236e78d,"mooneye/acceptance","mooneye/acceptance/ei_sequence.gb",crash,0
2026-07-26T20:15:57Z,236e78d,"mooneye/acceptance","mooneye/acceptance/ei_timing.gb",crash,0
2026-07-26T20:15:57Z,236e78d,"mooneye/acceptance","mooneye/acceptance/halt_ime0_ei.gb",crash,0
2026-07-26T20:15:57Z,236e78d,"mooneye/acceptance","mooneye/acceptance/halt_ime0_nointr_timing.gb",crash,0
2026-07-26T20:15:57Z,236e78d,"mooneye/acceptance","mooneye/acceptance/halt_ime1_timing2-GS.gb",crash,0
2026-07-26T20:15:57Z,236e78d,"mooneye/acceptance","mooneye/acceptance/halt_ime1_timing.gb",crash,0
2026-07-26T20:15:57Z,236e78d,"mooneye/acceptance","mooneye/acceptance/if_ie_registers.gb",crash,0
2026-07-26T20:15:57Z,236e78d,"mooneye/acceptance","mooneye/acceptance/instr/daa.gb",crash,0
2026-07-26T20:15:57Z,236e78d,"mooneye/acceptance","mooneye/acceptance/interrupts/ie_push.gb",crash,0
2026-07-26T20:15:57Z,236e78d,"mooneye/acceptance","mooneye/acceptance/intr_timing.gb",crash,0
2026-07-26T20:15:57Z,236e78d,"mooneye/acceptance","mooneye/acceptance/jp_cc_timing.gb",crash,0
2026-07-26T20:15:57Z,236e78d,"mooneye/acceptance","mooneye/acceptance/jp_timing.gb",crash,0
2026-07-26T20:15:57Z,236e78d,"mooneye/acceptance","mooneye/acceptance/ld_hl_sp_e_timing.gb",crash,0
2026-07-26T20:15:57Z,236e78d,"mooneye/acceptance","mooneye/acceptance/oam_dma/basic.gb",crash,0
2026-07-26T20:15:57Z,236e78d,"mooneye/acceptance","mooneye/acceptance/oam_dma/reg_read.gb",crash,0
2026-07-26T20:15:57Z,236e78d,"mooneye/acceptance","mooneye/acceptance/oam_dma_restart.gb",crash,0
2026-07-26T20:15:57Z,236e78d,"mooneye/acceptance","mooneye/acceptance/oam_dma/sources-GS.gb",crash,0
2026-07-26T20:15:57Z,236e78d,"mooneye/acceptance","mooneye/acceptance/oam_dma_start.gb",crash,0
2026-07-26T20:15:57Z,236e78d,"mooneye/acceptance","mooneye/acceptance/oam_dma_timing.gb",crash,0
2026-07-26T20:15:57Z,236e78d,"mooneye/acceptance","mooneye/acceptance/pop_timing.gb",crash,0
2026-07-26T20:15:57Z,236e78d,"mooneye/acceptance","mooneye/acceptance/ppu/hblank_ly_scx_timing-GS.gb",crash,0
2026-07-26T20:15:57Z,236e78d,"mooneye/acceptance","mooneye/acceptance/ppu/intr_1_2_timing-GS.gb",crash,0
2026-07-26T20:15:57Z,236e78d,"mooneye/acceptance","mooneye/acceptance/ppu/intr_2_0_timing.gb",crash,0
2026-07-26T20:15:57Z,236e78d,"mooneye/acceptance","mooneye/acceptance/ppu/intr_2_mode0_timing.gb",crash,0
2026-07-26T20:15:57Z,236e78d,"mooneye/acceptance","mooneye/acceptance/ppu/intr_2_mode0_timing_sprites.gb",crash,0
2026-07-26T20:15:57Z,236e78d,"mooneye/acceptance","mooneye/acceptance/ppu/intr_2_mode3_timing.gb",crash,0
2026-07-26T20:15:57Z,236e78d,"mooneye/acceptance","mooneye/acceptance/ppu/intr_2_oam_ok_timing.gb",crash,0
2026-07-26T20:15:57Z,236e78d,"mooneye/acceptance","mooneye/acceptance/ppu/lcdon_timing-GS.gb",crash,0
2026-07-26T20:15:57Z,236e78d,"mooneye/acceptance","mooneye/acceptance/ppu/lcdon_write_timing-GS.gb",crash,0
2026-07-26T20:15:57Z,236e78d,"mooneye/acceptance","mooneye/acceptance/ppu/stat_irq_blocking.gb",crash,0
2026-07-26T20:15:57Z,236e78d,"mooneye/acceptance","mooneye/acceptance/ppu/stat_lyc_onoff.gb",crash,0
2026-07-26T20:15:57Z,236e78d,"mooneye/acceptance","mooneye/acceptance/ppu/vblank_stat_intr-GS.gb",crash,0
2026-07-26T20:15:57Z,236e78d,"mooneye/acceptance","mooneye/acceptance/push_timing.gb",crash,0
2026-07-26T20:15:57Z,236e78d,"mooneye/acceptance","mooneye/acceptance/rapid_di_ei.gb",crash,0
2026-07-26T20:15:57Z,236e78d,"mooneye/acceptance","mooneye/acceptance/ret_cc_timing.gb",crash,0
2026-07-26T20:15:57Z,236e78d,"mooneye/acceptance","mooneye/acceptance/reti_intr_timing.gb",crash,0
2026-07-26T20:15:57Z,236e78d,"mooneye/acceptance","mooneye/acceptance/reti_timing.gb",crash,0
2026-07-26T20:15:57Z,236e78d,"mooneye/acceptance","mooneye/acceptance/ret_timing.gb",crash,0
2026-07-26T20:15:57Z,236e78d,"mooneye/acceptance","mooneye/acceptance/rst_timing.gb",crash,0
2026-07-26T20:15:57Z,236e78d,"mooneye/acceptance","mooneye/acceptance/serial/boot_sclk_align-dmgABCmgb.gb",crash,0
2026-07-26T20:15:57Z,236e78d,"mooneye/acceptance","mooneye/acceptance/timer/div_write.gb",crash,0
2026-07-26T20:15:57Z,236e78d,"mooneye/acceptance","mooneye/acceptance/timer/rapid_toggle.gb",crash,0
2026-07-26T20:15:57Z,236e78d,"mooneye/acceptance","mooneye/acceptance/timer/tim00_div_trigger.gb",crash,0
2026-07-26T20:15:57Z,236e78d,"mooneye/acceptance","mooneye/acceptance/timer/tim00.gb",crash,0
2026-07-26T20:15:57Z,236e78d,"mooneye/acceptance","mooneye/acceptance/timer/tim01_div_trigger.gb",crash,0
2026-07-26T20:15:57Z,236e78d,"mooneye/acceptance","mooneye/acceptance/timer/tim01.gb",crash,0
2026-07-26T20:15:57Z,236e78d,"mooneye/acceptance","mooneye/acceptance/timer/tim10_div_trigger.gb",crash,0
2026-07-26T20:15:57Z,236e78d,"mooneye/acceptance","mooneye/acceptance/timer/tim10.gb",crash,0
2026-07-26T20:15:57Z,236e78d,"mooneye/acceptance","mooneye/acceptance/timer/tim11_div_trigger.gb",crash,0
2026-07-26T20:15:57Z,236e78d,"mooneye/acceptance","mooneye/acceptance/timer/tim11.gb",crash,0
2026-07-26T20:15:57Z,236e78d,"mooneye/acceptance","mooneye/acceptance/timer/tima_reload.gb",crash,0
2026-07-26T20:15:57Z,236e78d,"mooneye/acceptance","mooneye/acceptance/timer/tima_write_reloading.gb",crash,0
2026-07-26T20:15:57Z,236e78d,"mooneye/acceptance","mooneye/acceptance/timer/tma_write_reloading.gb",crash,0
2026-07-26T20:39:35Z,4acbf89,"blargg/cpu_instrs","blargg/cpu_instrs/cpu_instrs.gb",crash,0
2026-07-26T20:39:35Z,4acbf89,"blargg/cpu_instrs","blargg/cpu_instrs/individual/01-special.gb",crash,0
2026-07-26T20:39:35Z,4acbf89,"blargg/cpu_instrs","blargg/cpu_instrs/individual/02-interrupts.gb",crash,0
2026-07-26T20:39:35Z,4acbf89,"blargg/cpu_instrs","blargg/cpu_instrs/individual/03-op sp,hl.gb",crash,0
2026-07-26T20:39:35Z,4acbf89,"blargg/cpu_instrs","blargg/cpu_instrs/individual/04-op r,imm.gb",crash,0
2026-07-26T20:39:35Z,4acbf89,"blargg/cpu_instrs","blargg/cpu_instrs/individual/05-op rp.gb",crash,0
2026-07-26T20:39:35Z,4acbf89,"blargg/cpu_instrs","blargg/cpu_instrs/individual/06-ld r,r.gb",crash,0
2026-07-26T20:39:35Z,4acbf89,"blargg/cpu_instrs","blargg/cpu_instrs/individual/07-jr,jp,call,ret,rst.gb",crash,0
2026-07-26T20:39:35Z,4acbf89,"blargg/cpu_instrs","blargg/cpu_instrs/individual/08-misc instrs.gb",crash,0
2026-07-26T20:39:35Z,4acbf89,"blargg/cpu_instrs","blargg/cpu_instrs/individual/09-op r,r.gb",crash,0
2026-07-26T20:39:35Z,4acbf89,"blargg/cpu_instrs","blargg/cpu_instrs/individual/10-bit ops.gb",crash,0
2026-07-26T20:39:35Z,4acbf89,"blargg/cpu_instrs","blargg/cpu_instrs/individual/11-op a,(hl).gb",crash,0
2026-07-26T20:39:35Z,4acbf89,"blargg/dmg_sound","blargg/dmg_sound/dmg_sound.gb",crash,0
2026-07-26T20:39:35Z,4acbf89,"blargg/dmg_sound","blargg/dmg_sound/rom_singles/01-registers.gb",crash,0
2026-07-26T20:39:35Z,4acbf89,"blargg/dmg_sound","blargg/dmg_sound/rom_singles/02-len ctr.gb",crash,0
2026-07-26T20:39:35Z,4acbf89,"blargg/dmg_sound","blargg/dmg_sound/rom_singles/03-trigger.gb",crash,0
2026-07-26T20:39:35Z,4acbf89,"blargg/dmg_sound","blargg/dmg_sound/rom_singles/04-sweep.gb",crash,0
2026-07-26T20:39:35Z,4acbf89,"blargg/dmg_sound","blargg/dmg_sound/rom_singles/05-sweep details.gb",crash,0
2026-07-26T20:39:35Z,4acbf89,"blargg/dmg_sound","blargg/dmg_sound/rom_singles/06-overflow on trigger.gb",crash,0
2026-07-26T20:39:35Z,4acbf89,"blargg/dmg_sound","blargg/dmg_sound/rom_singles/07-len sweep period sync.gb",crash,0
2026-07-26T20:39:35Z,4acbf89,"blargg/dmg_sound","blargg/dmg_sound/rom_singles/08-len ctr during power.gb",crash,0
2026-07-26T20:39:35Z,4acbf89,"blargg/dmg_sound","blargg/dmg_sound/rom_singles/09-wave read while on.gb",crash,0
2026-07-26T20:39:35Z,4acbf89,"blargg/dmg_sound","blargg/dmg_sound/rom_singles/10-wave trigger while on.gb",crash,0
2026-07-26T20:39:35Z,4acbf89,"blargg/dmg_sound","blargg/dmg_sound/rom_singles/11-regs after power.gb",crash,0
2026-07-26T20:39:35Z,4acbf89,"blargg/dmg_sound","blargg/dmg_sound/rom_singles/12-wave write while on.gb",crash,0
2026-07-26T20:39:35Z,4acbf89,"blargg/halt_bug","blargg/halt_bug.gb",crash,0
2026-07-26T20:39:35Z,4acbf89,"blargg/instr_timing","blargg/instr_timing/instr_timing.gb",crash,0
2026-07-26T20:39:35Z,4acbf89,"blargg/interrupt_time","blargg/interrupt_time/interrupt_time.gb",crash,0
2026-07-26T20:39:35Z,4acbf89,"blargg/mem_timing-2","blargg/mem_timing-2/mem_timing.gb",crash,0
2026-07-26T20:39:35Z,4acbf89,"blargg/mem_timing-2","blargg/mem_timing-2/rom_singles/01-read_timing.gb",crash,0
2026-07-26T20:39:35Z,4acbf89,"blargg/mem_timing-2","blargg/mem_timing-2/rom_singles/02-write_timing.gb",crash,0
2026-07-26T20:39:35Z,4acbf89,"blargg/mem_timing-2","blargg/mem_timing-2/rom_singles/03-modify_timing.gb",crash,0
2026-07-26T20:39:35Z,4acbf89,"blargg/mem_timing","blargg/mem_timing/individual/01-read_timing.gb",crash,0
2026-07-26T20:39:35Z,4acbf89,"blargg/mem_timing","blargg/mem_timing/individual/02-write_timing.gb",crash,0
2026-07-26T20:39:35Z,4acbf89,"blargg/mem_timing","blargg/mem_timing/individual/03-modify_timing.gb",crash,0
2026-07-26T20:39:35Z,4acbf89,"blargg/mem_timing","blargg/mem_timing/mem_timing.gb",crash,0
2026-07-26T20:39:35Z,4acbf89,"blargg/oam_bug","blargg/oam_bug/oam_bug.gb",crash,0
2026-07-26T20:39:35Z,4acbf89,"blargg/oam_bug","blargg/oam_bug/rom_singles/1-lcd_sync.gb",crash,0
2026-07-26T20:39:35Z,4acbf89,"blargg/oam_bug","blargg/oam_bug/rom_singles/2-causes.gb",crash,0
2026-07-26T20:39:35Z,4acbf89,"blargg/oam_bug","blargg/oam_bug/rom_singles/3-non_causes.gb",crash,0
2026-07-26T20:44:18Z,4acbf89,"blargg/cpu_instrs","blargg/cpu_instrs/cpu_instrs.gb",crash,0
2026-07-26T20:44:18Z,4acbf89,"blargg/cpu_instrs","blargg/cpu_instrs/individual/01-special.gb",crash,0
2026-07-26T20:44:18Z,4acbf89,"blargg/cpu_instrs","blargg/cpu_instrs/individual/02-interrupts.gb",crash,0
2026-07-26T20:44:18Z,4acbf89,"blargg/cpu_instrs","blargg/cpu_instrs/individual/03-op sp,hl.gb",crash,0
2026-07-26T20:44:18Z,4acbf89,"blargg/cpu_instrs","blargg/cpu_instrs/individual/04-op r,imm.gb",crash,0
2026-07-26T20:44:18Z,4acbf89,"blargg/cpu_instrs","blargg/cpu_instrs/individual/05-op rp.gb",crash,0
2026-07-26T20:44:18Z,4acbf89,"blargg/cpu_instrs","blargg/cpu_instrs/individual/06-ld r,r.gb",crash,0
2026-07-26T20:44:18Z,4acbf89,"blargg/cpu_instrs","blargg/cpu_instrs/individual/07-jr,jp,call,ret,rst.gb",crash,0
2026-07-26T20:44:18Z,4acbf89,"blargg/cpu_instrs","blargg/cpu_instrs/individual/08-misc instrs.gb",crash,0
2026-07-26T20:44:18Z,4acbf89,"blargg/cpu_instrs","blargg/cpu_instrs/individual/09-op r,r.gb",crash,0
2026-07-26T20:44:18Z,4acbf89,"blargg/cpu_instrs","blargg/cpu_instrs/individual/10-bit ops.gb",crash,0
2026-07-26T20:44:18Z,4acbf89,"blargg/cpu_instrs","blargg/cpu_instrs/individual/11-op a,(hl).gb",crash,0
2026-07-26T20:44:18Z,4acbf89,"blargg/dmg_sound","blargg/dmg_sound/dmg_sound.gb",crash,0
2026-07-26T20:44:18Z,4acbf89,"blargg/dmg_sound","blargg/dmg_sound/rom_singles/01-registers.gb",crash,0
2026-07-26T20:44:18Z,4acbf89,"blargg/dmg_sound","blargg/dmg_sound/rom_singles/02-len ctr.gb",crash,0
2026-07-26T20:44:18Z,4acbf89,"blargg/dmg_sound","blargg/dmg_sound/rom_singles/03-trigger.gb",crash,0
2026-07-26T20:44:18Z,4acbf89,"blargg/dmg_sound","blargg/dmg_sound/rom_singles/04-sweep.gb",crash,0
2026-07-26T20:44:18Z,4acbf89,"blargg/dmg_sound","blargg/dmg_sound/rom_singles/05-sweep details.gb",crash,0
2026-07-26T20:44:18Z,4acbf89,"blargg/dmg_sound","blargg/dmg_sound/rom_singles/06-overflow on trigger.gb",crash,0
2026-07-26T20:44:18Z,4acbf89,"blargg/dmg_sound","blargg/dmg_sound/rom_singles/07-len sweep period sync.gb",crash,0
2026-07-26T20:44:18Z,4acbf89,"blargg/dmg_sound","blargg/dmg_sound/rom_singles/08-len ctr during power.gb",crash,0
2026-07-26T20:44:18Z,4acbf89,"blargg/dmg_sound","blargg/dmg_sound/rom_singles/09-wave read while on.gb",crash,0
2026-07-26T20:44:18Z,4acbf89,"blargg/dmg_sound","blargg/dmg_sound/rom_singles/10-wave trigger while on.gb",crash,0
2026-07-26T20:44:18Z,4acbf89,"blargg/dmg_sound","blargg/dmg_sound/rom_singles/11-regs after power.gb",crash,0
2026-07-26T20:44:18Z,4acbf89,"blargg/dmg_sound","blargg/dmg_sound/rom_singles/12-wave write while on.gb",crash,0
2026-07-26T20:44:18Z,4acbf89,"blargg/halt_bug","blargg/halt_bug.gb",crash,0
2026-07-26T20:44:18Z,4acbf89,"blargg/instr_timing","blargg/instr_timing/instr_timing.gb",crash,0
2026-07-26T20:44:18Z,4acbf89,"blargg/interrupt_time","blargg/interrupt_time/interrupt_time.gb",crash,0
2026-07-26T20:44:18Z,4acbf89,"blargg/mem_timing-2","blargg/mem_timing-2/mem_timing.gb",crash,0
2026-07-26T20:44:18Z,4acbf89,"blargg/mem_timing-2","blargg/mem_timing-2/rom_singles/01-read_timing.gb",crash,0
2026-07-26T20:44:18Z,4acbf89,"blargg/mem_timing-2","blargg/mem_timing-2/rom_singles/02-write_timing.gb",crash,0
2026-07-26T20:44:18Z,4acbf89,"blargg/mem_timing-2","blargg/mem_timing-2/rom_singles/03-modify_timing.gb",crash,0
2026-07-26T20:44:18Z,4acbf89,"blargg/mem_timing","blargg/mem_timing/individual/01-read_timing.gb",crash,0
2026-07-26T20:44:18Z,4acbf89,"blargg/mem_timing","blargg/mem_timing/individual/02-write_timing.gb",crash,0
2026-07-26T20:44:18Z,4acbf89,"blargg/mem_timing","blargg/mem_timing/individual/03-modify_timing.gb",crash,0
2026-07-26T20:44:18Z,4acbf89,"blargg/mem_timing","blargg/mem_timing/mem_timing.gb",crash,0
2026-07-26T20:44:18Z,4acbf89,"blargg/oam_bug","blargg/oam_bug/oam_bug.gb",crash,0
2026-07-26T20:44:18Z,4acbf89,"blargg/oam_bug","blargg/oam_bug/rom_singles/1-lcd_sync.gb",crash,0
2026-07-26T20:44:18Z,4acbf89,"blargg/oam_bug","blargg/oam_bug/rom_singles/2-causes.gb",crash,0
2026-07-26T20:44:18Z,4acbf89,"blargg/oam_bug","blargg/oam_bug/rom_singles/3-non_causes.gb",crash,0
2026-07-26T20:44:18Z,4acbf89,"blargg/oam_bug","blargg/oam_bug/rom_singles/4-scanline_timing.gb",crash,0
2026-07-26T20:44:18Z,4acbf89,"blargg/oam_bug","blargg/oam_bug/rom_singles/5-timing_bug.gb",crash,0
2026-07-26T20:44:18Z,4acbf89,"blargg/oam_bug","blargg/oam_bug/rom_singles/6-timing_no_bug.gb",crash,0
2026-07-26T20:44:18Z,4acbf89,"blargg/oam_bug","blargg/oam_bug/rom_singles/7-timing_effect.gb",crash,0
2026-07-26T20:44:18Z,4acbf89,"blargg/oam_bug","blargg/oam_bug/rom_singles/8-instr_effect.gb",crash,0
2026-07-26T20:44:18Z,4acbf89,"dmg-acid2","dmg-acid2/dmg-acid2.gb",crash,0
2026-07-26T20:44:18Z,4acbf89,"mooneye/acceptance","mooneye/acceptance/add_sp_e_timing.gb",crash,0
2026-07-26T20:44:18Z,4acbf89,"mooneye/acceptance","mooneye/acceptance/bits/mem_oam.gb",crash,0
2026-07-26T20:44:18Z,4acbf89,"mooneye/acceptance","mooneye/acceptance/bits/reg_f.gb",crash,0
2026-07-26T20:44:18Z,4acbf89,"mooneye/acceptance","mooneye/acceptance/bits/unused_hwio-GS.gb",crash,0
2026-07-26T20:44:18Z,4acbf89,"mooneye/acceptance-nondmg","mooneye/acceptance/boot_div2-S.gb",crash,0
2026-07-26T20:44:18Z,4acbf89,"mooneye/acceptance-nondmg","mooneye/acceptance/boot_div-dmg0.gb",crash,0
2026-07-26T20:44:18Z,4acbf89,"mooneye/acceptance","mooneye/acceptance/boot_div-dmgABCmgb.gb",crash,0
2026-07-26T20:44:18Z,4acbf89,"mooneye/acceptance-nondmg","mooneye/acceptance/boot_div-S.gb",crash,0
2026-07-26T20:44:18Z,4acbf89,"mooneye/acceptance-nondmg","mooneye/acceptance/boot_hwio-dmg0.gb",crash,0
2026-07-26T20:44:18Z,4acbf89,"mooneye/acceptance","mooneye/acceptance/boot_hwio-dmgABCmgb.gb",crash,0
2026-07-26T20:44:18Z,4acbf89,"mooneye/acceptance-nondmg","mooneye/acceptance/boot_hwio-S.gb",crash,0
2026-07-26T20:44:18Z,4acbf89,"mooneye/acceptance-nondmg","mooneye/acceptance/boot_regs-dmg0.gb",crash,0
2026-07-26T20:44:18Z,4acbf89,"mooneye/acceptance","mooneye/acceptance/boot_regs-dmgABC.gb",crash,0
2026-07-26T20:44:18Z,4acbf89,"mooneye/acceptance-nondmg","mooneye/acceptance/boot_regs-mgb.gb",crash,0
2026-07-26T20:44:18Z,4acbf89,"mooneye/acceptance-nondmg","mooneye/acceptance/boot_regs-sgb2.gb",crash,0
2026-07-26T20:44:18Z,4acbf89,"mooneye/acceptance-nondmg","mooneye/acceptance/boot_regs-sgb.gb",crash,0
2026-07-26T20:44:18Z,4acbf89,"mooneye/acceptance","mooneye/acceptance/call_cc_timing2.gb",crash,0
2026-07-26T20:44:18Z,4acbf89,"mooneye/acceptance","mooneye/acceptance/call_cc_timing.gb",crash,0
2026-07-26T20:44:18Z,4acbf89,"mooneye/acceptance","mooneye/acceptance/call_timing2.gb",crash,0
2026-07-26T20:44:18Z,4acbf89,"mooneye/acceptance","mooneye/acceptance/call_timing.gb",crash,0
2026-07-26T20:44:18Z,4acbf89,"mooneye/acceptance","mooneye/acceptance/di_timing-GS.gb",crash,0
2026-07-26T20:44:18Z,4acbf89,"mooneye/acceptance","mooneye/acceptance/div_timing.gb",crash,0
2026-07-26T20:44:18Z,4acbf89,"mooneye/acceptance","mooneye/acceptance/ei_sequence.gb",crash,0
2026-07-26T20:44:18Z,4acbf89,"mooneye/acceptance","mooneye/acceptance/ei_timing.gb",crash,0
2026-07-26T20:44:18Z,4acbf89,"mooneye/acceptance","mooneye/acceptance/halt_ime0_ei.gb",crash,0
2026-07-26T20:44:18Z,4acbf89,"mooneye/acceptance","mooneye/acceptance/halt_ime0_nointr_timing.gb",crash,0
2026-07-26T20:44:18Z,4acbf89,"mooneye/acceptance","mooneye/acceptance/halt_ime1_timing2-GS.gb",crash,0
2026-07-26T20:44:18Z,4acbf89,"mooneye/acceptance","mooneye/acceptance/halt_ime1_timing.gb",crash,0
2026-07-26T20:44:18Z,4acbf89,"mooneye/acceptance","mooneye/acceptance/if_ie_registers.gb",crash,0
2026-07-26T20:44:18Z,4acbf89,"mooneye/acceptance","mooneye/acceptance/instr/daa.gb",crash,0
2026-07-26T20:44:18Z,4acbf89,"mooneye/acceptance","mooneye/acceptance/interrupts/ie_push.gb",crash,0
2026-07-26T20:44:18Z,4acbf89,"mooneye/acceptance","mooneye/acceptance/intr_timing.gb",crash,0
2026-07-26T20:44:18Z,4acbf89,"mooneye/acceptance","mooneye/acceptance/jp_cc_timing.gb",crash,0
2026-07-26T20:44:18Z,4acbf89,"mooneye/acceptance","mooneye/acceptance/jp_timing.gb",crash,0
2026-07-26T20:44:18Z,4acbf89,"mooneye/acceptance","mooneye/acceptance/ld_hl_sp_e_timing.gb",crash,0
2026-07-26T20:44:18Z,4acbf89,"mooneye/acceptance","mooneye/acceptance/oam_dma/basic.gb",crash,0
2026-07-26T20:44:18Z,4acbf89,"mooneye/acceptance","mooneye/acceptance/oam_dma/reg_read.gb",crash,0
2026-07-26T20:44:18Z,4acbf89,"mooneye/acceptance","mooneye/acceptance/oam_dma_restart.gb",crash,0
2026-07-26T20:44:18Z,4acbf89,"mooneye/acceptance","mooneye/acceptance/oam_dma/sources-GS.gb",crash,0
2026-07-26T20:44:18Z,4acbf89,"mooneye/acceptance","mooneye/acceptance/oam_dma_start.gb",crash,0
2026-07-26T20:44:18Z,4acbf89,"mooneye/acceptance","mooneye/acceptance/oam_dma_timing.gb",crash,0
2026-07-26T20:44:18Z,4acbf89,"mooneye/acceptance","mooneye/acceptance/pop_timing.gb",crash,0
2026-07-26T20:44:18Z,4acbf89,"mooneye/acceptance","mooneye/acceptance/ppu/hblank_ly_scx_timing-GS.gb",crash,0
2026-07-26T20:44:18Z,4acbf89,"mooneye/acceptance","mooneye/acceptance/ppu/intr_1_2_timing-GS.gb",crash,0
2026-07-26T20:44:18Z,4acbf89,"mooneye/acceptance","mooneye/acceptance/ppu/intr_2_0_timing.gb",crash,0
2026-07-26T20:44:18Z,4acbf89,"mooneye/acceptance","mooneye/acceptance/ppu/intr_2_mode0_timing.gb",crash,0
2026-07-26T20:44:18Z,4acbf89,"mooneye/acceptance","mooneye/acceptance/ppu/intr_2_mode0_timing_sprites.gb",crash,0
2026-07-26T20:44:18Z,4acbf89,"mooneye/acceptance","mooneye/acceptance/ppu/intr_2_mode3_timing.gb",crash,0
2026-07-26T20:44:18Z,4acbf89,"mooneye/acceptance","mooneye/acceptance/ppu/intr_2_oam_ok_timing.gb",crash,0
2026-07-26T20:44:18Z,4acbf89,"mooneye/acceptance","mooneye/acceptance/ppu/lcdon_timing-GS.gb",crash,0
2026-07-26T20:44:18Z,4acbf89,"mooneye/acceptance","mooneye/acceptance/ppu/lcdon_write_timing-GS.gb",crash,0
2026-07-26T20:44:18Z,4acbf89,"mooneye/acceptance","mooneye/acceptance/ppu/stat_irq_blocking.gb",crash,0
2026-07-26T20:44:18Z,4acbf89,"mooneye/acceptance","mooneye/acceptance/ppu/stat_lyc_onoff.gb",crash,0
2026-07-26T20:44:18Z,4acbf89,"mooneye/acceptance","mooneye/acceptance/ppu/vblank_stat_intr-GS.gb",crash,0
2026-07-26T20:44:18Z,4acbf89,"mooneye/acceptance","mooneye/acceptance/push_timing.gb",crash,0
2026-07-26T20:44:18Z,4acbf89,"mooneye/acceptance","mooneye/acceptance/rapid_di_ei.gb",crash,0
2026-07-26T20:44:18Z,4acbf89,"mooneye/acceptance","mooneye/acceptance/ret_cc_timing.gb",crash,0
2026-07-26T20:44:18Z,4acbf89,"mooneye/acceptance","mooneye/acceptance/reti_intr_timing.gb",crash,0
2026-07-26T20:44:18Z,4acbf89,"mooneye/acceptance","mooneye/acceptance/reti_timing.gb",crash,0
2026-07-26T20:44:18Z,4acbf89,"mooneye/acceptance","mooneye/acceptance/ret_timing.gb",crash,0
2026-07-26T20:44:18Z,4acbf89,"mooneye/acceptance","mooneye/acceptance/rst_timing.gb",crash,0
2026-07-26T20:44:18Z,4acbf89,"mooneye/acceptance","mooneye/acceptance/serial/boot_sclk_align-dmgABCmgb.gb",crash,0
2026-07-26T20:44:18Z,4acbf89,"mooneye/acceptance","mooneye/acceptance/timer/div_write.gb",crash,0
2026-07-26T20:44:18Z,4acbf89,"mooneye/acceptance","mooneye/acceptance/timer/rapid_toggle.gb",crash,0
2026-07-26T20:44:18Z,4acbf89,"mooneye/acceptance","mooneye/acceptance/timer/tim00_div_trigger.gb",crash,0
2026-07-26T20:44:18Z,4acbf89,"mooneye/acceptance","mooneye/acceptance/timer/tim00.gb",crash,0
2026-07-26T20:44:18Z,4acbf89,"mooneye/acceptance","mooneye/acceptance/timer/tim01_div_trigger.gb",crash,0
2026-07-26T20:44:18Z,4acbf89,"mooneye/acceptance","mooneye/acceptance/timer/tim01.gb",crash,0
2026-07-26T20:44:18Z,4acbf89,"mooneye/acceptance","mooneye/acceptance/timer/tim10_div_trigger.gb",crash,0
2026-07-26T20:44:18Z,4acbf89,"mooneye/acceptance","mooneye/acceptance/timer/tim10.gb",crash,0
2026-07-26T20:44:18Z,4acbf89,"mooneye/acceptance","mooneye/acceptance/timer/tim11_div_trigger.gb",crash,0
2026-07-26T20:44:18Z,4acbf89,"mooneye/acceptance","mooneye/acceptance/timer/tim11.gb",crash,0
2026-07-26T20:44:18Z,4acbf89,"mooneye/acceptance","mooneye/acceptance/timer/tima_reload.gb",crash,0
2026-07-26T20:44:18Z,4acbf89,"mooneye/acceptance","mooneye/acceptance/timer/tima_write_reloading.gb",crash,0
2026-07-26T20:44:18Z,4acbf89,"mooneye/acceptance","mooneye/acceptance/timer/tma_write_reloading.gb",crash,0
2026-07-26T20:44:39Z,4acbf89,"blargg/cpu_instrs","blargg/cpu_instrs/cpu_instrs.gb",crash,5000000
2026-07-26T20:44:39Z,4acbf89,"blargg/cpu_instrs","blargg/cpu_instrs/individual/01-special.gb",fail,5000000
2026-07-26T20:44:39Z,4acbf89,"blargg/cpu_instrs","blargg/cpu_instrs/individual/02-interrupts.gb",fail,5000000
2026-07-26T20:44:39Z,4acbf89,"blargg/cpu_instrs","blargg/cpu_instrs/individual/03-op sp,hl.gb",pass,5000000
2026-07-26T20:44:39Z,4acbf89,"blargg/cpu_instrs","blargg/cpu_instrs/individual/04-op r,imm.gb",pass,5000000
2026-07-26T20:44:39Z,4acbf89,"blargg/cpu_instrs","blargg/cpu_instrs/individual/05-op rp.gb",pass,5000000
2026-07-26T20:44:39Z,4acbf89,"blargg/cpu_instrs","blargg/cpu_instrs/individual/06-ld r,r.gb",pass,5000000
2026-07-26T20:44:39Z,4acbf89,"blargg/cpu_instrs","blargg/cpu_instrs/individual/07-jr,jp,call,ret,rst.gb",pass,5000000
2026-07-26T20:44:39Z,4acbf89,"blargg/cpu_instrs","blargg/cpu_instrs/individual/08-misc instrs.gb",fail,5000000
2026-07-26T20:44:39Z,4acbf89,"blargg/cpu_instrs","blargg/cpu_instrs/individual/09-op r,r.gb",crash,5000000
2026-07-26T20:44:39Z,4acbf89,"blargg/cpu_instrs","blargg/cpu_instrs/individual/10-bit ops.gb",crash,5000000
2026-07-26T20:44:39Z,4acbf89,"blargg/cpu_instrs","blargg/cpu_instrs/individual/11-op a,(hl).gb",crash,5000000
2026-07-26T20:44:39Z,4acbf89,"blargg/dmg_sound","blargg/dmg_sound/dmg_sound.gb",crash,5000000
2026-07-26T20:44:39Z,4acbf89,"blargg/dmg_sound","blargg/dmg_sound/rom_singles/01-registers.gb",crash,5000000
2026-07-26T20:44:39Z,4acbf89,"blargg/dmg_sound","blargg/dmg_sound/rom_singles/02-len ctr.gb",crash,5000000
2026-07-26T20:44:39Z,4acbf89,"blargg/dmg_sound","blargg/dmg_sound/rom_singles/03-trigger.gb",crash,5000000
2026-07-26T20:44:39Z,4acbf89,"blargg/dmg_sound","blargg/dmg_sound/rom_singles/04-sweep.gb",crash,5000000
2026-07-26T20:44:39Z,4acbf89,"blargg/dmg_sound","blargg/dmg_sound/rom_singles/05-sweep details.gb",crash,5000000
2026-07-26T20:44:39Z,4acbf89,"blargg/dmg_sound","blargg/dmg_sound/rom_singles/06-overflow on trigger.gb",crash,5000000
2026-07-26T20:44:39Z,4acbf89,"blargg/dmg_sound","blargg/dmg_sound/rom_singles/07-len sweep period sync.gb",crash,5000000
2026-07-26T20:44:39Z,4acbf89,"blargg/dmg_sound","blargg/dmg_sound/rom_singles/08-len ctr during power.gb",crash,5000000
2026-07-26T20:44:39Z,4acbf89,"blargg/dmg_sound","blargg/dmg_sound/rom_singles/09-wave read while on.gb",crash,5000000
2026-07-26T20:44:39Z,4acbf89,"blargg/dmg_sound","blargg/dmg_sound/rom_singles/10-wave trigger while on.gb",crash,5000000
2026-07-26T20:44:39Z,4acbf89,"blargg/dmg_sound","blargg/dmg_sound/rom_singles/11-regs after power.gb",crash,5000000
2026-07-26T20:44:39Z,4acbf89,"blargg/dmg_sound","blargg/dmg_sound/rom_singles/12-wave write while on.gb",crash,5000000
2026-07-26T20:44:39Z,4acbf89,"blargg/halt_bug","blargg/halt_bug.gb",crash,5000000
2026-07-26T20:44:39Z,4acbf89,"blargg/instr_timing","blargg/instr_timing/instr_timing.gb",fail,5000000
2026-07-26T20:44:39Z,4acbf89,"blargg/interrupt_time","blargg/interrupt_time/interrupt_time.gb",crash,5000000
2026-07-26T20:44:39Z,4acbf89,"blargg/mem_timing-2","blargg/mem_timing-2/mem_timing.gb",crash,5000000
2026-07-26T20:44:39Z,4acbf89,"blargg/mem_timing-2","blargg/mem_timing-2/rom_singles/01-read_timing.gb",crash,5000000
2026-07-26T20:44:39Z,4acbf89,"blargg/mem_timing-2","blargg/mem_timing-2/rom_singles/02-write_timing.gb",crash,5000000
2026-07-26T20:44:39Z,4acbf89,"blargg/mem_timing-2","blargg/mem_timing-2/rom_singles/03-modify_timing.gb",crash,5000000
2026-07-26T20:44:39Z,4acbf89,"blargg/mem_timing","blargg/mem_timing/individual/01-read_timing.gb",crash,5000000
2026-07-26T20:44:39Z,4acbf89,"blargg/mem_timing","blargg/mem_timing/individual/02-write_timing.gb",crash,5000000
2026-07-26T20:44:47Z,4acbf89,"blargg/cpu_instrs","blargg/cpu_instrs/cpu_instrs.gb",crash,5000000
2026-07-26T20:44:47Z,4acbf89,"blargg/cpu_instrs","blargg/cpu_instrs/individual/01-special.gb",fail,5000000
2026-07-26T20:44:47Z,4acbf89,"blargg/cpu_instrs","blargg/cpu_instrs/individual/02-interrupts.gb",fail,5000000
2026-07-26T20:44:47Z,4acbf89,"blargg/cpu_instrs","blargg/cpu_instrs/individual/03-op sp,hl.gb",pass,5000000
2026-07-26T20:44:47Z,4acbf89,"blargg/cpu_instrs","blargg/cpu_instrs/individual/04-op r,imm.gb",pass,5000000
2026-07-26T20:44:47Z,4acbf89,"blargg/cpu_instrs","blargg/cpu_instrs/individual/05-op rp.gb",pass,5000000
2026-07-26T20:44:47Z,4acbf89,"blargg/cpu_instrs","blargg/cpu_instrs/individual/06-ld r,r.gb",pass,5000000
2026-07-26T20:44:47Z,4acbf89,"blargg/cpu_instrs","blargg/cpu_instrs/individual/07-jr,jp,call,ret,rst.gb",pass,5000000
2026-07-26T20:44:47Z,4acbf89,"blargg/cpu_instrs","blargg/cpu_instrs/individual/08-misc instrs.gb",fail,5000000
2026-07-26T20:44:47Z,4acbf89,"blargg/cpu_instrs","blargg/cpu_instrs/individual/09-op r,r.gb",crash,5000000
2026-07-26T20:44:47Z,4acbf89,"blargg/cpu_instrs","blargg/cpu_instrs/individual/10-bit ops.gb",crash,5000000
2026-07-26T20:44:47Z,4acbf89,"blargg/cpu_instrs","blargg/cpu_instrs/individual/11-op a,(hl).gb",crash,5000000
2026-07-26T20:44:47Z,4acbf89,"blargg/dmg_sound","blargg/dmg_sound/dmg_sound.gb",crash,5000000
2026-07-26T20:44:47Z,4acbf89,"blargg/dmg_sound","blargg/dmg_sound/rom_singles/01-registers.gb",crash,5000000
2026-07-26T20:44:47Z,4acbf89,"blargg/dmg_sound","blargg/dmg_sound/rom_singles/02-len ctr.gb",crash,5000000
2026-07-26T20:44:47Z,4acbf89,"blargg/dmg_sound","blargg/dmg_sound/rom_singles/03-trigger.gb",crash,5000000
2026-07-26T20:44:47Z,4acbf89,"blargg/dmg_sound","blargg/dmg_sound/rom_singles/04-sweep.gb",crash,5000000
2026-07-26T20:44:47Z,4acbf89,"blargg/dmg_sound","blargg/dmg_sound/rom_singles/05-sweep details.gb",crash,5000000
2026-07-26T20:44:47Z,4acbf89,"blargg/dmg_sound","blargg/dmg_sound/rom_singles/06-overflow on trigger.gb",crash,5000000
2026-07-26T20:44:47Z,4acbf89,"blargg/dmg_sound","blargg/dmg_sound/rom_singles/07-len sweep period sync.gb",crash,5000000
2026-07-26T20:44:47Z,4acbf89,"blargg/dmg_sound","blargg/dmg_sound/rom_singles/08-len ctr during power.gb",crash,5000000
2026-07-26T20:44:47Z,4acbf89,"blargg/dmg_sound","blargg/dmg_sound/rom_singles/09-wave read while on.gb",crash,5000000
2026-07-26T20:44:47Z,4acbf89,"blargg/dmg_sound","blargg/dmg_sound/rom_singles/10-wave trigger while on.gb",crash,5000000
2026-07-26T20:44:47Z,4acbf89,"blargg/dmg_sound","blargg/dmg_sound/rom_singles/11-regs after power.gb",crash,5000000
2026-07-26T20:44:47Z,4acbf89,"blargg/dmg_sound","blargg/dmg_sound/rom_singles/12-wave write while on.gb",crash,5000000
2026-07-26T20:44:47Z,4acbf89,"blargg/halt_bug","blargg/halt_bug.gb",crash,5000000
2026-07-26T20:44:47Z,4acbf89,"blargg/instr_timing","blargg/instr_timing/instr_timing.gb",fail,5000000
2026-07-26T20:44:47Z,4acbf89,"blargg/interrupt_time","blargg/interrupt_time/interrupt_time.gb",crash,5000000
2026-07-26T20:44:47Z,4acbf89,"blargg/mem_timing-2","blargg/mem_timing-2/mem_timing.gb",crash,5000000
2026-07-26T20:44:47Z,4acbf89,"blargg/mem_timing-2","blargg/mem_timing-2/rom_singles/01-read_timing.gb",crash,5000000
2026-07-26T20:44:47Z,4acbf89,"blargg/mem_timing-2","blargg/mem_timing-2/rom_singles/02-write_timing.gb",crash,5000000
2026-07-26T20:44:47Z,4acbf89,"blargg/mem_timing-2","blargg/mem_timing-2/rom_singles/03-modify_timing.gb",crash,5000000
2026-07-26T20:44:47Z,4acbf89,"blargg/mem_timing","blargg/mem_timing/individual/01-read_timing.gb",crash,5000000
2026-07-26T20:44:47Z,4acbf89,"blargg/mem_timing","blargg/mem_timing/individual/02-write_timing.gb",crash,5000000
2026-07-26T20:44:47Z,4acbf89,"blargg/mem_timing","blargg/mem_timing/individual/03-modify_timing.gb",crash,5000000
2026-07-26T20:44:47Z,4acbf89,"blargg/mem_timing","blargg/mem_timing/mem_timing.gb",crash,5000000
2026-07-26T20:44:47Z,4acbf89,"blargg/oam_bug","blargg/oam_bug/oam_bug.gb",crash,5000000
2026-07-26T20:44:47Z,4acbf89,"blargg/oam_bug","blargg/oam_bug/rom_singles/1-lcd_sync.gb",crash,5000000
2026-07-26T20:44:47Z,4acbf89,"blargg/oam_bug","blargg/oam_bug/rom_singles/2-causes.gb",crash,5000000
2026-07-26T20:44:47Z,4acbf89,"blargg/oam_bug","blargg/oam_bug/rom_singles/3-non_causes.gb",crash,5000000
2026-07-26T20:44:47Z,4acbf89,"blargg/oam_bug","blargg/oam_bug/rom_singles/4-scanline_timing.gb",crash,5000000
2026-07-26T20:44:47Z,4acbf89,"blargg/oam_bug","blargg/oam_bug/rom_singles/5-timing_bug.gb",crash,5000000
2026-07-26T20:44:47Z,4acbf89,"blargg/oam_bug","blargg/oam_bug/rom_singles/6-timing_no_bug.gb",crash,5000000
2026-07-26T20:44:47Z,4acbf89,"blargg/oam_bug","blargg/oam_bug/rom_singles/7-timing_effect.gb",crash,5000000
2026-07-26T20:44:47Z,4acbf89,"blargg/oam_bug","blargg/oam_bug/rom_singles/8-instr_effect.gb",crash,5000000
2026-07-26T20:44:47Z,4acbf89,"dmg-acid2","dmg-acid2/dmg-acid2.gb",crash,5000000
2026-07-26T20:44:47Z,4acbf89,"mooneye/acceptance","mooneye/acceptance/add_sp_e_timing.gb",crash,5000000
2026-07-26T20:44:47Z,4acbf89,"mooneye/acceptance","mooneye/acceptance/bits/mem_oam.gb",crash,5000000
2026-07-26T20:44:47Z,4acbf89,"mooneye/acceptance","mooneye/acceptance/bits/reg_f.gb",crash,5000000
2026-07-26T20:44:47Z,4acbf89,"mooneye/acceptance","mooneye/acceptance/bits/unused_hwio-GS.gb",crash,5000000
2026-07-26T20:44:47Z,4acbf89,"mooneye/acceptance-nondmg","mooneye/acceptance/boot_div2-S.gb",crash,5000000
2026-07-26T20:44:47Z,4acbf89,"mooneye/acceptance-nondmg","mooneye/acceptance/boot_div-dmg0.gb",crash,5000000
2026-07-26T20:44:47Z,4acbf89,"mooneye/acceptance","mooneye/acceptance/boot_div-dmgABCmgb.gb",crash,5000000
2026-07-26T20:44:47Z,4acbf89,"mooneye/acceptance-nondmg","mooneye/acceptance/boot_div-S.gb",crash,5000000
2026-07-26T20:44:47Z,4acbf89,"mooneye/acceptance-nondmg","mooneye/acceptance/boot_hwio-dmg0.gb",crash,5000000
2026-07-26T20:44:47Z,4acbf89,"mooneye/acceptance","mooneye/acceptance/boot_hwio-dmgABCmgb.gb",crash,5000000
2026-07-26T20:44:47Z,4acbf89,"mooneye/acceptance-nondmg","mooneye/acceptance/boot_hwio-S.gb",crash,5000000
2026-07-26T20:44:47Z,4acbf89,"mooneye/acceptance-nondmg","mooneye/acceptance/boot_regs-dmg0.gb",crash,5000000
2026-07-26T20:44:47Z,4acbf89,"mooneye/acceptance","mooneye/acceptance/boot_regs-dmgABC.gb",crash,5000000
2026-07-26T20:44:47Z,4acbf89,"mooneye/acceptance-nondmg","mooneye/acceptance/boot_regs-mgb.gb",crash,5000000
2026-07-26T20:44:47Z,4acbf89,"mooneye/acceptance-nondmg","mooneye/acceptance/boot_regs-sgb2.gb",crash,5000000
2026-07-26T20:44:47Z,4acbf89,"mooneye/acceptance-nondmg","mooneye/acceptance/boot_regs-sgb.gb",crash,5000000
2026-07-26T20:44:47Z,4acbf89,"mooneye/acceptance","mooneye/acceptance/call_cc_timing2.gb",crash,5000000
2026-07-26T20:44:47Z,4acbf89,"mooneye/acceptance","mooneye/acceptance/call_cc_timing.gb",crash,5000000
2026-07-26T20:44:47Z,4acbf89,"mooneye/acceptance","mooneye/acceptance/call_timing2.gb",crash,5000000
2026-07-26T20:44:47Z,4acbf89,"mooneye/acceptance","mooneye/acceptance/call_timing.gb",crash,5000000
2026-07-26T20:44:47Z,4acbf89,"mooneye/acceptance","mooneye/acceptance/di_timing-GS.gb",crash,5000000
2026-07-26T20:44:47Z,4acbf89,"mooneye/acceptance","mooneye/acceptance/div_timing.gb",crash,5000000
2026-07-26T20:44:47Z,4acbf89,"mooneye/acceptance","mooneye/acceptance/ei_sequence.gb",crash,5000000
2026-07-26T20:44:47Z,4acbf89,"mooneye/acceptance","mooneye/acceptance/ei_timing.gb",crash,5000000
2026-07-26T20:44:47Z,4acbf89,"mooneye/acceptance","mooneye/acceptance/halt_ime0_ei.gb",crash,24
2026-07-26T20:44:47Z,4acbf89,"mooneye/acceptance","mooneye/acceptance/halt_ime0_nointr_timing.gb",crash,5000000
2026-07-26T20:44:47Z,4acbf89,"mooneye/acceptance","mooneye/acceptance/halt_ime1_timing2-GS.gb",crash,5000000
2026-07-26T20:44:47Z,4acbf89,"mooneye/acceptance","mooneye/acceptance/halt_ime1_timing.gb",crash,24
2026-07-26T20:44:47Z,4acbf89,"mooneye/acceptance","mooneye/acceptance/if_ie_registers.gb",crash,5000000
2026-07-26T20:44:47Z,4acbf89,"mooneye/acceptance","mooneye/acceptance/instr/daa.gb",crash,5000000
2026-07-26T20:44:47Z,4acbf89,"mooneye/acceptance","mooneye/acceptance/interrupts/ie_push.gb",crash,5000000
2026-07-26T20:44:47Z,4acbf89,"mooneye/acceptance","mooneye/acceptance/intr_timing.gb",crash,5000000
2026-07-26T20:44:47Z,4acbf89,"mooneye/acceptance","mooneye/acceptance/jp_cc_timing.gb",crash,5000000
2026-07-26T20:44:47Z,4acbf89,"mooneye/acceptance","mooneye/acceptance/jp_timing.gb",crash,5000000
2026-07-26T20:44:47Z,4acbf89,"mooneye/acceptance","mooneye/acceptance/ld_hl_sp_e_timing.gb",crash,5000000
2026-07-26T20:44:47Z,4acbf89,"mooneye/acceptance","mooneye/acceptance/oam_dma/basic.gb",crash,5000000
2026-07-26T20:44:47Z,4acbf89,"mooneye/acceptance","mooneye/acceptance/oam_dma/reg_read.gb",crash,5000000
2026-07-26T20:44:47Z,4acbf89,"mooneye/acceptance","mooneye/acceptance/oam_dma_restart.gb",crash,5000000
2026-07-26T20:44:47Z,4acbf89,"mooneye/acceptance","mooneye/acceptance/oam_dma/sources-GS.gb",crash,0
2026-07-26T20:44:47Z,4acbf89,"mooneye/acceptance","mooneye/acceptance/oam_dma_start.gb",crash,5000000
2026-07-26T20:44:47Z,4acbf89,"mooneye/acceptance","mooneye/acceptance/oam_dma_timing.gb",crash,5000000
2026-07-26T20:44:47Z,4acbf89,"mooneye/acceptance","mooneye/acceptance/pop_timing.gb",crash,5000000
2026-07-26T20:44:47Z,4acbf89,"mooneye/acceptance","mooneye/acceptance/ppu/hblank_ly_scx_timing-GS.gb",crash,5000000
2026-07-26T20:44:47Z,4acbf89,"mooneye/acceptance","mooneye/acceptance/ppu/intr_1_2_timing-GS.gb",crash,5000000
2026-07-26T20:44:47Z,4acbf89,"mooneye/acceptance","mooneye/acceptance/ppu/intr_2_0_timing.gb",crash,5000000
2026-07-26T20:44:47Z,4acbf89,"mooneye/acceptance","mooneye/acceptance/ppu/intr_2_mode0_timing.gb",crash,5000000
2026-07-26T20:44:47Z,4acbf89,"mooneye/acceptance","mooneye/acceptance/ppu/intr_2_mode0_timing_sprites.gb",crash,5000000
2026-07-26T20:44:47Z,4acbf89,"mooneye/acceptance","mooneye/acceptance/ppu/intr_2_mode3_timing.gb",crash,5000000
2026-07-26T20:44:47Z,4acbf89,"mooneye/acceptance","mooneye/acceptance/ppu/intr_2_oam_ok_timing.gb",crash,5000000
2026-07-26T20:44:47Z,4acbf89,"mooneye/acceptance","mooneye/acceptance/ppu/lcdon_timing-GS.gb",crash,5000000
2026-07-26T20:44:47Z,4acbf89,"mooneye/acceptance","mooneye/acceptance/ppu/lcdon_write_timing-GS.gb",crash,5000000
2026-07-26T20:44:47Z,4acbf89,"mooneye/acceptance","mooneye/acceptance/ppu/stat_irq_blocking.gb",crash,5000000
2026-07-26T20:44:47Z,4acbf89,"mooneye/acceptance","mooneye/acceptance/ppu/stat_lyc_onoff.gb",crash,5000000
2026-07-26T20:44:47Z,4acbf89,"mooneye/acceptance","mooneye/acceptance/ppu/vblank_stat_intr-GS.gb",crash,34
2026-07-26T20:44:47Z,4acbf89,"mooneye/acceptance","mooneye/acceptance/push_timing.gb",crash,5000000
2026-07-26T20:44:47Z,4acbf89,"mooneye/acceptance","mooneye/acceptance/rapid_di_ei.gb",crash,5000000
2026-07-26T20:44:47Z,4acbf89,"mooneye/acceptance","mooneye/acceptance/ret_cc_timing.gb",crash,5000000
2026-07-26T20:44:47Z,4acbf89,"mooneye/acceptance","mooneye/acceptance/reti_intr_timing.gb",crash,5000000
2026-07-26T20:44:47Z,4acbf89,"mooneye/acceptance","mooneye/acceptance/reti_timing.gb",crash,5000000
2026-07-26T20:44:47Z,4acbf89,"mooneye/acceptance","mooneye/acceptance/ret_timing.gb",crash,5000000
2026-07-26T20:44:47Z,4acbf89,"mooneye/acceptance","mooneye/acceptance/rst_timing.gb",crash,5000000
2026-07-26T20:44:47Z,4acbf89,"mooneye/acceptance","mooneye/acceptance/serial/boot_sclk_align-dmgABCmgb.gb",crash,5000000
2026-07-26T20:44:47Z,4acbf89,"mooneye/acceptance","mooneye/acceptance/timer/div_write.gb",crash,5000000
2026-07-26T20:44:47Z,4acbf89,"mooneye/acceptance","mooneye/acceptance/timer/rapid_toggle.gb",crash,5000000
2026-07-26T20:44:47Z,4acbf89,"mooneye/acceptance","mooneye/acceptance/timer/tim00_div_trigger.gb",crash,5000000
2026-07-26T20:44:47Z,4acbf89,"mooneye/acceptance","mooneye/acceptance/timer/tim00.gb",crash,5000000
2026-07-26T20:44:47Z,4acbf89,"mooneye/acceptance","mooneye/acceptance/timer/tim01_div_trigger.gb",crash,5000000
2026-07-26T20:44:47Z,4acbf89,"mooneye/acceptance","mooneye/acceptance/timer/tim01.gb",crash,5000000
2026-07-26T20:44:47Z,4acbf89,"mooneye/acceptance","mooneye/acceptance/timer/tim10_div_trigger.gb",crash,5000000
2026-07-26T20:44:47Z,4acbf89,"mooneye/acceptance","mooneye/acceptance/timer/tim10.gb",crash,5000000
2026-07-26T20:44:47Z,4acbf89,"mooneye/acceptance","mooneye/acceptance/timer/tim11_div_trigger.gb",crash,5000000
2026-07-26T20:44:47Z,4acbf89,"mooneye/acceptance","mooneye/acceptance/timer/tim11.gb",crash,5000000
2026-07-26T20:44:47Z,4acbf89,"mooneye/acceptance","mooneye/acceptance/timer/tima_reload.gb",crash,5000000
2026-07-26T20:44:47Z,4acbf89,"mooneye/acceptance","mooneye/acceptance/timer/tima_write_reloading.gb",crash,5000000
2026-07-26T20:44:47Z,4acbf89,"mooneye/acceptance","mooneye/acceptance/timer/tma_write_reloading.gb",crash,5000000
2026-07-26T22:27:02Z,2183a8e,"blargg/cpu_instrs","blargg/cpu_instrs/cpu_instrs.gb",crash,250000000
2026-07-26T22:27:02Z,2183a8e,"blargg/cpu_instrs","blargg/cpu_instrs/individual/01-special.gb",pass,250000000
2026-07-26T22:27:02Z,2183a8e,"blargg/cpu_instrs","blargg/cpu_instrs/individual/02-interrupts.gb",fail,250000000
2026-07-26T22:27:02Z,2183a8e,"blargg/cpu_instrs","blargg/cpu_instrs/individual/03-op sp,hl.gb",pass,250000000
2026-07-26T22:27:02Z,2183a8e,"blargg/cpu_instrs","blargg/cpu_instrs/individual/04-op r,imm.gb",pass,250000000
2026-07-26T22:27:02Z,2183a8e,"blargg/cpu_instrs","blargg/cpu_instrs/individual/05-op rp.gb",pass,250000000
2026-07-26T22:27:02Z,2183a8e,"blargg/cpu_instrs","blargg/cpu_instrs/individual/06-ld r,r.gb",pass,250000000
2026-07-26T22:27:02Z,2183a8e,"blargg/cpu_instrs","blargg/cpu_instrs/individual/07-jr,jp,call,ret,rst.gb",pass,250000000
2026-07-26T22:27:02Z,2183a8e,"blargg/cpu_instrs","blargg/cpu_instrs/individual/08-misc instrs.gb",pass,250000000
2026-07-26T22:27:02Z,2183a8e,"blargg/cpu_instrs","blargg/cpu_instrs/individual/09-op r,r.gb",pass,250000000
2026-07-26T22:27:02Z,2183a8e,"blargg/cpu_instrs","blargg/cpu_instrs/individual/10-bit ops.gb",pass,250000000
2026-07-26T22:27:02Z,2183a8e,"blargg/cpu_instrs","blargg/cpu_instrs/individual/11-op a,(hl).gb",pass,250000000
2026-07-26T22:27:02Z,2183a8e,"blargg/dmg_sound","blargg/dmg_sound/dmg_sound.gb",crash,250000000
2026-07-26T22:27:02Z,2183a8e,"blargg/dmg_sound","blargg/dmg_sound/rom_singles/01-registers.gb",crash,250000000
2026-07-26T22:27:02Z,2183a8e,"blargg/dmg_sound","blargg/dmg_sound/rom_singles/02-len ctr.gb",crash,250000000
2026-07-26T22:27:02Z,2183a8e,"blargg/dmg_sound","blargg/dmg_sound/rom_singles/03-trigger.gb",crash,250000000
2026-07-26T22:27:02Z,2183a8e,"blargg/dmg_sound","blargg/dmg_sound/rom_singles/04-sweep.gb",crash,250000000
2026-07-26T22:27:02Z,2183a8e,"blargg/dmg_sound","blargg/dmg_sound/rom_singles/05-sweep details.gb",crash,250000000
2026-07-26T22:27:02Z,2183a8e,"blargg/dmg_sound","blargg/dmg_sound/rom_singles/06-overflow on trigger.gb",crash,250000000
2026-07-26T22:27:02Z,2183a8e,"blargg/dmg_sound","blargg/dmg_sound/rom_singles/07-len sweep period sync.gb",crash,250000000
2026-07-26T22:27:02Z,2183a8e,"blargg/dmg_sound","blargg/dmg_sound/rom_singles/08-len ctr during power.gb",crash,250000000
2026-07-26T22:27:02Z,2183a8e,"blargg/dmg_sound","blargg/dmg_sound/rom_singles/09-wave read while on.gb",crash,250000000
2026-07-26T22:27:02Z,2183a8e,"blargg/dmg_sound","blargg/dmg_sound/rom_singles/10-wave trigger while on.gb",crash,250000000
2026-07-26T22:27:02Z,2183a8e,"blargg/dmg_sound","blargg/dmg_sound/rom_singles/11-regs after power.gb",crash,250000000
2026-07-26T22:27:02Z,2183a8e,"blargg/dmg_sound","blargg/dmg_sound/rom_singles/12-wave write while on.gb",crash,250000000
2026-07-26T22:27:02Z,2183a8e,"blargg/halt_bug","blargg/halt_bug.gb",crash,250000000
2026-07-26T22:27:02Z,2183a8e,"blargg/instr_timing","blargg/instr_timing/instr_timing.gb",fail,250000000
2026-07-26T22:27:02Z,2183a8e,"blargg/interrupt_time","blargg/interrupt_time/interrupt_time.gb",crash,250000000
2026-07-26T22:27:02Z,2183a8e,"blargg/mem_timing-2","blargg/mem_timing-2/mem_timing.gb",crash,250000000
2026-07-26T22:27:02Z,2183a8e,"blargg/mem_timing-2","blargg/mem_timing-2/rom_singles/01-read_timing.gb",crash,250000000
2026-07-26T22:27:02Z,2183a8e,"blargg/mem_timing-2","blargg/mem_timing-2/rom_singles/02-write_timing.gb",crash,250000000
2026-07-26T22:27:02Z,2183a8e,"blargg/mem_timing-2","blargg/mem_timing-2/rom_singles/03-modify_timing.gb",crash,250000000
2026-07-26T22:27:02Z,2183a8e,"blargg/mem_timing","blargg/mem_timing/individual/01-read_timing.gb",crash,250000000
2026-07-26T22:27:02Z,2183a8e,"blargg/mem_timing","blargg/mem_timing/individual/02-write_timing.gb",crash,250000000
2026-07-26T22:27:02Z,2183a8e,"blargg/mem_timing","blargg/mem_timing/individual/03-modify_timing.gb",crash,250000000
2026-07-26T22:27:02Z,2183a8e,"blargg/mem_timing","blargg/mem_timing/mem_timing.gb",crash,250000000
2026-07-26T22:27:02Z,2183a8e,"blargg/oam_bug","blargg/oam_bug/oam_bug.gb",crash,250000000
2026-07-26T22:27:02Z,2183a8e,"blargg/oam_bug","blargg/oam_bug/rom_singles/1-lcd_sync.gb",crash,250000000
2026-07-26T22:27:02Z,2183a8e,"blargg/oam_bug","blargg/oam_bug/rom_singles/2-causes.gb",crash,250000000
2026-07-26T22:27:02Z,2183a8e,"blargg/oam_bug","blargg/oam_bug/rom_singles/3-non_causes.gb",crash,250000000
2026-07-26T22:27:02Z,2183a8e,"blargg/oam_bug","blargg/oam_bug/rom_singles/4-scanline_timing.gb",crash,250000000
2026-07-26T22:27:02Z,2183a8e,"blargg/oam_bug","blargg/oam_bug/rom_singles/5-timing_bug.gb",crash,250000000
2026-07-26T22:27:02Z,2183a8e,"blargg/oam_bug","blargg/oam_bug/rom_singles/6-timing_no_bug.gb",crash,250000000
2026-07-26T22:27:02Z,2183a8e,"blargg/oam_bug","blargg/oam_bug/rom_singles/7-timing_effect.gb",crash,250000000
2026-07-26T22:27:02Z,2183a8e,"blargg/oam_bug","blargg/oam_bug/rom_singles/8-instr_effect.gb",crash,250000000
2026-07-26T22:27:02Z,2183a8e,"dmg-acid2","dmg-acid2/dmg-acid2.gb",crash,250000000
2026-07-26T22:27:02Z,2183a8e,"mooneye/acceptance","mooneye/acceptance/add_sp_e_timing.gb",crash,250000000
2026-07-26T22:27:02Z,2183a8e,"mooneye/acceptance","mooneye/acceptance/bits/mem_oam.gb",crash,250000000
2026-07-26T22:27:02Z,2183a8e,"mooneye/acceptance","mooneye/acceptance/bits/reg_f.gb",crash,250000000
2026-07-26T22:27:02Z,2183a8e,"mooneye/acceptance","mooneye/acceptance/bits/unused_hwio-GS.gb",crash,250000000
2026-07-26T22:27:02Z,2183a8e,"mooneye/acceptance-nondmg","mooneye/acceptance/boot_div2-S.gb",crash,250000000
2026-07-26T22:27:02Z,2183a8e,"mooneye/acceptance-nondmg","mooneye/acceptance/boot_div-dmg0.gb",crash,250000000
2026-07-26T22:27:02Z,2183a8e,"mooneye/acceptance","mooneye/acceptance/boot_div-dmgABCmgb.gb",crash,250000000
2026-07-26T22:27:02Z,2183a8e,"mooneye/acceptance-nondmg","mooneye/acceptance/boot_div-S.gb",crash,250000000
2026-07-26T22:27:02Z,2183a8e,"mooneye/acceptance-nondmg","mooneye/acceptance/boot_hwio-dmg0.gb",crash,250000000
2026-07-26T22:27:02Z,2183a8e,"mooneye/acceptance","mooneye/acceptance/boot_hwio-dmgABCmgb.gb",crash,250000000
2026-07-26T22:27:02Z,2183a8e,"mooneye/acceptance-nondmg","mooneye/acceptance/boot_hwio-S.gb",crash,250000000
2026-07-26T22:27:02Z,2183a8e,"mooneye/acceptance-nondmg","mooneye/acceptance/boot_regs-dmg0.gb",crash,250000000
2026-07-26T22:27:02Z,2183a8e,"mooneye/acceptance","mooneye/acceptance/boot_regs-dmgABC.gb",crash,250000000
2026-07-26T22:27:02Z,2183a8e,"mooneye/acceptance-nondmg","mooneye/acceptance/boot_regs-mgb.gb",crash,250000000
2026-07-26T22:27:02Z,2183a8e,"mooneye/acceptance-nondmg","mooneye/acceptance/boot_regs-sgb2.gb",crash,250000000
2026-07-26T22:27:02Z,2183a8e,"mooneye/acceptance-nondmg","mooneye/acceptance/boot_regs-sgb.gb",crash,250000000
2026-07-26T22:27:02Z,2183a8e,"mooneye/acceptance","mooneye/acceptance/call_cc_timing2.gb",crash,250000000
2026-07-26T22:27:02Z,2183a8e,"mooneye/acceptance","mooneye/acceptance/call_cc_timing.gb",crash,250000000
2026-07-26T22:27:02Z,2183a8e,"mooneye/acceptance","mooneye/acceptance/call_timing2.gb",crash,250000000
2026-07-26T22:27:02Z,2183a8e,"mooneye/acceptance","mooneye/acceptance/call_timing.gb",crash,250000000
2026-07-26T22:27:02Z,2183a8e,"mooneye/acceptance","mooneye/acceptance/di_timing-GS.gb",crash,250000000
2026-07-26T22:27:02Z,2183a8e,"mooneye/acceptance","mooneye/acceptance/div_timing.gb",crash,250000000
2026-07-26T22:27:02Z,2183a8e,"mooneye/acceptance","mooneye/acceptance/ei_sequence.gb",crash,250000000
2026-07-26T22:27:02Z,2183a8e,"mooneye/acceptance","mooneye/acceptance/ei_timing.gb",crash,250000000
2026-07-26T22:27:02Z,2183a8e,"mooneye/acceptance","mooneye/acceptance/halt_ime0_ei.gb",crash,24
2026-07-26T22:27:02Z,2183a8e,"mooneye/acceptance","mooneye/acceptance/halt_ime0_nointr_timing.gb",crash,250000000
2026-07-26T22:27:02Z,2183a8e,"mooneye/acceptance","mooneye/acceptance/halt_ime1_timing2-GS.gb",crash,250000000
2026-07-26T22:27:02Z,2183a8e,"mooneye/acceptance","mooneye/acceptance/halt_ime1_timing.gb",crash,24
2026-07-26T22:27:02Z,2183a8e,"mooneye/acceptance","mooneye/acceptance/if_ie_registers.gb",crash,250000000
2026-07-26T22:27:02Z,2183a8e,"mooneye/acceptance","mooneye/acceptance/instr/daa.gb",crash,250000000
2026-07-26T22:27:02Z,2183a8e,"mooneye/acceptance","mooneye/acceptance/interrupts/ie_push.gb",crash,250000000
2026-07-26T22:27:02Z,2183a8e,"mooneye/acceptance","mooneye/acceptance/intr_timing.gb",crash,250000000
2026-07-26T22:27:02Z,2183a8e,"mooneye/acceptance","mooneye/acceptance/jp_cc_timing.gb",crash,250000000
2026-07-26T22:27:02Z,2183a8e,"mooneye/acceptance","mooneye/acceptance/jp_timing.gb",crash,250000000
2026-07-26T22:27:02Z,2183a8e,"mooneye/acceptance","mooneye/acceptance/ld_hl_sp_e_timing.gb",crash,250000000
2026-07-26T22:27:02Z,2183a8e,"mooneye/acceptance","mooneye/acceptance/oam_dma/basic.gb",crash,250000000
2026-07-26T22:27:02Z,2183a8e,"mooneye/acceptance","mooneye/acceptance/oam_dma/reg_read.gb",crash,250000000
2026-07-26T22:27:02Z,2183a8e,"mooneye/acceptance","mooneye/acceptance/oam_dma_restart.gb",crash,250000000
2026-07-26T22:27:02Z,2183a8e,"mooneye/acceptance","mooneye/acceptance/oam_dma/sources-GS.gb",crash,0
2026-07-26T22:27:02Z,2183a8e,"mooneye/acceptance","mooneye/acceptance/oam_dma_start.gb",crash,250000000
2026-07-26T22:27:02Z,2183a8e,"mooneye/acceptance","mooneye/acceptance/oam_dma_timing.gb",crash,250000000
2026-07-26T22:27:02Z,2183a8e,"mooneye/acceptance","mooneye/acceptance/pop_timing.gb",crash,250000000
2026-07-26T22:27:02Z,2183a8e,"mooneye/acceptance","mooneye/acceptance/ppu/hblank_ly_scx_timing-GS.gb",crash,250000000
2026-07-26T22:27:02Z,2183a8e,"mooneye/acceptance","mooneye/acceptance/ppu/intr_1_2_timing-GS.gb",crash,250000000
2026-07-26T22:27:02Z,2183a8e,"mooneye/acceptance","mooneye/acceptance/ppu/intr_2_0_timing.gb",crash,250000000
2026-07-26T22:27:02Z,2183a8e,"mooneye/acceptance","mooneye/acceptance/ppu/intr_2_mode0_timing.gb",crash,250000000
2026-07-26T22:27:02Z,2183a8e,"mooneye/acceptance","mooneye/acceptance/ppu/intr_2_mode0_timing_sprites.gb",crash,250000000
2026-07-26T22:27:02Z,2183a8e,"mooneye/acceptance","mooneye/acceptance/ppu/intr_2_mode3_timing.gb",crash,250000000
2026-07-26T22:27:02Z,2183a8e,"mooneye/acceptance","mooneye/acceptance/ppu/intr_2_oam_ok_timing.gb",crash,250000000
2026-07-26T22:27:02Z,2183a8e,"mooneye/acceptance","mooneye/acceptance/ppu/lcdon_timing-GS.gb",crash,250000000
2026-07-26T22:27:02Z,2183a8e,"mooneye/acceptance","mooneye/acceptance/ppu/lcdon_write_timing-GS.gb",crash,250000000
2026-07-26T22:27:02Z,2183a8e,"mooneye/acceptance","mooneye/acceptance/ppu/stat_irq_blocking.gb",crash,250000000
2026-07-26T22:27:02Z,2183a8e,"mooneye/acceptance","mooneye/acceptance/ppu/stat_lyc_onoff.gb",crash,250000000
2026-07-26T22:27:02Z,2183a8e,"mooneye/acceptance","mooneye/acceptance/ppu/vblank_stat_intr-GS.gb",crash,34
2026-07-26T22:27:02Z,2183a8e,"mooneye/acceptance","mooneye/acceptance/push_timing.gb",crash,250000000
2026-07-26T22:27:02Z,2183a8e,"mooneye/acceptance","mooneye/acceptance/rapid_di_ei.gb",crash,250000000
2026-07-26T22:27:02Z,2183a8e,"mooneye/acceptance","mooneye/acceptance/ret_cc_timing.gb",crash,250000000
2026-07-26T22:27:02Z,2183a8e,"mooneye/acceptance","mooneye/acceptance/reti_intr_timing.gb",crash,250000000
2026-07-26T22:27:02Z,2183a8e,"mooneye/acceptance","mooneye/acceptance/reti_timing.gb",crash,250000000
2026-07-26T22:27:02Z,2183a8e,"mooneye/acceptance","mooneye/acceptance/ret_timing.gb",crash,250000000
2026-07-26T22:27:02Z,2183a8e,"mooneye/acceptance","mooneye/acceptance/rst_timing.gb",crash,250000000
2026-07-26T22:27:02Z,2183a8e,"mooneye/acceptance","mooneye/acceptance/serial/boot_sclk_align-dmgABCmgb.gb",crash,250000000
2026-07-26T22:27:02Z,2183a8e,"mooneye/acceptance","mooneye/acceptance/timer/div_write.gb",crash,250000000
2026-07-26T22:27:02Z,2183a8e,"mooneye/acceptance","mooneye/acceptance/timer/rapid_toggle.gb",crash,250000000
2026-07-26T22:27:02Z,2183a8e,"mooneye/acceptance","mooneye/acceptance/timer/tim00_div_trigger.gb",crash,250000000
2026-07-26T22:27:02Z,2183a8e,"mooneye/acceptance","mooneye/acceptance/timer/tim00.gb",crash,250000000
2026-07-26T22:27:02Z,2183a8e,"mooneye/acceptance","mooneye/acceptance/timer/tim01_div_trigger.gb",crash,250000000
2026-07-26T22:27:02Z,2183a8e,"mooneye/acceptance","mooneye/acceptance/timer/tim01.gb",crash,250000000
2026-07-26T22:27:02Z,2183a8e,"mooneye/acceptance","mooneye/acceptance/timer/tim10_div_trigger.gb",crash,250000000
2026-07-26T22:27:02Z,2183a8e,"mooneye/acceptance","mooneye/acceptance/timer/tim10.gb",crash,250000000
2026-07-26T22:27:02Z,2183a8e,"mooneye/acceptance","mooneye/acceptance/timer/tim11_div_trigger.gb",crash,250000000
2026-07-26T22:27:02Z,2183a8e,"mooneye/acceptance","mooneye/acceptance/timer/tim11.gb",crash,250000000
2026-07-26T22:27:02Z,2183a8e,"mooneye/acceptance","mooneye/acceptance/timer/tima_reload.gb",crash,250000000
2026-07-26T22:27:02Z,2183a8e,"mooneye/acceptance","mooneye/acceptance/timer/tima_write_reloading.gb",crash,250000000
2026-07-26T22:27:02Z,2183a8e,"mooneye/acceptance","mooneye/acceptance/timer/tma_write_reloading.gb",crash,250000000
2026-07-26T22:47:41Z,9108eb2,"blargg/cpu_instrs","blargg/cpu_instrs/cpu_instrs.gb",crash,250000000
2026-07-26T22:47:41Z,9108eb2,"blargg/cpu_instrs","blargg/cpu_instrs/individual/01-special.gb",pass,250000000
2026-07-26T22:47:41Z,9108eb2,"blargg/cpu_instrs","blargg/cpu_instrs/individual/02-interrupts.gb",fail,250000000
2026-07-26T22:47:41Z,9108eb2,"blargg/cpu_instrs","blargg/cpu_instrs/individual/03-op sp,hl.gb",pass,250000000
2026-07-26T22:47:41Z,9108eb2,"blargg/cpu_instrs","blargg/cpu_instrs/individual/04-op r,imm.gb",pass,250000000
2026-07-26T22:47:41Z,9108eb2,"blargg/cpu_instrs","blargg/cpu_instrs/individual/05-op rp.gb",pass,250000000
2026-07-26T22:47:41Z,9108eb2,"blargg/cpu_instrs","blargg/cpu_instrs/individual/06-ld r,r.gb",pass,250000000
2026-07-26T22:47:41Z,9108eb2,"blargg/cpu_instrs","blargg/cpu_instrs/individual/07-jr,jp,call,ret,rst.gb",pass,250000000
2026-07-26T22:47:41Z,9108eb2,"blargg/cpu_instrs","blargg/cpu_instrs/individual/08-misc instrs.gb",pass,250000000
2026-07-26T22:47:41Z,9108eb2,"blargg/cpu_instrs","blargg/cpu_instrs/individual/09-op r,r.gb",pass,250000000
2026-07-26T22:47:41Z,9108eb2,"blargg/cpu_instrs","blargg/cpu_instrs/individual/10-bit ops.gb",pass,250000000
2026-07-26T22:47:41Z,9108eb2,"blargg/cpu_instrs","blargg/cpu_instrs/individual/11-op a,(hl).gb",pass,250000000
2026-07-26T22:47:41Z,9108eb2,"blargg/dmg_sound","blargg/dmg_sound/dmg_sound.gb",crash,250000000
2026-07-26T22:47:41Z,9108eb2,"blargg/dmg_sound","blargg/dmg_sound/rom_singles/01-registers.gb",crash,250000000
2026-07-26T22:47:41Z,9108eb2,"blargg/dmg_sound","blargg/dmg_sound/rom_singles/02-len ctr.gb",crash,250000000
2026-07-26T22:47:41Z,9108eb2,"blargg/dmg_sound","blargg/dmg_sound/rom_singles/03-trigger.gb",crash,250000000
2026-07-26T22:47:41Z,9108eb2,"blargg/dmg_sound","blargg/dmg_sound/rom_singles/04-sweep.gb",crash,250000000
2026-07-26T22:47:41Z,9108eb2,"blargg/dmg_sound","blargg/dmg_sound/rom_singles/05-sweep details.gb",crash,250000000
2026-07-26T22:47:41Z,9108eb2,"blargg/dmg_sound","blargg/dmg_sound/rom_singles/06-overflow on trigger.gb",crash,250000000
2026-07-26T22:47:41Z,9108eb2,"blargg/dmg_sound","blargg/dmg_sound/rom_singles/07-len sweep period sync.gb",crash,250000000
2026-07-26T22:47:41Z,9108eb2,"blargg/dmg_sound","blargg/dmg_sound/rom_singles/08-len ctr during power.gb",crash,250000000
2026-07-26T22:47:41Z,9108eb2,"blargg/dmg_sound","blargg/dmg_sound/rom_singles/09-wave read while on.gb",crash,250000000
2026-07-26T22:47:41Z,9108eb2,"blargg/dmg_sound","blargg/dmg_sound/rom_singles/10-wave trigger while on.gb",crash,250000000
2026-07-26T22:47:41Z,9108eb2,"blargg/dmg_sound","blargg/dmg_sound/rom_singles/11-regs after power.gb",crash,250000000
2026-07-26T22:47:41Z,9108eb2,"blargg/dmg_sound","blargg/dmg_sound/rom_singles/12-wave write while on.gb",crash,250000000
2026-07-26T22:47:41Z,9108eb2,"blargg/halt_bug","blargg/halt_bug.gb",crash,250000000
2026-07-26T22:47:41Z,9108eb2,"blargg/instr_timing","blargg/instr_timing/instr_timing.gb",fail,250000000
2026-07-26T22:47:41Z,9108eb2,"blargg/interrupt_time","blargg/interrupt_time/interrupt_time.gb",crash,250000000
2026-07-26T22:47:41Z,9108eb2,"blargg/mem_timing-2","blargg/mem_timing-2/mem_timing.gb",crash,250000000
2026-07-26T22:47:41Z,9108eb2,"blargg/mem_timing-2","blargg/mem_timing-2/rom_singles/01-read_timing.gb",crash,250000000
2026-07-26T22:47:41Z,9108eb2,"blargg/mem_timing-2","blargg/mem_timing-2/rom_singles/02-write_timing.gb",crash,250000000
2026-07-26T22:47:41Z,9108eb2,"blargg/mem_timing-2","blargg/mem_timing-2/rom_singles/03-modify_timing.gb",crash,250000000
2026-07-26T22:47:41Z,9108eb2,"blargg/mem_timing","blargg/mem_timing/individual/01-read_timing.gb",crash,250000000
2026-07-26T22:47:41Z,9108eb2,"blargg/mem_timing","blargg/mem_timing/individual/02-write_timing.gb",crash,250000000
2026-07-26T22:47:41Z,9108eb2,"blargg/mem_timing","blargg/mem_timing/individual/03-modify_timing.gb",crash,250000000
2026-07-26T22:47:41Z,9108eb2,"blargg/mem_timing","blargg/mem_timing/mem_timing.gb",crash,250000000
2026-07-26T22:47:41Z,9108eb2,"blargg/oam_bug","blargg/oam_bug/oam_bug.gb",crash,250000000
2026-07-26T22:47:41Z,9108eb2,"blargg/oam_bug","blargg/oam_bug/rom_singles/1-lcd_sync.gb",crash,250000000
2026-07-26T22:47:41Z,9108eb2,"blargg/oam_bug","blargg/oam_bug/rom_singles/2-causes.gb",crash,250000000
2026-07-26T22:47:41Z,9108eb2,"blargg/oam_bug","blargg/oam_bug/rom_singles/3-non_causes.gb",crash,250000000
2026-07-26T22:47:41Z,9108eb2,"blargg/oam_bug","blargg/oam_bug/rom_singles/4-scanline_timing.gb",crash,250000000
2026-07-26T22:47:41Z,9108eb2,"blargg/oam_bug","blargg/oam_bug/rom_singles/5-timing_bug.gb",crash,250000000
2026-07-26T22:47:41Z,9108eb2,"blargg/oam_bug","blargg/oam_bug/rom_singles/6-timing_no_bug.gb",crash,250000000
2026-07-26T22:47:41Z,9108eb2,"blargg/oam_bug","blargg/oam_bug/rom_singles/7-timing_effect.gb",crash,250000000
2026-07-26T22:47:41Z,9108eb2,"blargg/oam_bug","blargg/oam_bug/rom_singles/8-instr_effect.gb",crash,250000000
2026-07-26T22:47:41Z,9108eb2,"dmg-acid2","dmg-acid2/dmg-acid2.gb",crash,250000000
2026-07-26T22:47:41Z,9108eb2,"mooneye/acceptance","mooneye/acceptance/add_sp_e_timing.gb",crash,250000000
2026-07-26T22:47:41Z,9108eb2,"mooneye/acceptance","mooneye/acceptance/bits/mem_oam.gb",crash,250000000
2026-07-26T22:47:41Z,9108eb2,"mooneye/acceptance","mooneye/acceptance/bits/reg_f.gb",crash,250000000
2026-07-26T22:47:41Z,9108eb2,"mooneye/acceptance","mooneye/acceptance/bits/unused_hwio-GS.gb",crash,250000000
2026-07-26T22:47:41Z,9108eb2,"mooneye/acceptance-nondmg","mooneye/acceptance/boot_div2-S.gb",crash,250000000
2026-07-26T22:47:41Z,9108eb2,"mooneye/acceptance-nondmg","mooneye/acceptance/boot_div-dmg0.gb",crash,250000000
2026-07-26T22:47:41Z,9108eb2,"mooneye/acceptance","mooneye/acceptance/boot_div-dmgABCmgb.gb",crash,250000000
2026-07-26T22:47:41Z,9108eb2,"mooneye/acceptance-nondmg","mooneye/acceptance/boot_div-S.gb",crash,250000000
2026-07-26T22:47:41Z,9108eb2,"mooneye/acceptance-nondmg","mooneye/acceptance/boot_hwio-dmg0.gb",crash,250000000
2026-07-26T22:47:41Z,9108eb2,"mooneye/acceptance","mooneye/acceptance/boot_hwio-dmgABCmgb.gb",crash,250000000
2026-07-26T22:47:41Z,9108eb2,"mooneye/acceptance-nondmg","mooneye/acceptance/boot_hwio-S.gb",crash,250000000
2026-07-26T22:47:41Z,9108eb2,"mooneye/acceptance-nondmg","mooneye/acceptance/boot_regs-dmg0.gb",crash,250000000
2026-07-26T22:47:41Z,9108eb2,"mooneye/acceptance","mooneye/acceptance/boot_regs-dmgABC.gb",crash,250000000
2026-07-26T22:47:41Z,9108eb2,"mooneye/acceptance-nondmg","mooneye/acceptance/boot_regs-mgb.gb",crash,250000000
2026-07-26T22:47:41Z,9108eb2,"mooneye/acceptance-nondmg","mooneye/acceptance/boot_regs-sgb2.gb",crash,250000000
2026-07-26T22:47:41Z,9108eb2,"mooneye/acceptance-nondmg","mooneye/acceptance/boot_regs-sgb.gb",crash,250000000
2026-07-26T22:47:41Z,9108eb2,"mooneye/acceptance","mooneye/acceptance/call_cc_timing2.gb",crash,250000000
2026-07-26T22:47:41Z,9108eb2,"mooneye/acceptance","mooneye/acceptance/call_cc_timing.gb",crash,250000000
2026-07-26T22:47:41Z,9108eb2,"mooneye/acceptance","mooneye/acceptance/call_timing2.gb",crash,250000000
2026-07-26T22:47:41Z,9108eb2,"mooneye/acceptance","mooneye/acceptance/call_timing.gb",crash,250000000
2026-07-26T22:47:41Z,9108eb2,"mooneye/acceptance","mooneye/acceptance/di_timing-GS.gb",crash,250000000
2026-07-26T22:47:41Z,9108eb2,"mooneye/acceptance","mooneye/acceptance/div_timing.gb",crash,250000000
2026-07-26T22:47:41Z,9108eb2,"mooneye/acceptance","mooneye/acceptance/ei_sequence.gb",crash,250000000
2026-07-26T22:47:41Z,9108eb2,"mooneye/acceptance","mooneye/acceptance/ei_timing.gb",crash,250000000
2026-07-26T22:47:41Z,9108eb2,"mooneye/acceptance","mooneye/acceptance/halt_ime0_ei.gb",crash,24
2026-07-26T22:47:41Z,9108eb2,"mooneye/acceptance","mooneye/acceptance/halt_ime0_nointr_timing.gb",crash,250000000
2026-07-26T22:47:41Z,9108eb2,"mooneye/acceptance","mooneye/acceptance/halt_ime1_timing2-GS.gb",crash,250000000
2026-07-26T22:47:41Z,9108eb2,"mooneye/acceptance","mooneye/acceptance/halt_ime1_timing.gb",crash,24
2026-07-26T22:47:41Z,9108eb2,"mooneye/acceptance","mooneye/acceptance/if_ie_registers.gb",crash,250000000
2026-07-26T22:47:41Z,9108eb2,"mooneye/acceptance","mooneye/acceptance/instr/daa.gb",crash,250000000
2026-07-26T22:47:41Z,9108eb2,"mooneye/acceptance","mooneye/acceptance/interrupts/ie_push.gb",crash,250000000
2026-07-26T22:47:41Z,9108eb2,"mooneye/acceptance","mooneye/acceptance/intr_timing.gb",crash,250000000
2026-07-26T22:47:41Z,9108eb2,"mooneye/acceptance","mooneye/acceptance/jp_cc_timing.gb",crash,250000000
2026-07-26T22:47:41Z,9108eb2,"mooneye/acceptance","mooneye/acceptance/jp_timing.gb",crash,250000000
2026-07-26T22:47:41Z,9108eb2,"mooneye/acceptance","mooneye/acceptance/ld_hl_sp_e_timing.gb",crash,250000000
2026-07-26T22:47:41Z,9108eb2,"mooneye/acceptance","mooneye/acceptance/oam_dma/basic.gb",crash,250000000
2026-07-26T22:47:41Z,9108eb2,"mooneye/acceptance","mooneye/acceptance/oam_dma/reg_read.gb",crash,250000000
2026-07-26T22:47:41Z,9108eb2,"mooneye/acceptance","mooneye/acceptance/oam_dma_restart.gb",crash,250000000
2026-07-26T22:47:41Z,9108eb2,"mooneye/acceptance","mooneye/acceptance/oam_dma/sources-GS.gb",crash,0
2026-07-26T22:47:41Z,9108eb2,"mooneye/acceptance","mooneye/acceptance/oam_dma_start.gb",crash,250000000
2026-07-26T22:47:41Z,9108eb2,"mooneye/acceptance","mooneye/acceptance/oam_dma_timing.gb",crash,250000000
2026-07-26T22:47:41Z,9108eb2,"mooneye/acceptance","mooneye/acceptance/pop_timing.gb",crash,250000000
2026-07-26T22:47:41Z,9108eb2,"mooneye/acceptance","mooneye/acceptance/ppu/hblank_ly_scx_timing-GS.gb",crash,250000000
2026-07-26T22:47:41Z,9108eb2,"mooneye/acceptance","mooneye/acceptance/ppu/intr_1_2_timing-GS.gb",crash,250000000
2026-07-26T22:47:41Z,9108eb2,"mooneye/acceptance","mooneye/acceptance/ppu/intr_2_0_timing.gb",crash,250000000
2026-07-26T22:47:41Z,9108eb2,"mooneye/acceptance","mooneye/acceptance/ppu/intr_2_mode0_timing.gb",crash,250000000
2026-07-26T22:47:41Z,9108eb2,"mooneye/acceptance","mooneye/acceptance/ppu/intr_2_mode0_timing_sprites.gb",crash,250000000
2026-07-26T22:47:41Z,9108eb2,"mooneye/acceptance","mooneye/acceptance/ppu/intr_2_mode3_timing.gb",crash,250000000
2026-07-26T22:47:41Z,9108eb2,"mooneye/acceptance","mooneye/acceptance/ppu/intr_2_oam_ok_timing.gb",crash,250000000
2026-07-26T22:47:41Z,9108eb2,"mooneye/acceptance","mooneye/acceptance/ppu/lcdon_timing-GS.gb",crash,250000000
2026-07-26T22:47:41Z,9108eb2,"mooneye/acceptance","mooneye/acceptance/ppu/lcdon_write_timing-GS.gb",crash,250000000
2026-07-26T22:47:41Z,9108eb2,"mooneye/acceptance","mooneye/acceptance/ppu/stat_irq_blocking.gb",crash,250000000
2026-07-26T22:47:41Z,9108eb2,"mooneye/acceptance","mooneye/acceptance/ppu/stat_lyc_onoff.gb",crash,250000000
2026-07-26T22:47:41Z,9108eb2,"mooneye/acceptance","mooneye/acceptance/ppu/vblank_stat_intr-GS.gb",crash,34
2026-07-26T22:47:41Z,9108eb2,"mooneye/acceptance","mooneye/acceptance/push_timing.gb",crash,250000000
2026-07-26T22:47:41Z,9108eb2,"mooneye/acceptance","mooneye/acceptance/rapid_di_ei.gb",crash,250000000
2026-07-26T22:47:41Z,9108eb2,"mooneye/acceptance","mooneye/acceptance/ret_cc_timing.gb",crash,250000000
2026-07-26T22:47:41Z,9108eb2,"mooneye/acceptance","mooneye/acceptance/reti_intr_timing.gb",crash,250000000
2026-07-26T22:47:41Z,9108eb2,"mooneye/acceptance","mooneye/acceptance/reti_timing.gb",crash,250000000
2026-07-26T22:47:41Z,9108eb2,"mooneye/acceptance","mooneye/acceptance/ret_timing.gb",crash,250000000
2026-07-26T22:47:41Z,9108eb2,"mooneye/acceptance","mooneye/acceptance/rst_timing.gb",crash,250000000
2026-07-26T22:47:41Z,9108eb2,"mooneye/acceptance","mooneye/acceptance/serial/boot_sclk_align-dmgABCmgb.gb",crash,250000000
2026-07-26T22:47:41Z,9108eb2,"mooneye/acceptance","mooneye/acceptance/timer/div_write.gb",crash,250000000
2026-07-26T22:47:41Z,9108eb2,"mooneye/acceptance","mooneye/acceptance/timer/rapid_toggle.gb",crash,250000000
2026-07-26T22:47:41Z,9108eb2,"mooneye/acceptance","mooneye/acceptance/timer/tim00_div_trigger.gb",crash,250000000
2026-07-26T22:47:41Z,9108eb2,"mooneye/acceptance","mooneye/acceptance/timer/tim00.gb",crash,250000000
2026-07-26T22:47:41Z,9108eb2,"mooneye/acceptance","mooneye/acceptance/timer/tim01_div_trigger.gb",crash,250000000
2026-07-26T22:47:41Z,9108eb2,"mooneye/acceptance","mooneye/acceptance/timer/tim01.gb",crash,250000000
2026-07-26T22:47:41Z,9108eb2,"mooneye/acceptance","mooneye/acceptance/timer/tim10_div_trigger.gb",crash,250000000
2026-07-26T22:47:41Z,9108eb2,"mooneye/acceptance","mooneye/acceptance/timer/tim10.gb",crash,250000000
2026-07-26T22:47:41Z,9108eb2,"mooneye/acceptance","mooneye/acceptance/timer/tim11_div_trigger.gb",crash,250000000
2026-07-26T22:47:41Z,9108eb2,"mooneye/acceptance","mooneye/acceptance/timer/tim11.gb",crash,250000000
2026-07-26T22:47:41Z,9108eb2,"mooneye/acceptance","mooneye/acceptance/timer/tima_reload.gb",crash,250000000
2026-07-26T22:47:41Z,9108eb2,"mooneye/acceptance","mooneye/acceptance/timer/tima_write_reloading.gb",crash,250000000
2026-07-26T22:47:41Z,9108eb2,"mooneye/acceptance","mooneye/acceptance/timer/tma_write_reloading.gb",crash,250000000
2026-07-26T22:55:09Z,9108eb2,"blargg/cpu_instrs","blargg/cpu_instrs/cpu_instrs.gb",crash,250000000
2026-07-26T22:55:09Z,9108eb2,"blargg/cpu_instrs","blargg/cpu_instrs/individual/01-special.gb",pass,250000000
2026-07-26T22:55:09Z,9108eb2,"blargg/cpu_instrs","blargg/cpu_instrs/individual/02-interrupts.gb",fail,250000000
2026-07-26T22:55:09Z,9108eb2,"blargg/cpu_instrs","blargg/cpu_instrs/individual/03-op sp,hl.gb",pass,250000000
2026-07-26T22:55:09Z,9108eb2,"blargg/cpu_instrs","blargg/cpu_instrs/individual/04-op r,imm.gb",pass,250000000
2026-07-26T22:55:09Z,9108eb2,"blargg/cpu_instrs","blargg/cpu_instrs/individual/05-op rp.gb",pass,250000000
2026-07-26T22:55:09Z,9108eb2,"blargg/cpu_instrs","blargg/cpu_instrs/individual/06-ld r,r.gb",pass,250000000
2026-07-26T22:55:09Z,9108eb2,"blargg/cpu_instrs","blargg/cpu_instrs/individual/07-jr,jp,call,ret,rst.gb",pass,250000000
2026-07-26T22:55:09Z,9108eb2,"blargg/cpu_instrs","blargg/cpu_instrs/individual/08-misc instrs.gb",pass,250000000
2026-07-26T22:55:09Z,9108eb2,"blargg/cpu_instrs","blargg/cpu_instrs/individual/09-op r,r.gb",pass,250000000
2026-07-26T22:55:09Z,9108eb2,"blargg/cpu_instrs","blargg/cpu_instrs/individual/10-bit ops.gb",pass,250000000
2026-07-26T22:55:09Z,9108eb2,"blargg/cpu_instrs","blargg/cpu_instrs/individual/11-op a,(hl).gb",pass,250000000
2026-07-26T22:55:09Z,9108eb2,"blargg/dmg_sound","blargg/dmg_sound/dmg_sound.gb",crash,250000000
2026-07-26T22:55:09Z,9108eb2,"blargg/dmg_sound","blargg/dmg_sound/rom_singles/01-registers.gb",crash,250000000
2026-07-26T22:55:09Z,9108eb2,"blargg/dmg_sound","blargg/dmg_sound/rom_singles/02-len ctr.gb",crash,250000000
2026-07-26T22:55:09Z,9108eb2,"blargg/dmg_sound","blargg/dmg_sound/rom_singles/03-trigger.gb",crash,250000000
2026-07-26T22:55:09Z,9108eb2,"blargg/dmg_sound","blargg/dmg_sound/rom_singles/04-sweep.gb",crash,250000000
2026-07-26T22:55:09Z,9108eb2,"blargg/dmg_sound","blargg/dmg_sound/rom_singles/05-sweep details.gb",crash,250000000
2026-07-26T22:55:09Z,9108eb2,"blargg/dmg_sound","blargg/dmg_sound/rom_singles/06-overflow on trigger.gb",crash,250000000
2026-07-26T22:55:09Z,9108eb2,"blargg/dmg_sound","blargg/dmg_sound/rom_singles/07-len sweep period sync.gb",crash,250000000
2026-07-26T22:55:09Z,9108eb2,"blargg/dmg_sound","blargg/dmg_sound/rom_singles/08-len ctr during power.gb",crash,250000000
2026-07-26T22:55:09Z,9108eb2,"blargg/dmg_sound","blargg/dmg_sound/rom_singles/09-wave read while on.gb",crash,250000000
2026-07-26T22:55:09Z,9108eb2,"blargg/dmg_sound","blargg/dmg_sound/rom_singles/10-wave trigger while on.gb",crash,250000000
2026-07-26T22:55:09Z,9108eb2,"blargg/dmg_sound","blargg/dmg_sound/rom_singles/11-regs after power.gb",crash,250000000
2026-07-26T22:55:09Z,9108eb2,"blargg/dmg_sound","blargg/dmg_sound/rom_singles/12-wave write while on.gb",crash,250000000
2026-07-26T22:55:09Z,9108eb2,"blargg/halt_bug","blargg/halt_bug.gb",crash,250000000
2026-07-26T22:55:09Z,9108eb2,"blargg/instr_timing","blargg/instr_timing/instr_timing.gb",fail,250000000
2026-07-26T22:55:09Z,9108eb2,"blargg/interrupt_time","blargg/interrupt_time/interrupt_time.gb",crash,250000000
2026-07-26T22:55:09Z,9108eb2,"blargg/mem_timing-2","blargg/mem_timing-2/mem_timing.gb",crash,250000000
2026-07-26T22:55:09Z,9108eb2,"blargg/mem_timing-2","blargg/mem_timing-2/rom_singles/01-read_timing.gb",crash,250000000
2026-07-26T22:55:09Z,9108eb2,"blargg/mem_timing-2","blargg/mem_timing-2/rom_singles/02-write_timing.gb",crash,250000000
2026-07-26T22:55:09Z,9108eb2,"blargg/mem_timing-2","blargg/mem_timing-2/rom_singles/03-modify_timing.gb",crash,250000000
2026-07-26T22:55:09Z,9108eb2,"blargg/mem_timing","blargg/mem_timing/individual/01-read_timing.gb",crash,250000000
2026-07-26T22:55:09Z,9108eb2,"blargg/mem_timing","blargg/mem_timing/individual/02-write_timing.gb",crash,250000000
2026-07-26T22:55:09Z,9108eb2,"blargg/mem_timing","blargg/mem_timing/individual/03-modify_timing.gb",crash,250000000
2026-07-26T22:55:09Z,9108eb2,"blargg/mem_timing","blargg/mem_timing/mem_timing.gb",crash,250000000
2026-07-26T22:55:09Z,9108eb2,"blargg/oam_bug","blargg/oam_bug/oam_bug.gb",crash,250000000
2026-07-26T22:55:09Z,9108eb2,"blargg/oam_bug","blargg/oam_bug/rom_singles/1-lcd_sync.gb",crash,250000000
2026-07-26T22:55:09Z,9108eb2,"blargg/oam_bug","blargg/oam_bug/rom_singles/2-causes.gb",crash,250000000
2026-07-26T22:55:09Z,9108eb2,"blargg/oam_bug","blargg/oam_bug/rom_singles/3-non_causes.gb",crash,250000000
2026-07-26T22:55:09Z,9108eb2,"blargg/oam_bug","blargg/oam_bug/rom_singles/4-scanline_timing.gb",crash,250000000
2026-07-26T22:55:09Z,9108eb2,"blargg/oam_bug","blargg/oam_bug/rom_singles/5-timing_bug.gb",crash,250000000
2026-07-26T22:55:09Z,9108eb2,"blargg/oam_bug","blargg/oam_bug/rom_singles/6-timing_no_bug.gb",crash,250000000
2026-07-26T22:55:09Z,9108eb2,"blargg/oam_bug","blargg/oam_bug/rom_singles/7-timing_effect.gb",crash,250000000
2026-07-26T22:55:09Z,9108eb2,"blargg/oam_bug","blargg/oam_bug/rom_singles/8-instr_effect.gb",crash,250000000
2026-07-26T22:55:09Z,9108eb2,"dmg-acid2","dmg-acid2/dmg-acid2.gb",crash,250000000
2026-07-26T22:55:09Z,9108eb2,"mooneye/acceptance","mooneye/acceptance/add_sp_e_timing.gb",crash,250000000
2026-07-26T22:55:09Z,9108eb2,"mooneye/acceptance","mooneye/acceptance/bits/mem_oam.gb",crash,250000000
2026-07-26T22:55:09Z,9108eb2,"mooneye/acceptance","mooneye/acceptance/bits/reg_f.gb",crash,250000000
2026-07-26T22:55:09Z,9108eb2,"mooneye/acceptance","mooneye/acceptance/bits/unused_hwio-GS.gb",crash,250000000
2026-07-26T22:55:09Z,9108eb2,"mooneye/acceptance-nondmg","mooneye/acceptance/boot_div2-S.gb",crash,250000000
2026-07-26T22:55:09Z,9108eb2,"mooneye/acceptance-nondmg","mooneye/acceptance/boot_div-dmg0.gb",crash,250000000
2026-07-26T22:55:09Z,9108eb2,"mooneye/acceptance","mooneye/acceptance/boot_div-dmgABCmgb.gb",crash,250000000
2026-07-26T22:55:09Z,9108eb2,"mooneye/acceptance-nondmg","mooneye/acceptance/boot_div-S.gb",crash,250000000
2026-07-26T22:55:09Z,9108eb2,"mooneye/acceptance-nondmg","mooneye/acceptance/boot_hwio-dmg0.gb",crash,250000000
2026-07-26T22:55:09Z,9108eb2,"mooneye/acceptance","mooneye/acceptance/boot_hwio-dmgABCmgb.gb",crash,250000000
2026-07-26T22:55:09Z,9108eb2,"mooneye/acceptance-nondmg","mooneye/acceptance/boot_hwio-S.gb",crash,250000000
2026-07-26T22:55:09Z,9108eb2,"mooneye/acceptance-nondmg","mooneye/acceptance/boot_regs-dmg0.gb",crash,250000000
2026-07-26T22:55:09Z,9108eb2,"mooneye/acceptance","mooneye/acceptance/boot_regs-dmgABC.gb",crash,250000000
2026-07-26T22:55:09Z,9108eb2,"mooneye/acceptance-nondmg","mooneye/acceptance/boot_regs-mgb.gb",crash,250000000
2026-07-26T22:55:09Z,9108eb2,"mooneye/acceptance-nondmg","mooneye/acceptance/boot_regs-sgb2.gb",crash,250000000
2026-07-26T22:55:09Z,9108eb2,"mooneye/acceptance-nondmg","mooneye/acceptance/boot_regs-sgb.gb",crash,250000000
2026-07-26T22:55:09Z,9108eb2,"mooneye/acceptance","mooneye/acceptance/call_cc_timing2.gb",crash,250000000
2026-07-26T22:55:09Z,9108eb2,"mooneye/acceptance","mooneye/acceptance/call_cc_timing.gb",crash,250000000
2026-07-26T22:55:09Z,9108eb2,"mooneye/acceptance","mooneye/acceptance/call_timing2.gb",crash,250000000
2026-07-26T22:55:09Z,9108eb2,"mooneye/acceptance","mooneye/acceptance/call_timing.gb",crash,250000000
2026-07-26T22:55:09Z,9108eb2,"mooneye/acceptance","mooneye/acceptance/di_timing-GS.gb",crash,250000000
2026-07-26T22:55:09Z,9108eb2,"mooneye/acceptance","mooneye/acceptance/div_timing.gb",crash,250000000
2026-07-26T22:55:09Z,9108eb2,"mooneye/acceptance","mooneye/acceptance/ei_sequence.gb",crash,250000000
2026-07-26T22:55:09Z,9108eb2,"mooneye/acceptance","mooneye/acceptance/ei_timing.gb",crash,250000000
2026-07-26T22:55:09Z,9108eb2,"mooneye/acceptance","mooneye/acceptance/halt_ime0_ei.gb",crash,24
2026-07-26T22:55:09Z,9108eb2,"mooneye/acceptance","mooneye/acceptance/halt_ime0_nointr_timing.gb",crash,250000000
2026-07-26T22:55:09Z,9108eb2,"mooneye/acceptance","mooneye/acceptance/halt_ime1_timing2-GS.gb",crash,250000000
2026-07-26T22:55:09Z,9108eb2,"mooneye/acceptance","mooneye/acceptance/halt_ime1_timing.gb",crash,24
2026-07-26T22:55:09Z,9108eb2,"mooneye/acceptance","mooneye/acceptance/if_ie_registers.gb",crash,250000000
2026-07-26T22:55:09Z,9108eb2,"mooneye/acceptance","mooneye/acceptance/instr/daa.gb",crash,250000000
2026-07-26T22:55:09Z,9108eb2,"mooneye/acceptance","mooneye/acceptance/interrupts/ie_push.gb",crash,250000000
2026-07-26T22:55:09Z,9108eb2,"mooneye/acceptance","mooneye/acceptance/intr_timing.gb",crash,250000000
2026-07-26T22:55:09Z,9108eb2,"mooneye/acceptance","mooneye/acceptance/jp_cc_timing.gb",crash,250000000
2026-07-26T22:55:09Z,9108eb2,"mooneye/acceptance","mooneye/acceptance/jp_timing.gb",crash,250000000
2026-07-26T22:55:09Z,9108eb2,"mooneye/acceptance","mooneye/acceptance/ld_hl_sp_e_timing.gb",crash,250000000
2026-07-26T22:55:09Z,9108eb2,"mooneye/acceptance","mooneye/acceptance/oam_dma/basic.gb",crash,250000000
2026-07-26T22:55:09Z,9108eb2,"mooneye/acceptance","mooneye/acceptance/oam_dma/reg_read.gb",crash,250000000
2026-07-26T22:55:09Z,9108eb2,"mooneye/acceptance","mooneye/acceptance/oam_dma_restart.gb",crash,250000000
2026-07-26T22:55:09Z,9108eb2,"mooneye/acceptance","mooneye/acceptance/oam_dma/sources-GS.gb",crash,0
2026-07-26T22:55:09Z,9108eb2,"mooneye/acceptance","mooneye/acceptance/oam_dma_start.gb",crash,250000000
2026-07-26T22:55:09Z,9108eb2,"mooneye/acceptance","mooneye/acceptance/oam_dma_timing.gb",crash,250000000
2026-07-26T22:55:09Z,9108eb2,"mooneye/acceptance","mooneye/acceptance/pop_timing.gb",crash,250000000
2026-07-26T22:55:09Z,9108eb2,"mooneye/acceptance","mooneye/acceptance/ppu/hblank_ly_scx_timing-GS.gb",crash,250000000
2026-07-26T22:55:09Z,9108eb2,"mooneye/acceptance","mooneye/acceptance/ppu/intr_1_2_timing-GS.gb",crash,250000000
2026-07-26T22:55:09Z,9108eb2,"mooneye/acceptance","mooneye/acceptance/ppu/intr_2_0_timing.gb",crash,250000000
2026-07-26T22:55:09Z,9108eb2,"mooneye/acceptance","mooneye/acceptance/ppu/intr_2_mode0_timing.gb",crash,250000000
2026-07-26T22:55:09Z,9108eb2,"mooneye/acceptance","mooneye/acceptance/ppu/intr_2_mode0_timing_sprites.gb",crash,250000000
2026-07-26T22:55:09Z,9108eb2,"mooneye/acceptance","mooneye/acceptance/ppu/intr_2_mode3_timing.gb",crash,250000000
2026-07-26T22:55:09Z,9108eb2,"mooneye/acceptance","mooneye/acceptance/ppu/intr_2_oam_ok_timing.gb",crash,250000000
2026-07-26T22:55:09Z,9108eb2,"mooneye/acceptance","mooneye/acceptance/ppu/lcdon_timing-GS.gb",crash,250000000
2026-07-26T22:55:09Z,9108eb2,"mooneye/acceptance","mooneye/acceptance/ppu/lcdon_write_timing-GS.gb",crash,250000000
2026-07-26T22:55:09Z,9108eb2,"mooneye/acceptance","mooneye/acceptance/ppu/stat_irq_blocking.gb",crash,250000000
2026-07-26T22:55:09Z,9108eb2,"mooneye/acceptance","mooneye/acceptance/ppu/stat_lyc_onoff.gb",crash,250000000
2026-07-26T22:55:09Z,9108eb2,"mooneye/acceptance","mooneye/acceptance/ppu/vblank_stat_intr-GS.gb",crash,34
2026-07-26T22:55:09Z,9108eb2,"mooneye/acceptance","mooneye/acceptance/push_timing.gb",crash,250000000
2026-07-26T22:55:09Z,9108eb2,"mooneye/acceptance","mooneye/acceptance/rapid_di_ei.gb",crash,250000000
2026-07-26T22:55:09Z,9108eb2,"mooneye/acceptance","mooneye/acceptance/ret_cc_timing.gb",crash,250000000
2026-07-26T22:55:09Z,9108eb2,"mooneye/acceptance","mooneye/acceptance/reti_intr_timing.gb",crash,250000000
2026-07-26T22:55:09Z,9108eb2,"mooneye/acceptance","mooneye/acceptance/reti_timing.gb",crash,250000000
2026-07-26T22:55:09Z,9108eb2,"mooneye/acceptance","mooneye/acceptance/ret_timing.gb",crash,250000000
2026-07-26T22:55:09Z,9108eb2,"mooneye/acceptance","mooneye/acceptance/rst_timing.gb",crash,250000000
2026-07-26T22:55:09Z,9108eb2,"mooneye/acceptance","mooneye/acceptance/serial/boot_sclk_align-dmgABCmgb.gb",crash,250000000
2026-07-26T22:55:09Z,9108eb2,"mooneye/acceptance","mooneye/acceptance/timer/div_write.gb",crash,250000000
2026-07-26T22:55:09Z,9108eb2,"mooneye/acceptance","mooneye/acceptance/timer/rapid_toggle.gb",crash,250000000
2026-07-26T22:55:09Z,9108eb2,"mooneye/acceptance","mooneye/acceptance/timer/tim00_div_trigger.gb",crash,250000000
2026-07-26T22:55:09Z,9108eb2,"mooneye/acceptance","mooneye/acceptance/timer/tim00.gb",crash,250000000
2026-07-26T22:55:09Z,9108eb2,"mooneye/acceptance","mooneye/acceptance/timer/tim01_div_trigger.gb",crash,250000000
2026-07-26T22:55:09Z,9108eb2,"mooneye/acceptance","mooneye/acceptance/timer/tim01.gb",crash,250000000
2026-07-26T22:55:09Z,9108eb2,"mooneye/acceptance","mooneye/acceptance/timer/tim10_div_trigger.gb",crash,250000000
2026-07-26T22:55:09Z,9108eb2,"mooneye/acceptance","mooneye/acceptance/timer/tim10.gb",crash,250000000
2026-07-26T22:55:09Z,9108eb2,"mooneye/acceptance","mooneye/acceptance/timer/tim11_div_trigger.gb",crash,250000000
2026-07-26T22:55:09Z,9108eb2,"mooneye/acceptance","mooneye/acceptance/timer/tim11.gb",crash,250000000
2026-07-26T22:55:09Z,9108eb2,"mooneye/acceptance","mooneye/acceptance/timer/tima_reload.gb",crash,250000000
2026-07-26T22:55:09Z,9108eb2,"mooneye/acceptance","mooneye/acceptance/timer/tima_write_reloading.gb",crash,250000000
2026-07-26T22:55:09Z,9108eb2,"mooneye/acceptance","mooneye/acceptance/timer/tma_write_reloading.gb",crash,250000000
2026-07-26T23:52:52Z,37c99c0,"blargg/cpu_instrs","blargg/cpu_instrs/cpu_instrs.gb",crash,250000000
2026-07-26T23:52:52Z,37c99c0,"blargg/cpu_instrs","blargg/cpu_instrs/individual/01-special.gb",pass,250000000
2026-07-26T23:52:52Z,37c99c0,"blargg/cpu_instrs","blargg/cpu_instrs/individual/02-interrupts.gb",fail,250000000
2026-07-26T23:52:52Z,37c99c0,"blargg/cpu_instrs","blargg/cpu_instrs/individual/03-op sp,hl.gb",pass,250000000
2026-07-26T23:52:52Z,37c99c0,"blargg/cpu_instrs","blargg/cpu_instrs/individual/04-op r,imm.gb",pass,250000000
2026-07-26T23:52:52Z,37c99c0,"blargg/cpu_instrs","blargg/cpu_instrs/individual/05-op rp.gb",pass,250000000
2026-07-26T23:52:52Z,37c99c0,"blargg/cpu_instrs","blargg/cpu_instrs/individual/06-ld r,r.gb",pass,250000000
2026-07-26T23:52:52Z,37c99c0,"blargg/cpu_instrs","blargg/cpu_instrs/individual/07-jr,jp,call,ret,rst.gb",pass,250000000
2026-07-26T23:52:52Z,37c99c0,"blargg/cpu_instrs","blargg/cpu_instrs/individual/08-misc instrs.gb",pass,250000000
2026-07-26T23:52:52Z,37c99c0,"blargg/cpu_instrs","blargg/cpu_instrs/individual/09-op r,r.gb",pass,250000000
2026-07-26T23:52:52Z,37c99c0,"blargg/cpu_instrs","blargg/cpu_instrs/individual/10-bit ops.gb",pass,250000000
2026-07-26T23:52:52Z,37c99c0,"blargg/cpu_instrs","blargg/cpu_instrs/individual/11-op a,(hl).gb",pass,250000000
2026-07-26T23:52:52Z,37c99c0,"blargg/dmg_sound","blargg/dmg_sound/dmg_sound.gb",crash,250000000
2026-07-26T23:52:52Z,37c99c0,"blargg/dmg_sound","blargg/dmg_sound/rom_singles/01-registers.gb",crash,250000000
2026-07-26T23:52:52Z,37c99c0,"blargg/dmg_sound","blargg/dmg_sound/rom_singles/02-len ctr.gb",crash,250000000
2026-07-26T23:52:52Z,37c99c0,"blargg/dmg_sound","blargg/dmg_sound/rom_singles/03-trigger.gb",crash,250000000
2026-07-26T23:52:52Z,37c99c0,"blargg/dmg_sound","blargg/dmg_sound/rom_singles/04-sweep.gb",crash,250000000
2026-07-26T23:52:52Z,37c99c0,"blargg/dmg_sound","blargg/dmg_sound/rom_singles/05-sweep details.gb",crash,250000000
2026-07-26T23:52:52Z,37c99c0,"blargg/dmg_sound","blargg/dmg_sound/rom_singles/06-overflow on trigger.gb",crash,250000000
2026-07-26T23:52:52Z,37c99c0,"blargg/dmg_sound","blargg/dmg_sound/rom_singles/07-len sweep period sync.gb",crash,250000000
2026-07-26T23:52:52Z,37c99c0,"blargg/dmg_sound","blargg/dmg_sound/rom_singles/08-len ctr during power.gb",crash,250000000
2026-07-26T23:52:52Z,37c99c0,"blargg/dmg_sound","blargg/dmg_sound/rom_singles/09-wave read while on.gb",crash,250000000
2026-07-26T23:52:52Z,37c99c0,"blargg/dmg_sound","blargg/dmg_sound/rom_singles/10-wave trigger while on.gb",crash,250000000
2026-07-26T23:52:52Z,37c99c0,"blargg/dmg_sound","blargg/dmg_sound/rom_singles/11-regs after power.gb",crash,250000000
2026-07-26T23:52:52Z,37c99c0,"blargg/dmg_sound","blargg/dmg_sound/rom_singles/12-wave write while on.gb",crash,250000000
2026-07-26T23:52:52Z,37c99c0,"blargg/halt_bug","blargg/halt_bug.gb",crash,250000000
2026-07-26T23:52:52Z,37c99c0,"blargg/instr_timing","blargg/instr_timing/instr_timing.gb",fail,250000000
2026-07-26T23:52:52Z,37c99c0,"blargg/interrupt_time","blargg/interrupt_time/interrupt_time.gb",crash,250000000
2026-07-26T23:52:52Z,37c99c0,"blargg/mem_timing-2","blargg/mem_timing-2/mem_timing.gb",crash,250000000
2026-07-26T23:52:52Z,37c99c0,"blargg/mem_timing-2","blargg/mem_timing-2/rom_singles/01-read_timing.gb",crash,250000000
2026-07-26T23:52:52Z,37c99c0,"blargg/mem_timing-2","blargg/mem_timing-2/rom_singles/02-write_timing.gb",crash,250000000
2026-07-26T23:52:52Z,37c99c0,"blargg/mem_timing-2","blargg/mem_timing-2/rom_singles/03-modify_timing.gb",crash,250000000
2026-07-26T23:52:52Z,37c99c0,"blargg/mem_timing","blargg/mem_timing/individual/01-read_timing.gb",crash,250000000
2026-07-26T23:52:52Z,37c99c0,"blargg/mem_timing","blargg/mem_timing/individual/02-write_timing.gb",crash,250000000
2026-07-26T23:52:52Z,37c99c0,"blargg/mem_timing","blargg/mem_timing/individual/03-modify_timing.gb",crash,250000000
2026-07-26T23:52:52Z,37c99c0,"blargg/mem_timing","blargg/mem_timing/mem_timing.gb",crash,250000000
2026-07-26T23:52:52Z,37c99c0,"blargg/oam_bug","blargg/oam_bug/oam_bug.gb",crash,250000000
2026-07-26T23:52:52Z,37c99c0,"blargg/oam_bug","blargg/oam_bug/rom_singles/1-lcd_sync.gb",crash,250000000
2026-07-26T23:52:52Z,37c99c0,"blargg/oam_bug","blargg/oam_bug/rom_singles/2-causes.gb",crash,250000000
2026-07-26T23:52:52Z,37c99c0,"blargg/oam_bug","blargg/oam_bug/rom_singles/3-non_causes.gb",crash,250000000
2026-07-26T23:52:52Z,37c99c0,"blargg/oam_bug","blargg/oam_bug/rom_singles/4-scanline_timing.gb",crash,250000000
2026-07-26T23:52:52Z,37c99c0,"blargg/oam_bug","blargg/oam_bug/rom_singles/5-timing_bug.gb",crash,250000000
2026-07-26T23:52:52Z,37c99c0,"blargg/oam_bug","blargg/oam_bug/rom_singles/6-timing_no_bug.gb",crash,250000000
2026-07-26T23:52:52Z,37c99c0,"blargg/oam_bug","blargg/oam_bug/rom_singles/7-timing_effect.gb",crash,250000000
2026-07-26T23:52:52Z,37c99c0,"blargg/oam_bug","blargg/oam_bug/rom_singles/8-instr_effect.gb",crash,250000000
2026-07-26T23:52:52Z,37c99c0,"dmg-acid2","dmg-acid2/dmg-acid2.gb",crash,250000000
2026-07-26T23:52:52Z,37c99c0,"mooneye/acceptance","mooneye/acceptance/add_sp_e_timing.gb",crash,250000000
2026-07-26T23:52:52Z,37c99c0,"mooneye/acceptance","mooneye/acceptance/bits/mem_oam.gb",crash,250000000
2026-07-26T23:52:52Z,37c99c0,"mooneye/acceptance","mooneye/acceptance/bits/reg_f.gb",crash,250000000
2026-07-26T23:52:52Z,37c99c0,"mooneye/acceptance","mooneye/acceptance/bits/unused_hwio-GS.gb",crash,250000000
2026-07-26T23:52:52Z,37c99c0,"mooneye/acceptance-nondmg","mooneye/acceptance/boot_div2-S.gb",crash,250000000
2026-07-26T23:52:52Z,37c99c0,"mooneye/acceptance-nondmg","mooneye/acceptance/boot_div-dmg0.gb",crash,250000000
2026-07-26T23:52:52Z,37c99c0,"mooneye/acceptance","mooneye/acceptance/boot_div-dmgABCmgb.gb",crash,250000000
2026-07-26T23:52:52Z,37c99c0,"mooneye/acceptance-nondmg","mooneye/acceptance/boot_div-S.gb",crash,250000000
2026-07-26T23:52:52Z,37c99c0,"mooneye/acceptance-nondmg","mooneye/acceptance/boot_hwio-dmg0.gb",crash,250000000
2026-07-26T23:52:52Z,37c99c0,"mooneye/acceptance","mooneye/acceptance/boot_hwio-dmgABCmgb.gb",crash,250000000
2026-07-26T23:55:01Z,37c99c0,"blargg/cpu_instrs","blargg/cpu_instrs/cpu_instrs.gb",crash,250000000
2026-07-26T23:55:01Z,37c99c0,"blargg/cpu_instrs","blargg/cpu_instrs/individual/01-special.gb",pass,250000000
2026-07-26T23:55:01Z,37c99c0,"blargg/cpu_instrs","blargg/cpu_instrs/individual/02-interrupts.gb",fail,250000000
2026-07-26T23:55:01Z,37c99c0,"blargg/cpu_instrs","blargg/cpu_instrs/individual/03-op sp,hl.gb",pass,250000000
2026-07-26T23:55:01Z,37c99c0,"blargg/cpu_instrs","blargg/cpu_instrs/individual/04-op r,imm.gb",pass,250000000
2026-07-26T23:55:01Z,37c99c0,"blargg/cpu_instrs","blargg/cpu_instrs/individual/05-op rp.gb",pass,250000000
2026-07-26T23:55:01Z,37c99c0,"blargg/cpu_instrs","blargg/cpu_instrs/individual/06-ld r,r.gb",pass,250000000
2026-07-26T23:55:01Z,37c99c0,"blargg/cpu_instrs","blargg/cpu_instrs/individual/07-jr,jp,call,ret,rst.gb",pass,250000000
2026-07-26T23:55:01Z,37c99c0,"blargg/cpu_instrs","blargg/cpu_instrs/individual/08-misc instrs.gb",pass,250000000
2026-07-26T23:55:01Z,37c99c0,"blargg/cpu_instrs","blargg/cpu_instrs/individual/09-op r,r.gb",pass,250000000
2026-07-26T23:55:01Z,37c99c0,"blargg/cpu_instrs","blargg/cpu_instrs/individual/10-bit ops.gb",pass,250000000
2026-07-26T23:55:01Z,37c99c0,"blargg/cpu_instrs","blargg/cpu_instrs/individual/11-op a,(hl).gb",pass,250000000
2026-07-26T23:55:01Z,37c99c0,"blargg/dmg_sound","blargg/dmg_sound/dmg_sound.gb",crash,250000000
2026-07-26T23:55:01Z,37c99c0,"blargg/dmg_sound","blargg/dmg_sound/rom_singles/01-registers.gb",crash,250000000
2026-07-26T23:55:01Z,37c99c0,"blargg/dmg_sound","blargg/dmg_sound/rom_singles/02-len ctr.gb",crash,250000000
2026-07-26T23:55:01Z,37c99c0,"blargg/dmg_sound","blargg/dmg_sound/rom_singles/03-trigger.gb",crash,250000000
2026-07-26T23:55:01Z,37c99c0,"blargg/dmg_sound","blargg/dmg_sound/rom_singles/04-sweep.gb",crash,250000000
2026-07-26T23:55:01Z,37c99c0,"blargg/dmg_sound","blargg/dmg_sound/rom_singles/05-sweep details.gb",crash,250000000
2026-07-26T23:55:01Z,37c99c0,"blargg/dmg_sound","blargg/dmg_sound/rom_singles/06-overflow on trigger.gb",crash,250000000
2026-07-26T23:55:01Z,37c99c0,"blargg/dmg_sound","blargg/dmg_sound/rom_singles/07-len sweep period sync.gb",crash,250000000
2026-07-26T23:55:01Z,37c99c0,"blargg/dmg_sound","blargg/dmg_sound/rom_singles/08-len ctr during power.gb",crash,250000000
2026-07-26T23:55:01Z,37c99c0,"blargg/dmg_sound","blargg/dmg_sound/rom_singles/09-wave read while on.gb",crash,250000000
2026-07-26T23:55:01Z,37c99c0,"blargg/dmg_sound","blargg/dmg_sound/rom_singles/10-wave trigger while on.gb",crash,250000000
2026-07-26T23:55:01Z,37c99c0,"blargg/dmg_sound","blargg/dmg_sound/rom_singles/11-regs after power.gb",crash,250000000
2026-07-26T23:55:01Z,37c99c0,"blargg/dmg_sound","blargg/dmg_sound/rom_singles/12-wave write while on.gb",crash,250000000
2026-07-26T23:55:01Z,37c99c0,"blargg/halt_bug","blargg/halt_bug.gb",crash,250000000
2026-07-26T23:55:01Z,37c99c0,"blargg/instr_timing","blargg/instr_timing/instr_timing.gb",fail,250000000
2026-07-26T23:55:01Z,37c99c0,"blargg/interrupt_time","blargg/interrupt_time/interrupt_time.gb",crash,250000000
2026-07-26T23:55:01Z,37c99c0,"blargg/mem_timing-2","blargg/mem_timing-2/mem_timing.gb",crash,250000000
2026-07-26T23:55:01Z,37c99c0,"blargg/mem_timing-2","blargg/mem_timing-2/rom_singles/01-read_timing.gb",crash,250000000
2026-07-26T23:55:01Z,37c99c0,"blargg/mem_timing-2","blargg/mem_timing-2/rom_singles/02-write_timing.gb",crash,250000000
2026-07-26T23:55:01Z,37c99c0,"blargg/mem_timing-2","blargg/mem_timing-2/rom_singles/03-modify_timing.gb",crash,250000000
2026-07-26T23:55:01Z,37c99c0,"blargg/mem_timing","blargg/mem_timing/individual/01-read_timing.gb",crash,250000000
2026-07-26T23:55:01Z,37c99c0,"blargg/mem_timing","blargg/mem_timing/individual/02-write_timing.gb",crash,250000000
2026-07-26T23:55:01Z,37c99c0,"blargg/mem_timing","blargg/mem_timing/individual/03-modify_timing.gb",crash,250000000
2026-07-26T23:55:01Z,37c99c0,"blargg/mem_timing","blargg/mem_timing/mem_timing.gb",crash,250000000
2026-07-26T23:55:01Z,37c99c0,"blargg/oam_bug","blargg/oam_bug/oam_bug.gb",crash,250000000
2026-07-26T23:55:01Z,37c99c0,"blargg/oam_bug","blargg/oam_bug/rom_singles/1-lcd_sync.gb",crash,250000000
2026-07-26T23:55:01Z,37c99c0,"blargg/oam_bug","blargg/oam_bug/rom_singles/2-causes.gb",crash,250000000
2026-07-26T23:55:01Z,37c99c0,"blargg/oam_bug","blargg/oam_bug/rom_singles/3-non_causes.gb",crash,250000000
2026-07-26T23:55:01Z,37c99c0,"blargg/oam_bug","blargg/oam_bug/rom_singles/4-scanline_timing.gb",crash,250000000
2026-07-26T23:55:01Z,37c99c0,"blargg/oam_bug","blargg/oam_bug/rom_singles/5-timing_bug.gb",crash,250000000
2026-07-26T23:55:01Z,37c99c0,"blargg/oam_bug","blargg/oam_bug/rom_singles/6-timing_no_bug.gb",crash,250000000
2026-07-26T23:55:01Z,37c99c0,"blargg/oam_bug","blargg/oam_bug/rom_singles/7-timing_effect.gb",crash,250000000
2026-07-26T23:55:01Z,37c99c0,"blargg/oam_bug","blargg/oam_bug/rom_singles/8-instr_effect.gb",crash,250000000
2026-07-26T23:55:01Z,37c99c0,"dmg-acid2","dmg-acid2/dmg-acid2.gb",crash,250000000
2026-07-26T23:55:01Z,37c99c0,"mooneye/acceptance","mooneye/acceptance/add_sp_e_timing.gb",crash,250000000
2026-07-26T23:55:01Z,37c99c0,"mooneye/acceptance","mooneye/acceptance/bits/mem_oam.gb",crash,250000000
2026-07-26T23:55:01Z,37c99c0,"mooneye/acceptance","mooneye/acceptance/bits/reg_f.gb",crash,250000000
2026-07-26T23:55:01Z,37c99c0,"mooneye/acceptance","mooneye/acceptance/bits/unused_hwio-GS.gb",crash,250000000
2026-07-26T23:55:01Z,37c99c0,"mooneye/acceptance-nondmg","mooneye/acceptance/boot_div2-S.gb",crash,250000000
2026-07-26T23:55:01Z,37c99c0,"mooneye/acceptance-nondmg","mooneye/acceptance/boot_div-dmg0.gb",crash,250000000
2026-07-26T23:55:01Z,37c99c0,"mooneye/acceptance","mooneye/acceptance/boot_div-dmgABCmgb.gb",crash,250000000
2026-07-26T23:55:01Z,37c99c0,"mooneye/acceptance-nondmg","mooneye/acceptance/boot_div-S.gb",crash,250000000
2026-07-26T23:55:01Z,37c99c0,"mooneye/acceptance-nondmg","mooneye/acceptance/boot_hwio-dmg0.gb",crash,250000000
2026-07-26T23:55:01Z,37c99c0,"mooneye/acceptance","mooneye/acceptance/boot_hwio-dmgABCmgb.gb",crash,250000000
2026-07-26T23:55:01Z,37c99c0,"mooneye/acceptance-nondmg","mooneye/acceptance/boot_hwio-S.gb",crash,250000000
2026-07-26T23:55:01Z,37c99c0,"mooneye/acceptance-nondmg","mooneye/acceptance/boot_regs-dmg0.gb",crash,250000000
2026-07-26T23:55:01Z,37c99c0,"mooneye/acceptance","mooneye/acceptance/boot_regs-dmgABC.gb",crash,250000000
2026-07-26T23:55:01Z,37c99c0,"mooneye/acceptance-nondmg","mooneye/acceptance/boot_regs-mgb.gb",crash,250000000
2026-07-26T23:55:01Z,37c99c0,"mooneye/acceptance-nondmg","mooneye/acceptance/boot_regs-sgb2.gb",crash,250000000
2026-07-26T23:55:01Z,37c99c0,"mooneye/acceptance-nondmg","mooneye/acceptance/boot_regs-sgb.gb",crash,250000000
2026-07-26T23:55:01Z,37c99c0,"mooneye/acceptance","mooneye/acceptance/call_cc_timing2.gb",crash,250000000
2026-07-26T23:55:01Z,37c99c0,"mooneye/acceptance","mooneye/acceptance/call_cc_timing.gb",crash,250000000
2026-07-26T23:55:01Z,37c99c0,"mooneye/acceptance","mooneye/acceptance/call_timing2.gb",crash,250000000
2026-07-26T23:55:01Z,37c99c0,"mooneye/acceptance","mooneye/acceptance/call_timing.gb",crash,250000000
2026-07-26T23:55:01Z,37c99c0,"mooneye/acceptance","mooneye/acceptance/di_timing-GS.gb",crash,250000000
2026-07-26T23:55:01Z,37c99c0,"mooneye/acceptance","mooneye/acceptance/div_timing.gb",crash,250000000
2026-07-26T23:55:01Z,37c99c0,"mooneye/acceptance","mooneye/acceptance/ei_sequence.gb",crash,250000000
2026-07-26T23:55:01Z,37c99c0,"mooneye/acceptance","mooneye/acceptance/ei_timing.gb",crash,250000000
2026-07-26T23:55:01Z,37c99c0,"mooneye/acceptance","mooneye/acceptance/halt_ime0_ei.gb",crash,24
2026-07-26T23:55:01Z,37c99c0,"mooneye/acceptance","mooneye/acceptance/halt_ime0_nointr_timing.gb",crash,250000000
2026-07-26T23:55:01Z,37c99c0,"mooneye/acceptance","mooneye/acceptance/halt_ime1_timing2-GS.gb",crash,250000000
2026-07-26T23:55:01Z,37c99c0,"mooneye/acceptance","mooneye/acceptance/halt_ime1_timing.gb",crash,24
2026-07-26T23:55:01Z,37c99c0,"mooneye/acceptance","mooneye/acceptance/if_ie_registers.gb",crash,250000000
2026-07-26T23:55:01Z,37c99c0,"mooneye/acceptance","mooneye/acceptance/instr/daa.gb",crash,250000000
2026-07-26T23:55:01Z,37c99c0,"mooneye/acceptance","mooneye/acceptance/interrupts/ie_push.gb",crash,250000000
2026-07-26T23:55:01Z,37c99c0,"mooneye/acceptance","mooneye/acceptance/intr_timing.gb",crash,250000000
2026-07-26T23:55:01Z,37c99c0,"mooneye/acceptance","mooneye/acceptance/jp_cc_timing.gb",crash,250000000
2026-07-26T23:55:01Z,37c99c0,"mooneye/acceptance","mooneye/acceptance/jp_timing.gb",crash,250000000
2026-07-26T23:55:01Z,37c99c0,"mooneye/acceptance","mooneye/acceptance/ld_hl_sp_e_timing.gb",crash,250000000
2026-07-26T23:55:01Z,37c99c0,"mooneye/acceptance","mooneye/acceptance/oam_dma/basic.gb",crash,250000000
2026-07-26T23:55:01Z,37c99c0,"mooneye/acceptance","mooneye/acceptance/oam_dma/reg_read.gb",crash,250000000
2026-07-26T23:55:01Z,37c99c0,"mooneye/acceptance","mooneye/acceptance/oam_dma_restart.gb",crash,250000000
2026-07-26T23:55:01Z,37c99c0,"mooneye/acceptance","mooneye/acceptance/oam_dma/sources-GS.gb",crash,0
2026-07-26T23:55:01Z,37c99c0,"mooneye/acceptance","mooneye/acceptance/oam_dma_start.gb",crash,250000000
2026-07-26T23:55:01Z,37c99c0,"mooneye/acceptance","mooneye/acceptance/oam_dma_timing.gb",crash,250000000
2026-07-26T23:55:01Z,37c99c0,"mooneye/acceptance","mooneye/acceptance/pop_timing.gb",crash,250000000
2026-07-26T23:55:01Z,37c99c0,"mooneye/acceptance","mooneye/acceptance/ppu/hblank_ly_scx_timing-GS.gb",crash,250000000
2026-07-26T23:55:01Z,37c99c0,"mooneye/acceptance","mooneye/acceptance/ppu/intr_1_2_timing-GS.gb",crash,250000000
2026-07-26T23:55:01Z,37c99c0,"mooneye/acceptance","mooneye/acceptance/ppu/intr_2_0_timing.gb",crash,250000000
2026-07-26T23:55:01Z,37c99c0,"mooneye/acceptance","mooneye/acceptance/ppu/intr_2_mode0_timing.gb",crash,250000000
2026-07-26T23:55:01Z,37c99c0,"mooneye/acceptance","mooneye/acceptance/ppu/intr_2_mode0_timing_sprites.gb",crash,250000000
2026-07-26T23:55:01Z,37c99c0,"mooneye/acceptance","mooneye/acceptance/ppu/intr_2_mode3_timing.gb",crash,250000000
2026-07-26T23:55:01Z,37c99c0,"mooneye/acceptance","mooneye/acceptance/ppu/intr_2_oam_ok_timing.gb",crash,250000000
2026-07-26T23:55:01Z,37c99c0,"mooneye/acceptance","mooneye/acceptance/ppu/lcdon_timing-GS.gb",crash,250000000
2026-07-26T23:55:01Z,37c99c0,"mooneye/acceptance","mooneye/acceptance/ppu/lcdon_write_timing-GS.gb",crash,250000000
2026-07-26T23:55:01Z,37c99c0,"mooneye/acceptance","mooneye/acceptance/ppu/stat_irq_blocking.gb",crash,250000000
2026-07-26T23:55:01Z,37c99c0,"mooneye/acceptance","mooneye/acceptance/ppu/stat_lyc_onoff.gb",crash,250000000
2026-07-26T23:55:01Z,37c99c0,"mooneye/acceptance","mooneye/acceptance/ppu/vblank_stat_intr-GS.gb",crash,34
2026-07-26T23:55:01Z,37c99c0,"mooneye/acceptance","mooneye/acceptance/push_timing.gb",crash,250000000
2026-07-26T23:55:01Z,37c99c0,"mooneye/acceptance","mooneye/acceptance/rapid_di_ei.gb",crash,250000000
2026-07-26T23:55:01Z,37c99c0,"mooneye/acceptance","mooneye/acceptance/ret_cc_timing.gb",crash,250000000
2026-07-26T23:55:01Z,37c99c0,"mooneye/acceptance","mooneye/acceptance/reti_intr_timing.gb",crash,250000000
2026-07-26T23:55:01Z,37c99c0,"mooneye/acceptance","mooneye/acceptance/reti_timing.gb",crash,250000000
2026-07-26T23:55:01Z,37c99c0,"mooneye/acceptance","mooneye/acceptance/ret_timing.gb",crash,250000000
2026-07-26T23:55:01Z,37c99c0,"mooneye/acceptance","mooneye/acceptance/rst_timing.gb",crash,250000000
2026-07-26T23:55:01Z,37c99c0,"mooneye/acceptance","mooneye/acceptance/serial/boot_sclk_align-dmgABCmgb.gb",crash,250000000
2026-07-26T23:55:01Z,37c99c0,"mooneye/acceptance","mooneye/acceptance/timer/div_write.gb",crash,250000000
2026-07-26T23:55:01Z,37c99c0,"mooneye/acceptance","mooneye/acceptance/timer/rapid_toggle.gb",crash,250000000
2026-07-26T23:55:01Z,37c99c0,"mooneye/acceptance","mooneye/acceptance/timer/tim00_div_trigger.gb",crash,250000000
2026-07-26T23:55:01Z,37c99c0,"mooneye/acceptance","mooneye/acceptance/timer/tim00.gb",crash,250000000
2026-07-26T23:55:01Z,37c99c0,"mooneye/acceptance","mooneye/acceptance/timer/tim01_div_trigger.gb",crash,250000000
2026-07-26T23:55:01Z,37c99c0,"mooneye/acceptance","mooneye/acceptance/timer/tim01.gb",crash,250000000
2026-07-26T23:55:01Z,37c99c0,"mooneye/acceptance","mooneye/acceptance/timer/tim10_div_trigger.gb",crash,250000000
2026-07-26T23:55:01Z,37c99c0,"mooneye/acceptance","mooneye/acceptance/timer/tim10.gb",crash,250000000
2026-07-26T23:55:01Z,37c99c0,"mooneye/acceptance","mooneye/acceptance/timer/tim11_div_trigger.gb",crash,250000000
2026-07-26T23:55:01Z,37c99c0,"mooneye/acceptance","mooneye/acceptance/timer/tim11.gb",crash,250000000
2026-07-26T23:55:01Z,37c99c0,"mooneye/acceptance","mooneye/acceptance/timer/tima_reload.gb",crash,250000000
2026-07-26T23:55:01Z,37c99c0,"mooneye/acceptance","mooneye/acceptance/timer/tima_write_reloading.gb",crash,250000000
2026-07-26T23:55:01Z,37c99c0,"mooneye/acceptance","mooneye/acceptance/timer/tma_write_reloading.gb",crash,250000000
2026-07-27T00:26:20Z,8b5ae7a,"blargg/cpu_instrs","blargg/cpu_instrs/cpu_instrs.gb",pass,250000000
2026-07-27T00:26:20Z,8b5ae7a,"blargg/cpu_instrs","blargg/cpu_instrs/individual/01-special.gb",pass,250000000
2026-07-27T00:26:20Z,8b5ae7a,"blargg/cpu_instrs","blargg/cpu_instrs/individual/02-interrupts.gb",pass,250000000
2026-07-27T00:26:20Z,8b5ae7a,"blargg/cpu_instrs","blargg/cpu_instrs/individual/03-op sp,hl.gb",pass,250000000
2026-07-27T00:26:20Z,8b5ae7a,"blargg/cpu_instrs","blargg/cpu_instrs/individual/04-op r,imm.gb",pass,250000000
2026-07-27T00:26:20Z,8b5ae7a,"blargg/cpu_instrs","blargg/cpu_instrs/individual/05-op rp.gb",pass,250000000
2026-07-27T00:26:20Z,8b5ae7a,"blargg/cpu_instrs","blargg/cpu_instrs/individual/06-ld r,r.gb",pass,250000000
2026-07-27T00:26:20Z,8b5ae7a,"blargg/cpu_instrs","blargg/cpu_instrs/individual/07-jr,jp,call,ret,rst.gb",pass,250000000
2026-07-27T00:26:20Z,8b5ae7a,"blargg/cpu_instrs","blargg/cpu_instrs/individual/08-misc instrs.gb",pass,250000000
2026-07-27T00:26:20Z,8b5ae7a,"blargg/cpu_instrs","blargg/cpu_instrs/individual/09-op r,r.gb",pass,250000000
2026-07-27T00:26:20Z,8b5ae7a,"blargg/cpu_instrs","blargg/cpu_instrs/individual/10-bit ops.gb",pass,250000000
2026-07-27T00:26:20Z,8b5ae7a,"blargg/cpu_instrs","blargg/cpu_instrs/individual/11-op a,(hl).gb",pass,250000000
2026-07-27T00:26:20Z,8b5ae7a,"blargg/dmg_sound","blargg/dmg_sound/dmg_sound.gb",crash,250000000
2026-07-27T00:26:20Z,8b5ae7a,"blargg/dmg_sound","blargg/dmg_sound/rom_singles/01-registers.gb",crash,250000000
2026-07-27T00:26:20Z,8b5ae7a,"blargg/dmg_sound","blargg/dmg_sound/rom_singles/02-len ctr.gb",crash,250000000
2026-07-27T00:26:20Z,8b5ae7a,"blargg/dmg_sound","blargg/dmg_sound/rom_singles/03-trigger.gb",crash,250000000
2026-07-27T00:26:20Z,8b5ae7a,"blargg/dmg_sound","blargg/dmg_sound/rom_singles/04-sweep.gb",crash,250000000
2026-07-27T00:26:20Z,8b5ae7a,"blargg/dmg_sound","blargg/dmg_sound/rom_singles/05-sweep details.gb",crash,250000000
2026-07-27T00:26:20Z,8b5ae7a,"blargg/dmg_sound","blargg/dmg_sound/rom_singles/06-overflow on trigger.gb",crash,250000000
2026-07-27T00:26:20Z,8b5ae7a,"blargg/dmg_sound","blargg/dmg_sound/rom_singles/07-len sweep period sync.gb",crash,250000000
2026-07-27T00:26:20Z,8b5ae7a,"blargg/dmg_sound","blargg/dmg_sound/rom_singles/08-len ctr during power.gb",crash,250000000
2026-07-27T00:26:20Z,8b5ae7a,"blargg/dmg_sound","blargg/dmg_sound/rom_singles/09-wave read while on.gb",crash,250000000
2026-07-27T00:26:20Z,8b5ae7a,"blargg/dmg_sound","blargg/dmg_sound/rom_singles/10-wave trigger while on.gb",crash,250000000
2026-07-27T00:26:20Z,8b5ae7a,"blargg/dmg_sound","blargg/dmg_sound/rom_singles/11-regs after power.gb",crash,250000000
2026-07-27T00:26:20Z,8b5ae7a,"blargg/dmg_sound","blargg/dmg_sound/rom_singles/12-wave write while on.gb",crash,250000000
2026-07-27T00:26:20Z,8b5ae7a,"blargg/halt_bug","blargg/halt_bug.gb",crash,250000000
2026-07-27T00:26:20Z,8b5ae7a,"blargg/instr_timing","blargg/instr_timing/instr_timing.gb",pass,250000000
2026-07-27T00:26:20Z,8b5ae7a,"blargg/interrupt_time","blargg/interrupt_time/interrupt_time.gb",crash,250000000
2026-07-27T00:26:20Z,8b5ae7a,"blargg/mem_timing-2","blargg/mem_timing-2/mem_timing.gb",crash,250000000
2026-07-27T00:26:20Z,8b5ae7a,"blargg/mem_timing-2","blargg/mem_timing-2/rom_singles/01-read_timing.gb",crash,250000000
2026-07-27T00:26:20Z,8b5ae7a,"blargg/mem_timing-2","blargg/mem_timing-2/rom_singles/02-write_timing.gb",crash,250000000
2026-07-27T00:26:20Z,8b5ae7a,"blargg/mem_timing-2","blargg/mem_timing-2/rom_singles/03-modify_timing.gb",crash,250000000
2026-07-27T00:26:20Z,8b5ae7a,"blargg/mem_timing","blargg/mem_timing/individual/01-read_timing.gb",pass,250000000
2026-07-27T00:26:20Z,8b5ae7a,"blargg/mem_timing","blargg/mem_timing/individual/02-write_timing.gb",pass,250000000
2026-07-27T00:26:20Z,8b5ae7a,"blargg/mem_timing","blargg/mem_timing/individual/03-modify_timing.gb",pass,250000000
2026-07-27T00:26:20Z,8b5ae7a,"blargg/mem_timing","blargg/mem_timing/mem_timing.gb",pass,250000000
2026-07-27T00:26:20Z,8b5ae7a,"blargg/oam_bug","blargg/oam_bug/oam_bug.gb",crash,250000000
2026-07-27T00:26:20Z,8b5ae7a,"blargg/oam_bug","blargg/oam_bug/rom_singles/1-lcd_sync.gb",crash,250000000
2026-07-27T00:26:20Z,8b5ae7a,"blargg/oam_bug","blargg/oam_bug/rom_singles/2-causes.gb",crash,250000000
2026-07-27T00:26:20Z,8b5ae7a,"blargg/oam_bug","blargg/oam_bug/rom_singles/3-non_causes.gb",crash,250000000
2026-07-27T00:26:20Z,8b5ae7a,"blargg/oam_bug","blargg/oam_bug/rom_singles/4-scanline_timing.gb",crash,250000000
2026-07-27T00:26:20Z,8b5ae7a,"blargg/oam_bug","blargg/oam_bug/rom_singles/5-timing_bug.gb",crash,250000000
2026-07-27T00:26:20Z,8b5ae7a,"blargg/oam_bug","blargg/oam_bug/rom_singles/6-timing_no_bug.gb",crash,250000000
2026-07-27T00:26:20Z,8b5ae7a,"blargg/oam_bug","blargg/oam_bug/rom_singles/7-timing_effect.gb",crash,250000000
2026-07-27T00:26:20Z,8b5ae7a,"blargg/oam_bug","blargg/oam_bug/rom_singles/8-instr_effect.gb",crash,250000000
2026-07-27T00:26:20Z,8b5ae7a,"dmg-acid2","dmg-acid2/dmg-acid2.gb",crash,250000000
2026-07-27T00:26:20Z,8b5ae7a,"mooneye/acceptance","mooneye/acceptance/add_sp_e_timing.gb",crash,250000000
2026-07-27T00:26:20Z,8b5ae7a,"mooneye/acceptance","mooneye/acceptance/bits/mem_oam.gb",crash,250000000
2026-07-27T00:26:20Z,8b5ae7a,"mooneye/acceptance","mooneye/acceptance/bits/reg_f.gb",crash,250000000
2026-07-27T00:26:20Z,8b5ae7a,"mooneye/acceptance","mooneye/acceptance/bits/unused_hwio-GS.gb",crash,250000000
2026-07-27T00:26:20Z,8b5ae7a,"mooneye/acceptance-nondmg","mooneye/acceptance/boot_div2-S.gb",crash,250000000
2026-07-27T00:26:20Z,8b5ae7a,"mooneye/acceptance-nondmg","mooneye/acceptance/boot_div-dmg0.gb",crash,250000000
2026-07-27T00:26:20Z,8b5ae7a,"mooneye/acceptance","mooneye/acceptance/boot_div-dmgABCmgb.gb",crash,250000000
2026-07-27T00:26:20Z,8b5ae7a,"mooneye/acceptance-nondmg","mooneye/acceptance/boot_div-S.gb",crash,250000000
2026-07-27T00:26:20Z,8b5ae7a,"mooneye/acceptance-nondmg","mooneye/acceptance/boot_hwio-dmg0.gb",crash,250000000
2026-07-27T00:26:20Z,8b5ae7a,"mooneye/acceptance","mooneye/acceptance/boot_hwio-dmgABCmgb.gb",crash,250000000
2026-07-27T00:26:20Z,8b5ae7a,"mooneye/acceptance-nondmg","mooneye/acceptance/boot_hwio-S.gb",crash,250000000
2026-07-27T00:26:20Z,8b5ae7a,"mooneye/acceptance-nondmg","mooneye/acceptance/boot_regs-dmg0.gb",crash,250000000
2026-07-27T00:26:20Z,8b5ae7a,"mooneye/acceptance","mooneye/acceptance/boot_regs-dmgABC.gb",crash,250000000
2026-07-27T00:26:20Z,8b5ae7a,"mooneye/acceptance-nondmg","mooneye/acceptance/boot_regs-mgb.gb",crash,250000000
2026-07-27T00:26:20Z,8b5ae7a,"mooneye/acceptance-nondmg","mooneye/acceptance/boot_regs-sgb2.gb",crash,250000000
2026-07-27T00:26:20Z,8b5ae7a,"mooneye/acceptance-nondmg","mooneye/acceptance/boot_regs-sgb.gb",crash,250000000
2026-07-27T00:26:20Z,8b5ae7a,"mooneye/acceptance","mooneye/acceptance/call_cc_timing2.gb",crash,250000000
2026-07-27T00:26:20Z,8b5ae7a,"mooneye/acceptance","mooneye/acceptance/call_cc_timing.gb",crash,250000000
2026-07-27T00:26:20Z,8b5ae7a,"mooneye/acceptance","mooneye/acceptance/call_timing2.gb",crash,250000000
2026-07-27T00:26:20Z,8b5ae7a,"mooneye/acceptance","mooneye/acceptance/call_timing.gb",crash,250000000
2026-07-27T00:26:20Z,8b5ae7a,"mooneye/acceptance","mooneye/acceptance/di_timing-GS.gb",crash,250000000
2026-07-27T00:26:20Z,8b5ae7a,"mooneye/acceptance","mooneye/acceptance/div_timing.gb",crash,250000000
2026-07-27T00:26:20Z,8b5ae7a,"mooneye/acceptance","mooneye/acceptance/ei_sequence.gb",crash,250000000
2026-07-27T00:26:20Z,8b5ae7a,"mooneye/acceptance","mooneye/acceptance/ei_timing.gb",crash,250000000
2026-07-27T00:26:20Z,8b5ae7a,"mooneye/acceptance","mooneye/acceptance/halt_ime0_ei.gb",crash,250000000
2026-07-27T00:26:20Z,8b5ae7a,"mooneye/acceptance","mooneye/acceptance/halt_ime0_nointr_timing.gb",crash,250000000
2026-07-27T00:26:20Z,8b5ae7a,"mooneye/acceptance","mooneye/acceptance/halt_ime1_timing2-GS.gb",crash,250000000
2026-07-27T00:26:20Z,8b5ae7a,"mooneye/acceptance","mooneye/acceptance/halt_ime1_timing.gb",crash,250000000
2026-07-27T00:26:20Z,8b5ae7a,"mooneye/acceptance","mooneye/acceptance/if_ie_registers.gb",crash,250000000
2026-07-27T00:26:20Z,8b5ae7a,"mooneye/acceptance","mooneye/acceptance/instr/daa.gb",crash,250000000
2026-07-27T00:26:20Z,8b5ae7a,"mooneye/acceptance","mooneye/acceptance/interrupts/ie_push.gb",crash,250000000
2026-07-27T00:26:20Z,8b5ae7a,"mooneye/acceptance","mooneye/acceptance/intr_timing.gb",crash,250000000
2026-07-27T00:26:20Z,8b5ae7a,"mooneye/acceptance","mooneye/acceptance/jp_cc_timing.gb",crash,250000000
2026-07-27T00:26:20Z,8b5ae7a,"mooneye/acceptance","mooneye/acceptance/jp_timing.gb",crash,250000000
2026-07-27T00:26:20Z,8b5ae7a,"mooneye/acceptance","mooneye/acceptance/ld_hl_sp_e_timing.gb",crash,250000000
2026-07-27T00:26:20Z,8b5ae7a,"mooneye/acceptance","mooneye/acceptance/oam_dma/basic.gb",crash,250000000
2026-07-27T00:26:20Z,8b5ae7a,"mooneye/acceptance","mooneye/acceptance/oam_dma/reg_read.gb",crash,250000000
2026-07-27T00:26:20Z,8b5ae7a,"mooneye/acceptance","mooneye/acceptance/oam_dma_restart.gb",crash,250000000
2026-07-27T00:26:20Z,8b5ae7a,"mooneye/acceptance","mooneye/acceptance/oam_dma/sources-GS.gb",crash,0
2026-07-27T00:26:20Z,8b5ae7a,"mooneye/acceptance","mooneye/acceptance/oam_dma_start.gb",crash,250000000
2026-07-27T00:26:20Z,8b5ae7a,"mooneye/acceptance","mooneye/acceptance/oam_dma_timing.gb",crash,250000000
2026-07-27T00:26:20Z,8b5ae7a,"mooneye/acceptance","mooneye/acceptance/pop_timing.gb",crash,250000000
2026-07-27T00:26:20Z,8b5ae7a,"mooneye/acceptance","mooneye/acceptance/ppu/hblank_ly_scx_timing-GS.gb",crash,250000000
2026-07-27T00:26:20Z,8b5ae7a,"mooneye/acceptance","mooneye/acceptance/ppu/intr_1_2_timing-GS.gb",crash,250000000
2026-07-27T00:26:20Z,8b5ae7a,"mooneye/acceptance","mooneye/acceptance/ppu/intr_2_0_timing.gb",crash,250000000
2026-07-27T00:26:20Z,8b5ae7a,"mooneye/acceptance","mooneye/acceptance/ppu/intr_2_mode0_timing.gb",crash,250000000
2026-07-27T00:26:20Z,8b5ae7a,"mooneye/acceptance","mooneye/acceptance/ppu/intr_2_mode0_timing_sprites.gb",crash,250000000
2026-07-27T00:26:20Z,8b5ae7a,"mooneye/acceptance","mooneye/acceptance/ppu/intr_2_mode3_timing.gb",crash,250000000
2026-07-27T00:26:20Z,8b5ae7a,"mooneye/acceptance","mooneye/acceptance/ppu/intr_2_oam_ok_timing.gb",crash,250000000
2026-07-27T00:26:20Z,8b5ae7a,"mooneye/acceptance","mooneye/acceptance/ppu/lcdon_timing-GS.gb",crash,250000000
2026-07-27T00:26:20Z,8b5ae7a,"mooneye/acceptance","mooneye/acceptance/ppu/lcdon_write_timing-GS.gb",crash,250000000
2026-07-27T00:31:27Z,8b5ae7a,"blargg/cpu_instrs","blargg/cpu_instrs/cpu_instrs.gb",crash,50000000
2026-07-27T00:31:27Z,8b5ae7a,"blargg/cpu_instrs","blargg/cpu_instrs/individual/01-special.gb",pass,50000000
2026-07-27T00:31:27Z,8b5ae7a,"blargg/cpu_instrs","blargg/cpu_instrs/individual/02-interrupts.gb",pass,50000000
2026-07-27T00:31:27Z,8b5ae7a,"blargg/cpu_instrs","blargg/cpu_instrs/individual/03-op sp,hl.gb",pass,50000000
2026-07-27T00:31:27Z,8b5ae7a,"blargg/cpu_instrs","blargg/cpu_instrs/individual/04-op r,imm.gb",pass,50000000
2026-07-27T00:31:27Z,8b5ae7a,"blargg/cpu_instrs","blargg/cpu_instrs/individual/05-op rp.gb",pass,50000000
2026-07-27T00:31:27Z,8b5ae7a,"blargg/cpu_instrs","blargg/cpu_instrs/individual/06-ld r,r.gb",pass,50000000
2026-07-27T00:31:27Z,8b5ae7a,"blargg/cpu_instrs","blargg/cpu_instrs/individual/07-jr,jp,call,ret,rst.gb",pass,50000000
2026-07-27T00:31:27Z,8b5ae7a,"blargg/cpu_instrs","blargg/cpu_instrs/individual/08-misc instrs.gb",pass,50000000
2026-07-27T00:31:27Z,8b5ae7a,"blargg/cpu_instrs","blargg/cpu_instrs/individual/09-op r,r.gb",pass,50000000
2026-07-27T00:31:27Z,8b5ae7a,"blargg/cpu_instrs","blargg/cpu_instrs/individual/10-bit ops.gb",pass,50000000
2026-07-27T00:31:27Z,8b5ae7a,"blargg/cpu_instrs","blargg/cpu_instrs/individual/11-op a,(hl).gb",pass,50000000
2026-07-27T00:31:27Z,8b5ae7a,"blargg/dmg_sound","blargg/dmg_sound/dmg_sound.gb",crash,50000000
2026-07-27T00:31:27Z,8b5ae7a,"blargg/dmg_sound","blargg/dmg_sound/rom_singles/01-registers.gb",crash,50000000
2026-07-27T00:31:27Z,8b5ae7a,"blargg/dmg_sound","blargg/dmg_sound/rom_singles/02-len ctr.gb",crash,50000000
2026-07-27T00:31:27Z,8b5ae7a,"blargg/dmg_sound","blargg/dmg_sound/rom_singles/03-trigger.gb",crash,50000000
2026-07-27T00:31:27Z,8b5ae7a,"blargg/dmg_sound","blargg/dmg_sound/rom_singles/04-sweep.gb",crash,50000000
2026-07-27T00:31:27Z,8b5ae7a,"blargg/dmg_sound","blargg/dmg_sound/rom_singles/05-sweep details.gb",crash,50000000
2026-07-27T00:31:27Z,8b5ae7a,"blargg/dmg_sound","blargg/dmg_sound/rom_singles/06-overflow on trigger.gb",crash,50000000
2026-07-27T00:31:27Z,8b5ae7a,"blargg/dmg_sound","blargg/dmg_sound/rom_singles/07-len sweep period sync.gb",crash,50000000
2026-07-27T00:31:27Z,8b5ae7a,"blargg/dmg_sound","blargg/dmg_sound/rom_singles/08-len ctr during power.gb",crash,50000000
2026-07-27T00:31:27Z,8b5ae7a,"blargg/dmg_sound","blargg/dmg_sound/rom_singles/09-wave read while on.gb",crash,50000000
2026-07-27T00:31:27Z,8b5ae7a,"blargg/dmg_sound","blargg/dmg_sound/rom_singles/10-wave trigger while on.gb",crash,50000000
2026-07-27T00:31:27Z,8b5ae7a,"blargg/dmg_sound","blargg/dmg_sound/rom_singles/11-regs after power.gb",crash,50000000
2026-07-27T00:31:27Z,8b5ae7a,"blargg/dmg_sound","blargg/dmg_sound/rom_singles/12-wave write while on.gb",crash,50000000
2026-07-27T00:31:27Z,8b5ae7a,"blargg/halt_bug","blargg/halt_bug.gb",crash,50000000
2026-07-27T00:31:27Z,8b5ae7a,"blargg/instr_timing","blargg/instr_timing/instr_timing.gb",pass,50000000
2026-07-27T00:31:27Z,8b5ae7a,"blargg/interrupt_time","blargg/interrupt_time/interrupt_time.gb",crash,50000000
2026-07-27T00:31:27Z,8b5ae7a,"blargg/mem_timing-2","blargg/mem_timing-2/mem_timing.gb",crash,50000000
2026-07-27T00:31:27Z,8b5ae7a,"blargg/mem_timing-2","blargg/mem_timing-2/rom_singles/01-read_timing.gb",crash,50000000
2026-07-27T00:31:27Z,8b5ae7a,"blargg/mem_timing-2","blargg/mem_timing-2/rom_singles/02-write_timing.gb",crash,50000000
2026-07-27T00:31:27Z,8b5ae7a,"blargg/mem_timing-2","blargg/mem_timing-2/rom_singles/03-modify_timing.gb",crash,50000000
2026-07-27T00:31:27Z,8b5ae7a,"blargg/mem_timing","blargg/mem_timing/individual/01-read_timing.gb",pass,50000000
2026-07-27T00:31:27Z,8b5ae7a,"blargg/mem_timing","blargg/mem_timing/individual/02-write_timing.gb",pass,50000000
2026-07-27T00:31:27Z,8b5ae7a,"blargg/mem_timing","blargg/mem_timing/individual/03-modify_timing.gb",pass,50000000
2026-07-27T00:31:27Z,8b5ae7a,"blargg/mem_timing","blargg/mem_timing/mem_timing.gb",pass,50000000
2026-07-27T00:31:27Z,8b5ae7a,"blargg/oam_bug","blargg/oam_bug/oam_bug.gb",crash,50000000
2026-07-27T00:31:27Z,8b5ae7a,"blargg/oam_bug","blargg/oam_bug/rom_singles/1-lcd_sync.gb",crash,50000000
2026-07-27T00:31:27Z,8b5ae7a,"blargg/oam_bug","blargg/oam_bug/rom_singles/2-causes.gb",crash,50000000
2026-07-27T00:31:27Z,8b5ae7a,"blargg/oam_bug","blargg/oam_bug/rom_singles/3-non_causes.gb",crash,50000000
2026-07-27T00:31:27Z,8b5ae7a,"blargg/oam_bug","blargg/oam_bug/rom_singles/4-scanline_timing.gb",crash,50000000
2026-07-27T00:31:27Z,8b5ae7a,"blargg/oam_bug","blargg/oam_bug/rom_singles/5-timing_bug.gb",crash,50000000
2026-07-27T00:31:27Z,8b5ae7a,"blargg/oam_bug","blargg/oam_bug/rom_singles/6-timing_no_bug.gb",crash,50000000
2026-07-27T00:31:27Z,8b5ae7a,"blargg/oam_bug","blargg/oam_bug/rom_singles/7-timing_effect.gb",crash,50000000
2026-07-27T00:31:27Z,8b5ae7a,"blargg/oam_bug","blargg/oam_bug/rom_singles/8-instr_effect.gb",crash,50000000
2026-07-27T00:31:27Z,8b5ae7a,"dmg-acid2","dmg-acid2/dmg-acid2.gb",crash,50000000
2026-07-27T00:31:27Z,8b5ae7a,"mooneye/acceptance","mooneye/acceptance/add_sp_e_timing.gb",crash,50000000
2026-07-27T00:31:27Z,8b5ae7a,"mooneye/acceptance","mooneye/acceptance/bits/mem_oam.gb",crash,50000000
2026-07-27T00:31:27Z,8b5ae7a,"mooneye/acceptance","mooneye/acceptance/bits/reg_f.gb",crash,50000000
2026-07-27T00:31:27Z,8b5ae7a,"mooneye/acceptance","mooneye/acceptance/bits/unused_hwio-GS.gb",crash,50000000
2026-07-27T00:31:27Z,8b5ae7a,"mooneye/acceptance-nondmg","mooneye/acceptance/boot_div2-S.gb",crash,50000000
2026-07-27T00:31:27Z,8b5ae7a,"mooneye/acceptance-nondmg","mooneye/acceptance/boot_div-dmg0.gb",crash,50000000
2026-07-27T00:31:27Z,8b5ae7a,"mooneye/acceptance","mooneye/acceptance/boot_div-dmgABCmgb.gb",crash,50000000
2026-07-27T00:31:27Z,8b5ae7a,"mooneye/acceptance-nondmg","mooneye/acceptance/boot_div-S.gb",crash,50000000
2026-07-27T00:31:27Z,8b5ae7a,"mooneye/acceptance-nondmg","mooneye/acceptance/boot_hwio-dmg0.gb",crash,50000000
2026-07-27T00:31:27Z,8b5ae7a,"mooneye/acceptance","mooneye/acceptance/boot_hwio-dmgABCmgb.gb",crash,50000000
2026-07-27T00:31:27Z,8b5ae7a,"mooneye/acceptance-nondmg","mooneye/acceptance/boot_hwio-S.gb",crash,50000000
2026-07-27T00:31:27Z,8b5ae7a,"mooneye/acceptance-nondmg","mooneye/acceptance/boot_regs-dmg0.gb",crash,50000000
2026-07-27T00:31:27Z,8b5ae7a,"mooneye/acceptance","mooneye/acceptance/boot_regs-dmgABC.gb",crash,50000000
2026-07-27T00:31:27Z,8b5ae7a,"mooneye/acceptance-nondmg","mooneye/acceptance/boot_regs-mgb.gb",crash,50000000
2026-07-27T00:31:27Z,8b5ae7a,"mooneye/acceptance-nondmg","mooneye/acceptance/boot_regs-sgb2.gb",crash,50000000
2026-07-27T00:31:27Z,8b5ae7a,"mooneye/acceptance-nondmg","mooneye/acceptance/boot_regs-sgb.gb",crash,50000000
2026-07-27T00:31:27Z,8b5ae7a,"mooneye/acceptance","mooneye/acceptance/call_cc_timing2.gb",crash,50000000
2026-07-27T00:31:27Z,8b5ae7a,"mooneye/acceptance","mooneye/acceptance/call_cc_timing.gb",crash,50000000
2026-07-27T00:31:27Z,8b5ae7a,"mooneye/acceptance","mooneye/acceptance/call_timing2.gb",crash,50000000
2026-07-27T00:31:27Z,8b5ae7a,"mooneye/acceptance","mooneye/acceptance/call_timing.gb",crash,50000000
2026-07-27T00:31:27Z,8b5ae7a,"mooneye/acceptance","mooneye/acceptance/di_timing-GS.gb",crash,50000000
2026-07-27T00:31:27Z,8b5ae7a,"mooneye/acceptance","mooneye/acceptance/div_timing.gb",crash,50000000
2026-07-27T00:31:27Z,8b5ae7a,"mooneye/acceptance","mooneye/acceptance/ei_sequence.gb",crash,50000000
2026-07-27T00:31:27Z,8b5ae7a,"mooneye/acceptance","mooneye/acceptance/ei_timing.gb",crash,50000000
2026-07-27T00:31:27Z,8b5ae7a,"mooneye/acceptance","mooneye/acceptance/halt_ime0_ei.gb",crash,50000000
2026-07-27T00:31:27Z,8b5ae7a,"mooneye/acceptance","mooneye/acceptance/halt_ime0_nointr_timing.gb",crash,50000000
2026-07-27T00:31:27Z,8b5ae7a,"mooneye/acceptance","mooneye/acceptance/halt_ime1_timing2-GS.gb",crash,50000000
2026-07-27T00:31:27Z,8b5ae7a,"mooneye/acceptance","mooneye/acceptance/halt_ime1_timing.gb",crash,50000000
2026-07-27T00:31:27Z,8b5ae7a,"mooneye/acceptance","mooneye/acceptance/if_ie_registers.gb",crash,50000000
2026-07-27T00:31:27Z,8b5ae7a,"mooneye/acceptance","mooneye/acceptance/instr/daa.gb",crash,50000000
2026-07-27T00:31:27Z,8b5ae7a,"mooneye/acceptance","mooneye/acceptance/interrupts/ie_push.gb",crash,50000000
2026-07-27T00:31:27Z,8b5ae7a,"mooneye/acceptance","mooneye/acceptance/intr_timing.gb",crash,50000000
2026-07-27T00:31:27Z,8b5ae7a,"mooneye/acceptance","mooneye/acceptance/jp_cc_timing.gb",crash,50000000
2026-07-27T00:31:27Z,8b5ae7a,"mooneye/acceptance","mooneye/acceptance/jp_timing.gb",crash,50000000
2026-07-27T00:31:27Z,8b5ae7a,"mooneye/acceptance","mooneye/acceptance/ld_hl_sp_e_timing.gb",crash,50000000
2026-07-27T00:31:27Z,8b5ae7a,"mooneye/acceptance","mooneye/acceptance/oam_dma/basic.gb",crash,50000000
2026-07-27T00:31:27Z,8b5ae7a,"mooneye/acceptance","mooneye/acceptance/oam_dma/reg_read.gb",crash,50000000
2026-07-27T00:31:27Z,8b5ae7a,"mooneye/acceptance","mooneye/acceptance/oam_dma_restart.gb",crash,50000000
2026-07-27T00:31:27Z,8b5ae7a,"mooneye/acceptance","mooneye/acceptance/oam_dma/sources-GS.gb",crash,0
2026-07-27T00:31:27Z,8b5ae7a,"mooneye/acceptance","mooneye/acceptance/oam_dma_start.gb",crash,50000000
2026-07-27T00:31:27Z,8b5ae7a,"mooneye/acceptance","mooneye/acceptance/oam_dma_timing.gb",crash,50000000
2026-07-27T00:31:27Z,8b5ae7a,"mooneye/acceptance","mooneye/acceptance/pop_timing.gb",crash,50000000
2026-07-27T00:31:27Z,8b5ae7a,"mooneye/acceptance","mooneye/acceptance/ppu/hblank_ly_scx_timing-GS.gb",crash,50000000
2026-07-27T00:31:27Z,8b5ae7a,"mooneye/acceptance","mooneye/acceptance/ppu/intr_1_2_timing-GS.gb",crash,50000000
2026-07-27T00:31:27Z,8b5ae7a,"mooneye/acceptance","mooneye/acceptance/ppu/intr_2_0_timing.gb",crash,50000000
2026-07-27T00:31:27Z,8b5ae7a,"mooneye/acceptance","mooneye/acceptance/ppu/intr_2_mode0_timing.gb",crash,50000000
2026-07-27T00:31:27Z,8b5ae7a,"mooneye/acceptance","mooneye/acceptance/ppu/intr_2_mode0_timing_sprites.gb",crash,50000000
2026-07-27T00:31:27Z,8b5ae7a,"mooneye/acceptance","mooneye/acceptance/ppu/intr_2_mode3_timing.gb",crash,50000000
2026-07-27T00:31:27Z,8b5ae7a,"mooneye/acceptance","mooneye/acceptance/ppu/intr_2_oam_ok_timing.gb",crash,50000000
2026-07-27T00:31:27Z,8b5ae7a,"mooneye/acceptance","mooneye/acceptance/ppu/lcdon_timing-GS.gb",crash,50000000
2026-07-27T00:31:27Z,8b5ae7a,"mooneye/acceptance","mooneye/acceptance/ppu/lcdon_write_timing-GS.gb",crash,50000000
2026-07-27T00:31:27Z,8b5ae7a,"mooneye/acceptance","mooneye/acceptance/ppu/stat_irq_blocking.gb",crash,50000000
2026-07-27T00:31:27Z,8b5ae7a,"mooneye/acceptance","mooneye/acceptance/ppu/stat_lyc_onoff.gb",crash,50000000
2026-07-27T00:31:27Z,8b5ae7a,"mooneye/acceptance","mooneye/acceptance/ppu/vblank_stat_intr-GS.gb",crash,50000000
2026-07-27T00:31:27Z,8b5ae7a,"mooneye/acceptance","mooneye/acceptance/push_timing.gb",crash,50000000
2026-07-27T00:31:27Z,8b5ae7a,"mooneye/acceptance","mooneye/acceptance/rapid_di_ei.gb",crash,50000000
2026-07-27T00:31:27Z,8b5ae7a,"mooneye/acceptance","mooneye/acceptance/ret_cc_timing.gb",crash,50000000
2026-07-27T00:31:27Z,8b5ae7a,"mooneye/acceptance","mooneye/acceptance/reti_intr_timing.gb",crash,50000000
2026-07-27T00:31:27Z,8b5ae7a,"mooneye/acceptance","mooneye/acceptance/reti_timing.gb",crash,50000000
2026-07-27T00:31:27Z,8b5ae7a,"mooneye/acceptance","mooneye/acceptance/ret_timing.gb",crash,50000000
2026-07-27T00:31:27Z,8b5ae7a,"mooneye/acceptance","mooneye/acceptance/rst_timing.gb",crash,50000000
2026-07-27T00:31:27Z,8b5ae7a,"mooneye/acceptance","mooneye/acceptance/serial/boot_sclk_align-dmgABCmgb.gb",crash,50000000
2026-07-27T00:31:27Z,8b5ae7a,"mooneye/acceptance","mooneye/acceptance/timer/div_write.gb",crash,50000000
2026-07-27T00:31:27Z,8b5ae7a,"mooneye/acceptance","mooneye/acceptance/timer/rapid_toggle.gb",crash,50000000
2026-07-27T00:31:27Z,8b5ae7a,"mooneye/acceptance","mooneye/acceptance/timer/tim00_div_trigger.gb",crash,50000000
2026-07-27T00:31:27Z,8b5ae7a,"mooneye/acceptance","mooneye/acceptance/timer/tim00.gb",crash,50000000
2026-07-27T00:31:27Z,8b5ae7a,"mooneye/acceptance","mooneye/acceptance/timer/tim01_div_trigger.gb",crash,50000000
2026-07-27T00:31:27Z,8b5ae7a,"mooneye/acceptance","mooneye/acceptance/timer/tim01.gb",crash,50000000
2026-07-27T00:31:27Z,8b5ae7a,"mooneye/acceptance","mooneye/acceptance/timer/tim10_div_trigger.gb",crash,50000000
2026-07-27T00:31:27Z,8b5ae7a,"mooneye/acceptance","mooneye/acceptance/timer/tim10.gb",crash,50000000
2026-07-27T00:31:27Z,8b5ae7a,"mooneye/acceptance","mooneye/acceptance/timer/tim11_div_trigger.gb",crash,50000000
2026-07-27T00:31:27Z,8b5ae7a,"mooneye/acceptance","mooneye/acceptance/timer/tim11.gb",crash,50000000
2026-07-27T00:31:27Z,8b5ae7a,"mooneye/acceptance","mooneye/acceptance/timer/tima_reload.gb",crash,50000000
2026-07-27T00:31:27Z,8b5ae7a,"mooneye/acceptance","mooneye/acceptance/timer/tima_write_reloading.gb",crash,50000000
2026-07-27T00:31:27Z,8b5ae7a,"mooneye/acceptance","mooneye/acceptance/timer/tma_write_reloading.gb",crash,50000000
